baseline,fold,ticker,CAGR,AnnVol,Sharpe,Sortino,MaxDrawdown,Calmar,WinRate,FinalEquity,TotalReturn,Turnover,Gross_CAGR,Gross_AnnVol,Gross_Sharpe,Gross_Sortino,Gross_MaxDrawdown,Gross_Calmar,Gross_WinRate,Gross_FinalEquity,Gross_TotalReturn,test_start,test_end,params
RandomForest,0,NVDA,-0.0298497794868555,0.2349156086666639,-0.0116604544776696,-0.0149966613265174,-0.3464101587401327,-0.0861688917998735,0.4942660550458715,89936.59756772972,-0.1006340243227027,0.2400774708070593,0.012082339165865,0.2351011987878475,0.1684825228184293,0.2153416908750271,-0.3357225135371762,0.0359890644168168,0.5103926096997691,104293.07265201466,0.0429307265201466,2008-06-18,2011-12-14,"{'n_estimators': 100, 'max_depth': 8, 'min_samples_leaf': 24, 'max_features': 'sqrt'}"
RandomForest,0,AAPL,0.1256732058171501,0.1411305581991196,0.9089606610085966,1.326721335041226,-0.1679334462496243,0.7483512583332771,0.4942660550458715,151336.31358583664,0.5133631358583663,0.2324827352626498,0.172751550174335,0.1412611454825532,1.1984334361101738,1.7353696486481809,-0.1661771547054683,1.0395625709232967,0.5154994259471871,174671.09985449252,0.7467109985449252,2008-06-18,2011-12-14,"{'n_estimators': 200, 'max_depth': 7, 'min_samples_leaf': 26, 'max_features': 'sqrt'}"
RandomForest,0,MSFT,0.0547470610572751,0.1640196258797344,0.4047558379189118,0.633118127079828,-0.1727104464604547,0.3169875486935902,0.4644495412844037,120508.90320194769,0.2050890320194769,0.2631385121981111,0.1048393263789562,0.1640623126076045,0.6875773775641414,1.0456643934838674,-0.1653345604051469,0.6341041227076231,0.5156431054461182,141757.79048207134,0.4175779048207135,2008-06-18,2011-12-14,"{'n_estimators': 450, 'max_depth': 7, 'min_samples_leaf': 23, 'max_features': 0.5}"
RandomForest,0,JPM,0.1594876921556787,0.2656203661121045,0.6887731220298676,0.927526921694368,-0.2339677209486298,0.6816653660984968,0.463302752293578,167853.92481715544,0.6785392481715544,0.2182700157136176,0.2049592346096305,0.2656799943569143,0.833540365542655,1.1043091752420104,-0.2320238426988272,0.8833541942311193,0.4873271889400922,192045.10428429375,0.9204510428429376,2008-06-18,2011-12-14,"{'n_estimators': 300, 'max_depth': 4, 'min_samples_leaf': 49, 'max_features': 'log2'}"
RandomForest,0,BAC,-0.1627304352119112,0.4281240713312305,-0.1931234476000227,-0.2036394581553996,-0.6617908386598622,-0.2458940585237522,0.4908256880733945,53706.712148752624,-0.4629328785124738,0.1444199390307408,-0.1411114469709496,0.4281319614925049,-0.133615624518199,-0.1376711459164786,-0.6471178425692496,-0.218061437482075,0.5168018539976825,58719.02710355235,-0.4128097289644765,2008-06-18,2011-12-14,"{'n_estimators': 400, 'max_depth': 6, 'min_samples_leaf': 5, 'max_features': 'log2'}"
RandomForest,0,MS,0.2072196353886133,0.4520790556423379,0.618840830243264,0.9627826135296172,-0.4528984467964059,0.457541059931623,0.4564220183486238,193308.97460052455,0.9330897460052456,0.1967229320903284,0.2498380906029293,0.4520330443468572,0.6956723790058368,1.063550915843309,-0.4518422329996006,0.5529321350604034,0.476905311778291,218267.03402815628,1.1826703402815628,2008-06-18,2011-12-14,"{'n_estimators': 200, 'max_depth': 8, 'min_samples_leaf': 14, 'max_features': 'log2'}"
RandomForest,0,CAT,-0.1546023347799776,0.1896765976367437,-0.7903107125113318,-0.9691502092565186,-0.481438869261359,-0.3211255772039639,0.463302752293578,55553.78507293878,-0.4444621492706122,0.1925961563056085,-0.1253689328094142,0.1896786965981785,-0.6111887477711828,-0.7398640505094328,-0.4230063775868292,-0.296375987342366,0.4902411021814007,62573.02466654962,-0.3742697533345037,2008-06-18,2011-12-14,"{'n_estimators': 400, 'max_depth': 6, 'min_samples_leaf': 44, 'max_features': 'log2'}"
RandomForest,0,RTX,0.0358296023152391,0.1435268420252069,0.316275788275989,0.4258412482171665,-0.2351370298902649,0.1523775405854207,0.4506880733944954,113112.11265146769,0.1311211265146767,0.2103978581094026,0.0749756621872528,0.1436091901228885,0.5745331980507702,0.7488256134985518,-0.171600658465528,0.4369194317649677,0.4994232987312572,128793.8753912453,0.2879387539124529,2008-06-18,2011-12-14,"{'n_estimators': 100, 'max_depth': 7, 'min_samples_leaf': 36, 'max_features': 0.5}"
RandomForest,0,BA,-0.0274503244820584,0.1619796492885679,-0.0913725460471339,-0.1153991386666731,-0.3141109158377312,-0.0873905461351084,0.4724770642201835,90717.54242973209,-0.0928245757026791,0.2099798432348588,0.0092741372594373,0.161839165727029,0.1374200817422805,0.1701909925480879,-0.2604844925057031,0.0356034141235272,0.503448275862069,103283.75194170712,0.0328375194170713,2008-06-18,2011-12-14,"{'n_estimators': 450, 'max_depth': 4, 'min_samples_leaf': 13, 'max_features': 0.5}"
LSTM,0,NVDA,-0.0700093836591762,0.2283717052906373,-0.2035579421562924,-0.2543552696288862,-0.4401971961421547,-0.1590409577178855,0.4839449541284403,77566.64063541444,-0.2243335936458556,0.1418987004372073,-0.0464334592017783,0.2283953767997887,-0.0939421100339099,-0.1167034657105921,-0.42614499792362,-0.1089616431684616,0.4953810623556582,84669.79606874622,-0.1533020393125378,2008-06-18,2011-12-14,"{'lookback': 20, 'hidden_size': 64, 'num_layers': 1, 'dropout': 0.1827221590301234, 'lr': 0.0006612380098612828, 'epochs': 24}"
LSTM,0,AAPL,0.0605149569676679,0.1463997630919002,0.4745477411992269,0.5778419683663861,-0.1726229894173033,0.3505614007261657,0.4931192660550458,122831.22776540028,0.2283122776540027,0.2087907035258642,0.1002768732108645,0.146502844228637,0.725612922732228,0.870232364960405,-0.1636969695643801,0.6125762344759031,0.5200918484500574,139719.47531458476,0.3971947531458477,2008-06-18,2011-12-14,"{'lookback': 20, 'hidden_size': 16, 'num_layers': 1, 'dropout': 0.2088353410074963, 'lr': 0.003846366714412294, 'epochs': 10}"
LSTM,0,MSFT,0.013652683764572,0.1263728007075489,0.1698233198827875,0.2500456588748656,-0.1705763839718325,0.0800385343309104,0.4827981651376147,104860.54509299569,0.0486054509299567,0.1883646893926721,0.0479050576309003,0.1263102913211778,0.4329701024032064,0.6313997918367406,-0.1228606904496573,0.3899136286437334,0.5110081112398609,117794.97859109196,0.1779497859109196,2008-06-18,2011-12-14,"{'lookback': 20, 'hidden_size': 64, 'num_layers': 1, 'dropout': 0.0022641957948879576, 'lr': 0.0038771693045339724, 'epochs': 15}"
LSTM,0,JPM,0.0714649428549374,0.2592197929488093,0.3966663462385694,0.4756550338037976,-0.2966221920385199,0.2409291845758353,0.4965596330275229,127327.6961012034,0.273276961012034,0.0765604471032063,0.0860217013746595,0.2592519273066854,0.4487103807452715,0.5332154198167375,-0.2860358711473921,0.300737460059103,0.5092165898617511,133485.70594757417,0.3348570594757416,2008-06-18,2011-12-14,"{'lookback': 20, 'hidden_size': 16, 'num_layers': 2, 'dropout': 0.17930719522039706, 'lr': 0.00011245142267693716, 'epochs': 14}"
LSTM,0,BAC,0.0506736528010991,0.4175175578668961,0.3261965845181607,0.3853393444119433,-0.4556121140041679,0.1112210392207341,0.4942660550458715,118887.84264463972,0.1888784264463971,0.0822117363348405,0.0660506761725443,0.4174590176659157,0.3609814263555065,0.4211399750033603,-0.4522710990790538,0.1460422218157237,0.5063731170336037,125089.96611204656,0.2508996611204654,2008-06-18,2011-12-14,"{'lookback': 20, 'hidden_size': 32, 'num_layers': 2, 'dropout': 0.18306744205647635, 'lr': 0.0008128484055802077, 'epochs': 17}"
LSTM,0,MS,-0.0981809907799586,0.4679306720093394,0.0849281792273844,0.0764712134049869,-0.6799830656239892,-0.1443874057214388,0.5057339449541285,69649.47530706675,-0.3035052469293324,0.099227870692593,-0.082244358227872,0.4679288590821576,0.1223354688592143,0.1086601063312114,-0.6778961024069912,-0.1213229548537729,0.5173210161662818,74053.35179907085,-0.2594664820092914,2008-06-18,2011-12-14,"{'lookback': 20, 'hidden_size': 16, 'num_layers': 2, 'dropout': 0.13204574812188039, 'lr': 0.000161190447276092, 'epochs': 20}"
LSTM,0,CAT,-0.1847190075196597,0.1931192249599923,-0.9600553469187028,-1.150539849228841,-0.5756209386505327,-0.3209039058806809,0.4598623853211009,48930.04446712585,-0.5106995553287415,0.0731022573934319,-0.1741251851292842,0.1930958697933097,-0.8933899336950611,-1.0644379357513092,-0.5580218349534423,-0.312040092739045,0.4730195177956372,51191.726705771434,-0.4880827329422856,2008-06-18,2011-12-14,"{'lookback': 20, 'hidden_size': 16, 'num_layers': 2, 'dropout': 0.20177653262953132, 'lr': 0.00011118712004161665, 'epochs': 16}"
LSTM,0,RTX,-0.0610823720826382,0.1431736204562781,-0.3692282908587466,-0.4547561930681802,-0.2718453611407513,-0.2246952893597918,0.4564220183486238,80204.0363468141,-0.197959636531859,0.1037058555179402,-0.0437466199058631,0.1431950384057519,-0.2414192464253509,-0.2922327534193995,-0.2326044430825549,-0.188073019268754,0.4821222606689734,85507.74264616489,-0.1449225735383511,2008-06-18,2011-12-14,"{'lookback': 20, 'hidden_size': 64, 'num_layers': 2, 'dropout': 0.12958350559263473, 'lr': 0.0003124565071260876, 'epochs': 22}"
LSTM,0,BA,-0.1258795194845908,0.1668954629726431,-0.7232362378672677,-0.9027126539906332,-0.4420203300483313,-0.2847821942280957,0.4564220183486238,62445.26821674369,-0.3755473178325631,0.1620907685289343,-0.1004831752752817,0.1667113316981164,-0.5525241400851159,-0.6793148854571801,-0.3966698729832233,-0.253316881666815,0.4839080459770115,69029.14879251967,-0.3097085120748033,2008-06-18,2011-12-14,"{'lookback': 20, 'hidden_size': 64, 'num_layers': 1, 'dropout': 0.18559107120009388, 'lr': 0.00011212753267469921, 'epochs': 15}"
TCN,0,NVDA,0.026920914832101,0.2254947287193688,0.2295716194472193,0.3051510399834926,-0.2233624520420414,0.1205256952812908,0.4805045871559633,109743.67429626948,0.0974367429626947,0.2946915760584838,0.0816605724763936,0.2257163021455658,0.4596512661222136,0.6068854914292238,-0.2101418646699995,0.3885973535289173,0.4976905311778291,131618.97321698797,0.3161897321698796,2008-06-18,2011-12-14,"{'lookback': 20, 'n_channels': 32, 'n_layers': 3, 'kernel_size': 3, 'dropout': 0.15602040635334324, 'lr': 0.000848876216140871, 'epochs': 13}"
TCN,0,AAPL,-0.0683746534641247,0.1380960859400832,-0.4438987787849696,-0.5370346634910621,-0.3366679017592358,-0.2030922850287702,0.4713302752293578,78044.90121374183,-0.2195509878625816,0.3123550799375024,-0.0155688461786777,0.1379421128884343,-0.0449554358198587,-0.0529905162157834,-0.2566489390418696,-0.0606620321003462,0.5235361653272101,94656.12512093576,-0.0534387487906422,2008-06-18,2011-12-14,"{'lookback': 20, 'n_channels': 32, 'n_layers': 1, 'kernel_size': 5, 'dropout': 0.15742692948967135, 'lr': 0.0005418282319533242, 'epochs': 16}"
TCN,0,MSFT,-0.0106938337358005,0.1262223329309477,-0.0230346811502102,-0.0339531817958865,-0.3026397304615956,-0.0353351944884764,0.4541284403669725,96306.9226953082,-0.0369307730469179,0.2955834488825747,0.042266547852535,0.1261562741415681,0.3902574764893428,0.5623575909935209,-0.2006534160125475,0.210644546663945,0.5086906141367323,115591.4726412359,0.155914726412359,2008-06-18,2011-12-14,"{'lookback': 20, 'n_channels': 32, 'n_layers': 2, 'kernel_size': 2, 'dropout': 0.2598528437324805, 'lr': 0.0010502105436744284, 'epochs': 24}"
TCN,0,JPM,0.2056407948956249,0.2699820846432986,0.8251601947715375,1.1242826957277814,-0.2363991240464099,0.8698881424588251,0.5,192425.5653737872,0.924255653737872,0.3192301469755453,0.2754240768214637,0.2699923938780018,1.033698258928307,1.3749194398315576,-0.2332223882684178,1.1809504176094603,0.532258064516129,234310.16989601313,1.3431016989601314,2008-06-18,2011-12-14,"{'lookback': 20, 'n_channels': 64, 'n_layers': 2, 'kernel_size': 3, 'dropout': 0.09135313806925463, 'lr': 0.00022303539915729119, 'epochs': 26}"
TCN,0,BAC,-0.0111264375745502,0.3544303861559504,0.1493231582054042,0.1673062013129173,-0.4302015837966588,-0.0258633115116779,0.4793577981651376,96159.60741214453,-0.0384039258785546,0.2605353287670295,0.0353648637616581,0.3544864401419021,0.2789474727994906,0.3060487031837647,-0.4245850167307308,0.0832927738099772,0.5040556199304751,112934.5899233078,0.129345899233078,2008-06-18,2011-12-14,"{'lookback': 20, 'n_channels': 32, 'n_layers': 2, 'kernel_size': 2, 'dropout': 0.2598528437324805, 'lr': 0.0010502105436744284, 'epochs': 24}"
TCN,0,MS,0.1679406116901356,0.5025476113911062,0.5136686159741791,0.8759467735261119,-0.4521768610076673,0.3714047006206449,0.4793577981651376,172176.01823029274,0.7217601823029274,0.2696144174061862,0.2248898945532975,0.5024179895629999,0.6084633225429468,1.0089477751612357,-0.4486487288149232,0.5012605187745204,0.5127020785219399,203394.72290280205,1.0339472290280205,2008-06-18,2011-12-14,"{'lookback': 20, 'n_channels': 64, 'n_layers': 2, 'kernel_size': 2, 'dropout': 0.2988049595242306, 'lr': 0.00018696111364391438, 'epochs': 24}"
TCN,0,CAT,-0.100926881964329,0.1761864931266875,-0.5163757964209039,-0.6517989758519945,-0.3634698314157734,-0.2776760909459876,0.4908256880733945,68910.04668424018,-0.3108995331575982,0.3039352987758788,-0.0513903124820798,0.176198825436648,-0.2120573386924681,-0.26431993345112,-0.3506267987649768,-0.1465669842210961,0.5177956371986223,83139.31543853089,-0.168606845614691,2008-06-18,2011-12-14,"{'lookback': 20, 'n_channels': 32, 'n_layers': 1, 'kernel_size': 5, 'dropout': 0.15742692948967135, 'lr': 0.0005418282319533242, 'epochs': 16}"
TCN,0,RTX,-0.116270631682973,0.1235650916708929,-0.938346896661924,-1.1269937751165522,-0.4155915302331827,-0.2797714179057863,0.4346330275229357,64880.99587618694,-0.3511900412381306,0.3254203585289328,-0.0640405727167841,0.1236158183419481,-0.4735863892328307,-0.5539430150582219,-0.3292413422313761,-0.1945095117240144,0.4821222606689734,79323.08212284217,-0.2067691787715783,2008-06-18,2011-12-14,"{'lookback': 20, 'n_channels': 16, 'n_layers': 3, 'kernel_size': 5, 'dropout': 0.02221339552022711, 'lr': 0.0004064644058668378, 'epochs': 12}"
TCN,0,BA,-0.0405912328150765,0.1344040009431738,-0.2413393100602438,-0.3132868967888912,-0.2054614582258955,-0.1975613001366337,0.4610091743119266,86499.35911430308,-0.1350064088569692,0.3005253439172324,0.0116569599960782,0.1343466967784942,0.153153760408135,0.1967706086631942,-0.1445286938140967,0.0806549875215251,0.496551724137931,104139.73256692788,0.0413973256692787,2008-06-18,2011-12-14,"{'lookback': 20, 'n_channels': 64, 'n_layers': 2, 'kernel_size': 2, 'dropout': 0.21359334066402347, 'lr': 0.00019952374416588878, 'epochs': 20}"
TFT,0,NVDA,-0.0884816701062566,0.2550155705074601,-0.2331909737228741,-0.2787278234101429,-0.4845097990533802,-0.1826210125762766,0.4713302752293578,72306.76345123876,-0.2769323654876123,0.0420426584764322,-0.0816952043473054,0.2550232890288718,-0.2041029446530015,-0.2430475003788657,-0.4782270629882649,-0.1708293207766666,0.4757505773672055,74208.5563916742,-0.257914436083258,2008-06-18,2011-12-14,"{'d_model': 16, 'lookback': 20, 'n_heads': 2, 'lstm_layers': 2, 'dropout': 0.23253984700833435, 'lr': 0.002442046084491142, 'epochs': 24}"
TFT,0,AAPL,0.12550380382724,0.1614381385590229,0.8129000499649658,1.111160466414811,-0.1701454526418404,0.7376265535078861,0.4954128440366973,151256.61774145384,0.5125661774145385,0.0860248626761918,0.1427101802120904,0.161411905848395,0.9070449661530764,1.229818174086258,-0.1622789764283162,0.8794126223437827,0.5109070034443168,159505.74783090493,0.5950574783090494,2008-06-18,2011-12-14,"{'d_model': 32, 'lookback': 20, 'n_heads': 4, 'lstm_layers': 1, 'dropout': 0.13682099526511077, 'lr': 0.0014447746112718689, 'epochs': 13}"
TFT,0,MSFT,-0.0197595783877018,0.1457682210697672,-0.0637943742166685,-0.0759455026505909,-0.2452784529164416,-0.0805597807420664,0.5080275229357798,93253.28200643182,-0.0674671799356817,0.0686605524428816,-0.0078154236006908,0.1457773435983117,0.0192933204685868,0.0227277235673576,-0.2414449908004993,-0.0323693756278778,0.5237543453070683,97291.22028672948,-0.0270877971327051,2008-06-18,2011-12-14,"{'d_model': 16, 'lookback': 20, 'n_heads': 2, 'lstm_layers': 2, 'dropout': 0.23253984700833435, 'lr': 0.002442046084491142, 'epochs': 24}"
TFT,0,JPM,0.1171458226627626,0.2886290477681476,0.5281336192665492,0.6180923293022106,-0.3712169247565303,0.3155724183093078,0.5172018348623854,147361.66866642353,0.4736166866642353,0.084806755736633,0.1339725135632636,0.2886472137810784,0.5799280482996465,0.6723460678418317,-0.3582538158732632,0.373959767146369,0.5288018433179723,155277.61336277935,0.5527761336277934,2008-06-18,2011-12-14,"{'d_model': 24, 'lookback': 20, 'n_heads': 4, 'lstm_layers': 1, 'dropout': 0.07224238125027302, 'lr': 0.0007937357644840537, 'epochs': 25}"
TFT,0,BAC,0.0163573595015231,0.3889319845091808,0.2368057118848784,0.2891090284928935,-0.4694193268346819,0.0348459438426229,0.4942660550458715,105843.09407149012,0.0584309407149012,0.08386170075476,0.0315144242404481,0.3889127261095514,0.2748547741004598,0.3324977224685378,-0.4633992392549168,0.0680070694356751,0.5040556199304751,111471.4290243887,0.1147142902438869,2008-06-18,2011-12-14,"{'d_model': 24, 'lookback': 20, 'n_heads': 2, 'lstm_layers': 1, 'dropout': 0.07224238125027302, 'lr': 0.0001289843199496357, 'epochs': 21}"
TFT,0,MS,-0.0754960941204189,0.4856621647112532,0.0487859973102933,0.0737759555568711,-0.549958364879887,-0.1372760174979928,0.5045871559633027,75976.73495516041,-0.2402326504483959,0.0662427524714917,-0.0646280180480811,0.4856752153862199,0.0728444307563679,0.1091078948897678,-0.53444945552369,-0.1209244716785317,0.5161662817551963,79148.96667423219,-0.2085103332576781,2008-06-18,2011-12-14,"{'d_model': 16, 'lookback': 20, 'n_heads': 4, 'lstm_layers': 2, 'dropout': 0.19625079178215682, 'lr': 0.0006846665620681799, 'epochs': 10}"
TFT,0,CAT,-0.1459183571969321,0.1859217086719231,-0.7550056603373724,-0.9625535670937851,-0.5065230697564549,-0.2880784033530639,0.4782110091743119,57576.844027970576,-0.4242315597202942,0.0525276246518856,-0.1379602595774214,0.1859078703364884,-0.7052206515033854,-0.897652262128255,-0.4994834088464008,-0.276205890193735,0.4833524684270953,59476.51401424506,-0.4052348598575493,2008-06-18,2011-12-14,"{'d_model': 32, 'lookback': 20, 'n_heads': 2, 'lstm_layers': 2, 'dropout': 0.06144700972638571, 'lr': 0.00070278144758503, 'epochs': 10}"
TFT,0,RTX,-0.0169005947498808,0.1278743313640898,-0.0697745766804672,-0.0955805581064896,-0.2629659686984885,-0.064269132745685,0.466743119266055,94208.70126622672,-0.0579129873377327,0.1065266782093364,0.0017524306040799,0.1278444760039083,0.077194799535946,0.1047324168600559,-0.2480648512629151,0.0070644051148648,0.4844290657439446,100614.69545713798,0.0061469545713797,2008-06-18,2011-12-14,"{'d_model': 24, 'lookback': 20, 'n_heads': 4, 'lstm_layers': 1, 'dropout': 0.10753971856328177, 'lr': 0.0001483039268456802, 'epochs': 23}"
TFT,0,BA,0.0943893843676899,0.1558532857940868,0.6566860665684947,0.8690316706921879,-0.180348037815562,0.52337350331596,0.5045871559633027,137120.2356721863,0.3712023567218629,0.0776521065555209,0.1094840777491303,0.1558177156952668,0.7447453088918127,0.9799229880796222,-0.1638919808665354,0.6680258373244519,0.5172413793103449,143854.60177413904,0.4385460177413904,2008-06-18,2011-12-14,"{'d_model': 16, 'lookback': 20, 'n_heads': 2, 'lstm_layers': 2, 'dropout': 0.2131204105352315, 'lr': 0.00070278144758503, 'epochs': 10}"
SingleAgentA2C,0,PORTFOLIO,-0.0179178506569103,0.1574517165374226,-0.0361600535388243,-0.0457272982812452,-0.2271887411556455,-0.0788676875701111,0.5085130533484676,93867.9558312782,-0.0613204416872179,0.0481229528848576,0.0163633461280798,0.1581742191791341,0.1816333020455897,0.2292016472833051,-0.1572815071381786,0.104038589315551,0.5164585698070374,105845.27614562046,0.0584527614562047,2008-06-18,2011-12-14,{'rollout_len': 20}
SingleAgentA2C,0,NVDA,-0.1706862965716793,0.2594604417727789,-0.5907433917066489,-0.6540023797665555,-0.5963094268983242,-0.2862377968087745,0.466996699669967,5771.2971588920645,-0.4805832556997141,0.0765306122448979,-0.1593546659933737,0.2592416819468861,-0.5391669284694509,-0.5953484196643638,-0.5876552015232082,-0.2711703488377621,0.4854700854700854,6052.047309062805,-0.4553157421843475,2008-06-18,2011-12-14,
SingleAgentA2C,0,AAPL,-0.2607999312806611,0.2576826936530477,-1.0429398713698186,-1.3539961010935286,-0.6909885378968121,-0.3774301844057612,0.4673539518900343,3858.5531389359817,-0.6527302174957617,0.1354875283446712,-0.2428879727238215,0.2576308235690255,-0.9503814488530614,-1.2304690820210324,-0.66563958319196,-0.3648941241731661,0.4722222222222222,4195.831114627319,-0.6223751996835413,2008-06-18,2011-12-14,
SingleAgentA2C,0,MSFT,-0.0053118923013347,0.2004822344273973,0.0731122683931026,0.0977583338823905,-0.3048371364640458,-0.0174253450972214,0.49625,10905.905501908495,-0.0184685048282352,0.2766439909297052,0.0444627962505241,0.2003641981032478,0.3167118254270407,0.4199431332793037,-0.2540318766099922,0.175028413141972,0.51953125,12938.469403714987,0.1644622463343488,2008-06-18,2011-12-14,
SingleAgentA2C,0,JPM,-0.1870348487870844,0.4992891628683493,-0.1610150592945571,-0.1968209506566617,-0.6394144681886509,-0.2925095663176364,0.4811428571428571,5382.812391232537,-0.5155468847890716,0.1604308390022675,-0.1636673380231901,0.4993226246443174,-0.1043274860647153,-0.1271285523698523,-0.6331799393602162,-0.2584847179279944,0.4885321100917431,5944.073808051341,-0.4650333572753793,2008-06-18,2011-12-14,
SingleAgentA2C,0,BAC,-0.126180292524856,0.4496221066276094,-0.0724889765222817,-0.0788274636334066,-0.7978288104589293,-0.1581545951596737,0.4498381877022653,6930.010839164053,-0.3762990244752352,0.2108843537414966,-0.0929971650856688,0.4495283002190979,0.0102493072550201,0.0109055257840972,-0.7736160534047298,-0.1202110073548536,0.4696969696969697,7895.647412389661,-0.2893917328849305,2008-06-18,2011-12-14,
SingleAgentA2C,0,MS,0.1990689461346819,0.6635266184223377,0.5916547694722548,0.8107946940951481,-0.4606112874959182,0.4321842550079627,0.5076142131979695,20975.48614910473,0.8877937534194258,0.2579365079365079,0.2550803085918927,0.6633013417757297,0.6604519859534566,0.8914265696828962,-0.4596177288354661,0.5549836148361593,0.5282522996057819,24609.78366209277,1.2148805295883491,2008-06-18,2011-12-14,
SingleAgentA2C,0,CAT,0.1826339955095433,0.386503218143034,0.6261022654482072,0.8665260593629791,-0.5411091858321229,0.3375178250368952,0.5141884222474461,19986.361882428955,0.7987725694186059,0.2029478458049886,0.2257461659834356,0.3864236428630678,0.7188756319985665,0.9914904721631924,-0.533300064251927,0.4233004665020907,0.519406392694064,22654.756195167356,1.038928057565062,2008-06-18,2011-12-14,
SingleAgentA2C,0,RTX,-0.1357768794935414,0.2626491877646625,-0.4249636356689957,-0.5116006971566642,-0.494512976767766,-0.2745668685602667,0.4913151364764268,6667.270468021505,-0.3999456578780646,0.1133786848072562,-0.1182361009296268,0.2623458876371536,-0.3492197059505381,-0.4135168541202325,-0.484376976781268,-0.2440993412100576,0.512853470437018,7153.038949900589,-0.356226494508947,2008-06-18,2011-12-14,
SingleAgentA2C,0,BA,0.0547556171376457,0.2667733811844259,0.3327576922942882,0.4783725155013669,-0.3560172236012242,0.1538004723023672,0.5024875621890548,13390.258301589876,0.2051232471430888,0.1179138321995464,0.076928543009729,0.2667443919017104,0.4107711277725703,0.5929694485441189,-0.3287514081907027,0.2340021703119343,0.5190839694656488,14401.628290613648,0.2961465461552282,2008-06-18,2011-12-14,
SingleAgentPPO,0,PORTFOLIO,0.0348918354301686,0.1811307414438753,0.2793970049236905,0.3562859254742733,-0.2543765419643666,0.1371660891398401,0.5175936435868331,112754.10508733372,0.127541050873337,0.0616024187452758,0.072075570862476,0.1812494990114481,0.4741258413016262,0.5998254649236592,-0.1987164145770902,0.3627056728849896,0.5312145289443814,127581.85132355118,0.2758185132355117,2008-06-18,2011-12-14,"{'rollout_len': 64, 'clip_eps': 0.18638900372842315, 'gae_lambda': 0.9262106226178238}"
SingleAgentPPO,0,NVDA,-0.0109388349437962,0.3945496442289499,0.1678735104021613,0.2145078545517909,-0.4475626917291329,-0.0244408998916657,0.463458110516934,10691.496917598324,-0.0377652774161508,0.1428571428571428,0.0142825449442025,0.3946319497408235,0.2316954667879468,0.2985596265153543,-0.4373632605244758,0.0326560235696872,0.4859813084112149,11676.530588814649,0.0508877529933182,2008-06-18,2011-12-14,
SingleAgentPPO,0,AAPL,0.0927432668591021,0.2418434473428256,0.4900904958011625,0.4393967040932449,-0.4913030825001245,0.1887699673837862,0.5181644359464627,15155.524735380155,0.3639972261842139,0.1626984126984127,0.124569665476439,0.2417720914099187,0.6089419757092271,0.5315562350885653,-0.486452466369793,0.2560777755040576,0.5506958250497018,16757.520771839518,0.5081768694655566,2008-06-18,2011-12-14,
SingleAgentPPO,0,MSFT,-0.056617520194502,0.2111369798662917,-0.1708844310347154,-0.2377912750486094,-0.3144693256954437,-0.1800414716738853,0.4848116646415553,9060.763879622067,-0.184531250834014,0.213718820861678,-0.0203520162781952,0.2110905774023078,0.0076743232459548,0.0106773465032196,-0.3001138702928342,-0.0678143141412855,0.510178117048346,10339.574384571895,-0.0694383053885292,2008-06-18,2011-12-14,
SingleAgentPPO,0,JPM,-0.1498981472288393,0.4337525971053623,-0.1569452440746638,-0.1714397404506833,-0.5544871046551734,-0.2703365794630311,0.4544072948328267,6293.697425776917,-0.4335672316800775,0.1933106575963719,-0.1203950296970748,0.4337848424815378,-0.0783231775143605,-0.082260453597506,-0.5264503746712,-0.2286920771445338,0.5,7091.928559584341,-0.3617264296374093,2008-06-18,2011-12-14,
SingleAgentPPO,0,BAC,0.1495832110179105,0.6495536449823203,0.5322486816818045,0.7566829599350007,-0.6780445260367309,0.2206097170229309,0.4646706586826347,18098.764727383685,0.6288888254645315,0.2227891156462585,0.1958162365539888,0.6493190656175956,0.5929659109227567,0.8245057911843502,-0.6390274658469615,0.3064285136703094,0.491183879093199,20777.010112979493,0.8699309101681543,2008-06-18,2011-12-14,
SingleAgentPPO,0,MS,-0.066207709235583,0.5670634470246373,0.1477044057919084,0.2133400342516695,-0.8138170536463001,-0.0813545365496336,0.4678055190538764,8742.456600876032,-0.2131789059211571,0.2188208616780045,-0.0293154283416409,0.5668873425663887,0.2158414208635395,0.3062915708120455,-0.7935269172122321,-0.0369432059653754,0.5049365303244006,10012.232697474932,-0.0988990572272561,2008-06-18,2011-12-14,
SingleAgentPPO,0,CAT,0.1967287851196038,0.3310274560191132,0.7075875823987559,1.013716083671796,-0.2621022647329138,0.7505802566035565,0.4936224489795918,20832.556634727654,0.874930097125489,0.2551020408163265,0.2517220496850205,0.33115951875898,0.8431915783625744,1.2124699971193018,-0.2553559014422097,0.985769462398692,0.5194109772423026,24380.081308753015,1.1942073177877712,2008-06-18,2011-12-14,
SingleAgentPPO,0,RTX,0.1544840426718416,0.2034446836572637,0.8074847366732154,0.923847637227625,-0.2468461220421685,0.6258313535322678,0.4953271028037383,18370.25822802098,0.6533232405218881,0.1638321995464852,0.1883286548733487,0.2034129393717925,0.9496862756477104,1.073949789009571,-0.2363577086982549,0.7967950608024286,0.5288270377733598,20325.230728859744,0.829270765597377,2008-06-18,2011-12-14,
SingleAgentPPO,0,BA,-0.1816522423691936,0.2879814297784141,-0.5529705285592372,-0.8211227454701774,-0.5893164582146821,-0.3082422692206901,0.4699769053117782,5508.585937947873,-0.5042272655846913,0.1967120181405895,-0.1526864562004477,0.2878057457790481,-0.4327406428342446,-0.6430696657895122,-0.5401850839106022,-0.2826558169564648,0.479020979020979,6221.742170673589,-0.4400432046393771,2008-06-18,2011-12-14,
SingleAgentDQN,0,PORTFOLIO,-0.1313306642452291,0.1747042766751926,-0.7189268612741248,-1.003728035807837,-0.4433977752485192,-0.2961915272840957,0.4665153234960272,61092.89687236637,-0.3890710312763363,0.1012219702695893,-0.0608051678388149,0.1742424175164013,-0.2734884148324589,-0.3789399765895111,-0.3363591699163935,-0.1807745210393071,0.4937570942111237,80286.94443883799,-0.19713055561162,2008-06-18,2011-12-14,"{'rollout_len': 32, 'epsilon_decay_frac': 0.6879639408647977}"
SingleAgentDQN,0,NVDA,-0.0225420287123003,0.4455474306367203,0.170686470864924,0.2242144267235893,-0.4763175022756537,-0.0473256359562762,0.4487678339818418,10258.900436313384,-0.0766989607317956,0.3639455782312925,0.0421314827868095,0.4459054928723023,0.3145261064960253,0.404307691219783,-0.4426732663483825,0.0951751234818237,0.5080291970802919,12837.672640290368,0.155390537626133,2008-06-18,2011-12-14,
SingleAgentDQN,0,AAPL,-0.254662370122511,0.2778953911170595,-0.9143568496984644,-0.9818446205636178,-0.6690436847062584,-0.38063638585023,0.4207858048162231,3971.852926223357,-0.6425332366398979,0.3928571428571428,-0.2011069729670525,0.2779132571762563,-0.6649396874590885,-0.6715555966960701,-0.6122414229023313,-0.3284765869217156,0.485021398002853,5063.696846191093,-0.5442672838428017,2008-06-18,2011-12-14,
SingleAgentDQN,0,MSFT,0.1232331970588909,0.2328051483005234,0.6144458157530135,0.867675160075826,-0.2044367347800513,0.602793804114875,0.4477806788511749,16687.92146860769,0.501912932174692,0.5079365079365079,0.2285101713647246,0.232641563129865,1.0000197132837727,1.3586436659651326,-0.1903938031574682,1.2001975252090094,0.5207715133531158,22834.060029561835,1.0550654026605653,2008-06-18,2011-12-14,
SingleAgentDQN,0,JPM,0.0797510849227665,0.501383339405258,0.4015632274495034,0.5496038434048951,-0.4264598373132908,0.1870072582337427,0.4456264775413711,14534.170895097646,0.3080753805587881,0.4546485260770975,0.1699068810295723,0.5013434607076983,0.5615653419784639,0.7363155048708876,-0.3888098027018122,0.4369922770694083,0.4941634241245136,19243.63116417993,0.7319268047761933,2008-06-18,2011-12-14,
SingleAgentDQN,0,BAC,-0.6177967586975273,0.6345639602807903,-1.1835024507606244,-1.2734438573368776,-0.9713328114849582,-0.6360299491510529,0.4090909090909091,383.51978291365634,-0.9654832195377708,0.3968253968253968,-0.5899406277864816,0.6345398232971423,-1.0732313042514596,-1.0813000216260176,-0.9635029851532264,-0.6122872859523762,0.4660766961651917,490.5927085565499,-0.9558466562299104,2008-06-18,2011-12-14,
SingleAgentDQN,0,MS,-0.3117561833033943,0.4373215091177053,-0.6379175277143937,-0.7671398274768232,-0.8070394934927391,-0.38629606830536,0.3985915492957746,3005.077000604463,-0.7295430699455983,0.427437641723356,-0.2575803737000499,0.4367668614216372,-0.4660954708195477,-0.5214707226815047,-0.7532256779563957,-0.3419697193527718,0.4794069192751236,3917.694304599894,-0.6474075125860095,2008-06-18,2011-12-14,
SingleAgentDQN,0,CAT,-0.2234812143872403,0.3126559838304678,-0.6531015522743985,-0.8495317720033264,-0.7460531720347782,-0.2995513225655483,0.4463840399002494,4584.472521085583,-0.5873974731022975,0.3866213151927438,-0.1685216835586173,0.312271539589492,-0.4355059335421228,-0.5562329082856468,-0.7340609597515235,-0.2295745078387783,0.4979367262723521,5824.192740323305,-0.4758226533709025,2008-06-18,2011-12-14,
SingleAgentDQN,0,RTX,-0.2159699256010838,0.248317888665263,-0.8549879187083799,-1.086026100340066,-0.6916002428058372,-0.3122756648044095,0.4105534105534105,4741.5683740303775,-0.5732588463372661,0.4104308390022675,-0.1570408873664233,0.2483054513516886,-0.5634543826821262,-0.6927538413690905,-0.613488222613475,-0.25598028059516,0.4637268847795163,6110.5496202657805,-0.4500505341760797,2008-06-18,2011-12-14,
SingleAgentDQN,0,BA,-0.3170191849295563,0.3114740321784564,-1.0661306564381223,-1.283154987898928,-0.7853856046908729,-0.4036478171182355,0.4390832328106152,2925.413467490206,-0.7367127879258815,0.492063492063492,-0.255037838069708,0.3116611217818952,-0.7869830314013031,-0.921251215293787,-0.7303825346737047,-0.3491839220712542,0.4940397350993377,3964.8543848692566,-0.6431631053617669,2008-06-18,2011-12-14,
MultiAgentA2C,0,PORTFOLIO,-0.0135159096297357,0.1121265444227481,-0.0652763369160125,-0.085880711625875,-0.2215469661369935,-0.0610069723156494,0.4914869466515323,95348.81484949178,-0.0465118515050821,0.0750188964474678,0.0335521037967987,0.1118070090233667,0.3511004991983881,0.4586153296835651,-0.1600183271920195,0.2096766313307145,0.5119182746878547,112244.04614276982,0.1224404614276981,2008-06-18,2011-12-14,{'rollout_len': 20}
MultiAgentA2C,0,NVDA,-0.1340193630150387,0.4545236469065928,-0.0947171876803819,-0.1422553544475006,-0.6148553153565264,-0.2179689427216336,0.496,6714.8470632091385,-0.3956637643111775,0.3123582766439909,-0.0850216458662915,0.4548447686217975,0.0264899131791384,0.0398226214356613,-0.5447212583007095,-0.1560828489262961,0.5011467889908257,8141.330032342604,-0.2672802970891657,2008-06-18,2011-12-14,
MultiAgentA2C,0,AAPL,-0.0870698539048622,0.2044224600973619,-0.3433321776693984,-0.4581135988974966,-0.4465604551278048,-0.1949788721886333,0.4755813953488372,8077.7221285033875,-0.2730050084346951,0.2636054421768707,-0.0436077333206962,0.2044493142065697,-0.1158468468416212,-0.1531801956825913,-0.3819789538717435,-0.1141626596928644,0.5,9505.690850205072,-0.1444878234815435,2008-06-18,2011-12-14,
MultiAgentA2C,0,MSFT,0.141316753659811,0.236538582871416,0.6742777560565446,0.8938362007710562,-0.215328435136066,0.656284682376078,0.3811881188118812,17647.336383622114,0.5882602745259902,0.3321995464852608,0.2100818299263853,0.2368104393623117,0.920958997697138,1.0748967626437207,-0.2153284351360657,0.9756344060812728,0.5053995680345572,21657.537741059557,0.9491783966953602,2008-06-18,2011-12-14,
MultiAgentA2C,0,JPM,0.2819668063693781,0.3438471489965193,0.8939423872124782,1.1768488688407817,-0.3537841710665795,0.7970023235333331,0.5330296127562643,26504.903138902093,1.3854412825011884,0.1581632653061224,0.3181953057817441,0.3438884383692176,0.9749660174680792,1.2786010638252598,-0.342820025178303,0.9281701254652456,0.5431530494821634,29220.433401498143,1.629839006134833,2008-06-18,2011-12-14,
MultiAgentA2C,0,BAC,-0.115234743062327,0.4847329156094354,-0.0105826647402805,-0.0134380937274008,-0.6081911540596939,-0.1894712579969829,0.4214002642007926,7238.618723901908,-0.3485243148488283,0.3180272108843537,-0.0640273463539481,0.4844852568704567,0.1052049228386637,0.1285888761932406,-0.5966288479762922,-0.1073152037001273,0.4686131386861314,8814.111720863599,-0.2067299451222761,2008-06-18,2011-12-14,
MultiAgentA2C,0,MS,-0.1812786697714541,0.4785260157153262,-0.1524161645356468,-0.1582009477655104,-0.7896613382706446,-0.2295650818722539,0.4890929965556831,5517.392230159853,-0.5034346992856132,0.1218820861678004,-0.163496395587785,0.478594987801923,-0.107471037634732,-0.1081757916370624,-0.7761213345854746,-0.2106582931071058,0.5120192307692307,5948.327186475281,-0.4646505532172247,2008-06-18,2011-12-14,
MultiAgentA2C,0,CAT,-0.1065289381121536,0.2586239346117091,-0.306449561416118,-0.3685916428959414,-0.633509717739075,-0.1681567545519956,0.4579288025889967,7490.989855152849,-0.3258109130362436,0.3571428571428571,-0.0482979371360176,0.2582186791475731,-0.0629512604863848,-0.0753715585831559,-0.5603501147281238,-0.0861924283881895,0.5017421602787456,9343.53093684209,-0.159082215684212,2008-06-18,2011-12-14,
MultiAgentA2C,0,RTX,-0.1448463701058968,0.2989549767682265,-0.3728880723071942,-0.4871410341559617,-0.5710274254184188,-0.2536592178558868,0.4857468643101482,6425.57493806821,-0.4216982555738611,0.3304988662131519,-0.0934185885230221,0.2987556123382493,-0.1779941289723442,-0.2312610487441317,-0.5155798342219835,-0.1811913157231836,0.5,7882.814844156373,-0.2905466640259264,2008-06-18,2011-12-14,
MultiAgentA2C,0,BA,-0.037172823758104,0.2982713364523739,0.0208853273357076,0.0241854090121125,-0.4360008013347622,-0.0852586133885627,0.4352,9731.430387972245,-0.1241712650824982,0.3021541950113379,0.0156140806756022,0.2980590057681261,0.1997238578423549,0.2196804637540841,-0.4186556894056308,0.0372957565625578,0.5207547169811321,11730.269429327122,0.0557242486394409,2008-06-18,2011-12-14,
MultiAgentPPO,0,PORTFOLIO,-0.0058966957776338,0.1992215057857349,0.0688894557113408,0.0954703150789135,-0.2975793430577231,-0.0198155413512356,0.5119182746878547,97951.32398141889,-0.0204867601858113,0.0612244897959183,0.0250598167817748,0.2008778045057347,0.2226189967112049,0.3077237928601996,-0.2891826196340198,0.0866574098176775,0.5198637911464246,109049.13674973404,0.0904913674973402,2008-06-18,2011-12-14,"{'rollout_len': 16, 'clip_eps': 0.17327236865873835, 'gae_lambda': 0.9410462985795333}"
MultiAgentPPO,0,NVDA,0.193209879215076,0.5437314361168737,0.5918876785113668,0.9013437435968408,-0.7869820858867282,0.245507340865806,0.5041224970553593,20618.944619878323,0.8557050157890489,0.2448979591836734,0.2458560418033939,0.543725472552298,0.6713460300901352,1.0242426145550283,-0.774020843628372,0.3176349110327524,0.5237515225334958,23982.53074322626,1.1584277668903633,2008-06-18,2011-12-14,
MultiAgentPPO,0,AAPL,-0.0141079061198113,0.3746384705926415,0.1491892718115401,0.2062685348463125,-0.4717737543184513,-0.0299039655993419,0.5136363636363637,10572.077405580265,-0.0485130334977763,0.0963718820861678,0.0028390627277845,0.3745260133012009,0.1946247737982465,0.2688912136654891,-0.4694691138628182,0.0060473897940262,0.5136363636363637,11221.911481506451,0.0099720333355806,2008-06-18,2011-12-14,
MultiAgentPPO,0,MSFT,-0.015389507000865,0.2777368187608888,0.0804614190943304,0.0918866620566693,-0.3558850669830762,-0.0432429130317988,0.456,10524.054771117806,-0.0528350705993975,0.0941043083900226,0.0011004641335041,0.2777101910725146,0.140243677849317,0.1578811228305885,-0.3558850669830757,0.0030921896859373,0.4842105263157895,11153.965840012695,0.0038569256011427,2008-06-18,2011-12-14,
MultiAgentPPO,0,JPM,0.0081723924198524,0.3562909021292517,0.2000076973867892,0.2760103600762851,-0.3867269170428293,0.0211322048186973,0.4753722794959908,11432.186290612535,0.0288967661551282,0.0861678004535147,0.0235793836456221,0.3563886201646229,0.2426029284964136,0.3329332321883422,-0.3813795854315456,0.0618265490507081,0.482598607888631,12055.4338826823,0.0849890494414069,2008-06-18,2011-12-14,
MultiAgentPPO,0,BAC,-0.395574220310693,0.6694089327277575,-0.4064813714857884,-0.4480134791298095,-0.944521829453855,-0.4188089761137902,0.4660194174757281,1907.470887958508,-0.8283276200837343,0.2375283446712018,-0.3697171946865821,0.6695598654162629,-0.3438113198689125,-0.3694634633087637,-0.9368817286406314,-0.394625258860607,0.493411420204978,2208.6738955329756,-0.8012193494020322,2008-06-18,2011-12-14,
MultiAgentPPO,0,MS,0.1805296810791488,0.7636946414586308,0.5586505729983373,0.7972947152216545,-0.6280260245068103,0.2874557327794163,0.5098493626882966,19862.169230473926,0.7875952307426533,0.2551020408163265,0.2350286205454466,0.7635091256576008,0.6177247045219106,0.872056661610749,-0.6265623751080283,0.3751080975855346,0.5200471698113207,23260.929645388132,1.0934836680849318,2008-06-18,2011-12-14,
MultiAgentPPO,0,CAT,-0.0991759964581553,0.2639079285966348,-0.2637833008933928,-0.3049804675916052,-0.5097847900196124,-0.1945448322503695,0.4679802955665024,7708.987037707728,-0.3061911666063045,0.1757369614512471,-0.0708026770952354,0.2639424906896287,-0.1462989321509628,-0.1684120596179235,-0.465945028414135,-0.1519550006493589,0.5116279069767442,8592.812101001755,-0.2266469109098421,2008-06-18,2011-12-14,
MultiAgentPPO,0,RTX,-0.0606469962874403,0.2647308643781444,-0.1054120050391586,-0.1038307269598133,-0.4361235273344244,-0.1390592171399538,0.455470737913486,8926.030984530518,-0.1966572113922533,0.0884353741496598,-0.0458889775253787,0.2648117756421235,-0.0464700301941266,-0.0453987698393849,-0.4114963347418782,-0.1115173420783051,0.4931880108991825,9426.569774064885,-0.1516087203341604,2008-06-18,2011-12-14,
MultiAgentPPO,0,BA,-0.145843006761116,0.2890198219291756,-0.4017436473956721,-0.4862550199816659,-0.5319333754509317,-0.2741753262567548,0.4360699865410498,6399.4027535592495,-0.4240537521796675,0.1785714285714285,-0.1184731982016867,0.2889459168359604,-0.2928294621983195,-0.3398260804126419,-0.5243193284536509,-0.225956190764689,0.4865269461077844,7146.309386318561,-0.3568321552313295,2008-06-18,2011-12-14,
MultiAgentDQN,0,PORTFOLIO,-0.0919716693829284,0.1875108914702617,-0.4220011006172172,-0.5853231305659908,-0.3400666092477458,-0.2704519258341095,0.4699205448354143,71342.42966355955,-0.2865757033644045,0.1101662887377173,-0.0063288675285155,0.1883447222845449,0.0591383916198667,0.0810075382572978,-0.2728444349327417,-0.0231958827750168,0.4948921679909194,97802.36482761972,-0.0219763517238026,2008-06-18,2011-12-14,"{'rollout_len': 16, 'epsilon_decay_frac': 0.6464704583099741}"
MultiAgentDQN,0,NVDA,-0.1685627253403074,0.4749624371396215,-0.1544994915682456,-0.2117149586226301,-0.673656748838661,-0.2502204952758186,0.4681344148319815,5823.186614571797,-0.4759132046885382,0.5192743764172335,-0.0888163449211204,0.475189084509086,0.0383395695352202,0.0516345493434847,-0.6152566817501577,-0.1443565710956176,0.5112781954887218,8023.765230547885,-0.2778611292506904,2008-06-18,2011-12-14,
MultiAgentDQN,0,AAPL,0.002035977736001,0.2241864991135172,0.1211982787044808,0.1617643444447201,-0.2707826199131096,0.0075188641599463,0.4730046948356807,11190.489731284182,0.0071440758155763,0.5,0.0944296361481047,0.2241476346835108,0.5147099498249984,0.6724630774401695,-0.2631001891655097,0.3589113198573241,0.5189393939393939,15237.54311472946,0.3713788803256515,2008-06-18,2011-12-14,
MultiAgentDQN,0,MSFT,-0.0456948426277735,0.1606712062213507,-0.211349570062885,-0.2719997389728585,-0.4650074345956344,-0.0982669076409699,0.4150664697193501,9433.28463285854,-0.1510043830427314,0.3027210884353741,0.0066385751021971,0.1607831086988178,0.1209219662498996,0.1497476706938701,-0.4132517547292906,0.0160642393558518,0.4965635738831615,11371.427362222075,0.0234284625999869,2008-06-18,2011-12-14,
MultiAgentDQN,0,JPM,0.0023339343396928,0.4947672946867038,0.2476839752642338,0.3275730982713221,-0.5189536547010867,0.0044973849178058,0.404,11202.140330271544,0.008192629724439,0.7108843537414966,0.1364457011450341,0.494509512801575,0.5013976960201033,0.6143159597386859,-0.3842603121237253,0.3550866348672016,0.4842271293375394,17385.128543027226,0.5646615688724503,2008-06-18,2011-12-14,
MultiAgentDQN,0,BAC,-0.512883537146032,0.7828141448388155,-0.5276170412987483,-0.687936270150209,-0.9586199685687258,-0.5350227973153912,0.4337631887456037,896.3390486862387,-0.9193294856182386,0.373015873015873,-0.4795868333246725,0.7826149554268226,-0.4436742239321193,-0.5549824196542349,-0.9488542607016114,-0.5054378245296086,0.479328165374677,1129.734667988915,-0.8983238798809977,2008-06-18,2011-12-14,
MultiAgentDQN,0,MS,-0.1443902356328315,0.7326508608803163,0.1034937695212484,0.1441109358742136,-0.6570209546716197,-0.2197650388563299,0.3962536023054755,6437.578726528984,-0.4206179146123915,0.4784580498866213,-0.0688582058138917,0.7324347138260813,0.2187564247173812,0.2649550508447222,-0.6176673952652874,-0.1114810435870866,0.5026929982046678,8655.912582118897,-0.2209678676092992,2008-06-18,2011-12-14,
MultiAgentDQN,0,CAT,-0.1587592111539243,0.3972615409108813,-0.2369204746583477,-0.32312624553859,-0.6862630603469986,-0.2313387100766434,0.466743119266055,6067.064575190047,-0.4539641882328957,0.594671201814059,-0.0656689003739766,0.3973104224526264,0.027133965168439,0.0365312423164712,-0.6764262440020261,-0.0970821297314714,0.4957983193277311,8760.125081053746,-0.2115887427051629,2008-06-18,2011-12-14,
MultiAgentDQN,0,RTX,0.0698085511407566,0.2369166390376113,0.4025281222698448,0.5657766970532261,-0.2682316354654165,0.2602547272980304,0.4651711924439197,14071.121656799927,0.2664009491119934,0.4342403628117914,0.1549773670028933,0.23680813128752,0.7261811869014779,0.9985537120366144,-0.216928106412476,0.7144181063758192,0.5081148564294632,18397.74728668523,0.6557972558016707,2008-06-18,2011-12-14,
MultiAgentDQN,0,BA,-0.1527066054370278,0.2963822255887969,-0.4112540262568738,-0.5418773965159202,-0.479151284934874,-0.3187022767929833,0.4222503160556258,6221.224347368297,-0.4400898087368533,0.5680272108843537,-0.063213017808981,0.2958893190211678,-0.0732989742790079,-0.0936389424042487,-0.3948261391033161,-0.1601034266691237,0.4963503649635036,8840.980959246303,-0.2043117136678327,2008-06-18,2011-12-14,
GARL_DDAL,0,PORTFOLIO,0.0175361039028736,0.1377329616033685,0.1954217100058031,0.2422146260548243,-0.2581994185387084,0.0679168992793246,0.4687854710556186,106273.35636785484,0.0627335636785484,0.0776643990929705,0.0642442177913282,0.1374432230436698,0.5221233669993149,0.6386685907961375,-0.1741901855554758,0.3688165184878793,0.4903518728717366,124349.64433130952,0.2434964433130952,2008-06-18,2011-12-14,{'rollout_len': 20}
GARL_DDAL,0,NVDA,-0.2641819237285374,0.4511928074451102,-0.4592874012858324,-0.6834244905527574,-0.7684759772276468,-0.3437738218982458,0.4880273660205245,3797.117834703373,-0.6582593948766965,0.2828798185941043,-0.2264614904741637,0.4512382172331627,-0.3486565765085226,-0.5196444250477045,-0.7308923854829492,-0.3098424542000469,0.4908256880733945,4523.184242165508,-0.5929134182051042,2008-06-18,2011-12-14,
GARL_DDAL,0,AAPL,-0.1250786270554216,0.2074280495618857,-0.5403333880206352,-0.7334446175991715,-0.5128965562479009,-0.2438671609933109,0.4590163934426229,6960.638524142133,-0.373542532827208,0.2885487528344671,-0.0793558729667953,0.2073530332883289,-0.2950538018183384,-0.397028893608131,-0.4232954608717629,-0.187471589710328,0.4877450980392157,8319.145982292579,-0.2512768615936679,2008-06-18,2011-12-14,
GARL_DDAL,0,MSFT,0.0623345666525279,0.2319923580217657,0.3737717998509977,0.4954810425596144,-0.2153284351360658,0.2894859966503669,0.3770764119601329,13730.048959761889,0.2357044063785698,0.3197278911564626,0.1239553670545248,0.2319905930177278,0.6168879494115362,0.7375929149409884,-0.2153284351360657,0.575657213949461,0.5010845986984815,16725.504240202463,0.5052953816182215,2008-06-18,2011-12-14,
GARL_DDAL,0,JPM,0.3170106874985525,0.3371727970423993,0.9847539449478024,1.3485584634771677,-0.3887298671484984,0.8155038094293163,0.523972602739726,29128.62858736922,1.62157657286323,0.1366213151927437,0.3490881111409971,0.3372195946331087,1.056084070096981,1.4403591844520882,-0.3735537083037241,0.9345058110282904,0.5350978135788262,31688.274634286925,1.8519447170858232,2008-06-18,2011-12-14,
GARL_DDAL,0,BAC,0.0910211119622124,0.5228966679637171,0.4335194433489175,0.5282430017961901,-0.5633817223405031,0.161562060593794,0.417462482946794,15072.091829588046,0.3564882646629241,0.3066893424036281,0.1517590364886805,0.522729682016291,0.5371531062509736,0.6140278726391404,-0.4960198078057838,0.3059535810878376,0.4738461538461538,18218.94352935404,0.6397049176418637,2008-06-18,2011-12-14,
GARL_DDAL,0,MS,-0.1331853455161645,0.4773307808269796,-0.0349108175737695,-0.0359916966738162,-0.708979212269077,-0.1878550784160609,0.5068493150684932,6737.50883800684,-0.3936242045793844,0.1003401360544217,-0.1177011056504857,0.4773479517888672,0.0021703082297138,0.0022038546723116,-0.6977443779793219,-0.1686880028920475,0.5180863477246208,7168.240421096774,-0.3548583621012903,2008-06-18,2011-12-14,
GARL_DDAL,0,CAT,-0.0969146542935702,0.2605968529660343,-0.2611962568315142,-0.3186764693224915,-0.578612617517734,-0.1674948857999971,0.4492979719188767,7776.931493808042,-0.3000761655572762,0.3928571428571428,-0.0319939436193842,0.2602485543020353,0.0047380761307449,0.0057454259836227,-0.4944188901726698,-0.0647101966678715,0.5157894736842106,9915.868331380952,-0.1075718501757142,2008-06-18,2011-12-14,
GARL_DDAL,0,RTX,0.0370759543176288,0.2982380574296162,0.2715861970922917,0.3642743501736153,-0.3938933340845247,0.0941268894631073,0.5005753739930955,12621.020361866567,0.1358918325679909,0.3265306122448979,0.0986021643834198,0.2980996599906539,0.464936256048891,0.6175494052383698,-0.3364106240242369,0.2931006256696458,0.525323910482921,15441.840654072766,0.389765658866549,2008-06-18,2011-12-14,
GARL_DDAL,0,BA,-0.0173909790303639,0.340902420168355,0.1179281553650604,0.1505933178020748,-0.501644344974723,-0.0346679459353622,0.4644295302013422,10449.369938608725,-0.0595567055252149,0.2704081632653061,0.0306313494670291,0.3408546517018578,0.2578870293570935,0.3215260470618296,-0.4856590216135039,0.0630717192594563,0.52,12348.642296457503,0.1113778066811754,2008-06-18,2011-12-14,
GARL_DDAL_SECTOR,0,PORTFOLIO,-0.0148686624625437,0.1365073227968212,-0.0407367255771687,-0.0453517074767255,-0.2464362988494902,-0.060334709342574,0.5005675368898979,94891.97166028465,-0.0510802833971535,0.0744520030234316,0.0287800073144417,0.1359452605214214,0.2774285579000027,0.3048950047222032,-0.1660347473257802,0.1733372548697405,0.5175936435868331,110440.61222229723,0.1044061222229724,2008-06-18,2011-12-14,{'rollout_len': 20}
GARL_DDAL_SECTOR,0,NVDA,-0.4156560830868681,0.4448050640106268,-0.9765232597838396,-1.176541935647854,-0.856614574053999,-0.4852311595864421,0.4834663625997719,1694.7175865260745,-0.8474754172126533,0.2851473922902494,-0.3854337336001429,0.4447877943747796,-0.8634735393669649,-1.0383302472027174,-0.8307804290339762,-0.4639417590136562,0.4862385321100917,2021.8456777439224,-0.818033889003047,2008-06-18,2011-12-14,
GARL_DDAL_SECTOR,0,AAPL,-0.0848971341562766,0.2131118932957881,-0.3097118360445088,-0.4272845343458762,-0.4757483629485719,-0.1784496611404083,0.4728950403690888,8145.208289972865,-0.2669312539024422,0.2840136054421768,-0.0378726746071471,0.2131339183416835,-0.0746163533204733,-0.1023304230807868,-0.409934593488928,-0.0923871154293546,0.490521327014218,9706.69565377044,-0.1263973911606603,2008-06-18,2011-12-14,
GARL_DDAL_SECTOR,0,MSFT,-0.0508548600222362,0.2160800680624483,-0.1335936348058259,-0.1486517630980706,-0.3423107189725447,-0.1485634460261091,0.3825944170771757,9255.964699766497,-0.1669631770210154,0.3333333333333333,0.0066667148454604,0.215968470728765,0.1385992973763299,0.1373534045569232,-0.3382671021827269,0.0197084339637,0.5074946466809421,11372.539976844171,0.0235285979159756,2008-06-18,2011-12-14,
GARL_DDAL_SECTOR,0,JPM,0.311598293693718,0.3368624206382787,0.9731916181042404,1.3170802592394932,-0.3701650011699107,0.8417821585209517,0.5273972602739726,28711.80138515481,1.5840621246639328,0.133219954648526,0.3427212011179619,0.3369497552737962,1.0426827107620105,1.4066186522542254,-0.3549926068012231,0.965431940135777,0.5367816091954023,31167.929491624753,1.805113654246228,2008-06-18,2011-12-14,
GARL_DDAL_SECTOR,0,BAC,-0.0415969802533485,0.5299338708420185,0.1919277289252641,0.22105177315182,-0.5972286587822149,-0.069650006980856,0.4096728307254623,9575.822726690514,-0.1381759545978537,0.3282312925170068,0.0156991348887602,0.529699024083865,0.3013201781659553,0.3243423572383249,-0.5211100400219324,0.03012633356306,0.4669887278582931,11733.708084384354,0.0560337275945919,2008-06-18,2011-12-14,
GARL_DDAL_SECTOR,0,MS,-0.12287182050196,0.4655394750796287,-0.0227783170133054,-0.0235278162475068,-0.6980411913571294,-0.1760237390333269,0.5108323831242874,7022.281160393757,-0.3679946955645619,0.0810657596371882,-0.1102445121938275,0.4655687542838783,0.0079382351595163,0.0081092941488873,-0.6913546679938749,-0.1594615865019433,0.5191193511008111,7382.523773179687,-0.3355728604138281,2008-06-18,2011-12-14,
GARL_DDAL_SECTOR,0,CAT,-0.1220997601535914,0.2583467311169343,-0.3751129589210434,-0.4473887152305457,-0.6111216556357372,-0.199796160105918,0.4482200647249191,7043.938855241319,-0.3660455030282813,0.3860544217687074,-0.0601486023779693,0.2581600098920534,-0.1115943819063948,-0.1318859760422466,-0.5331070052862708,-0.1128265090901787,0.5044722719141324,8942.617621663494,-0.1951644140502855,2008-06-18,2011-12-14,
GARL_DDAL_SECTOR,0,RTX,0.0793805718683351,0.3021093668158074,0.404414099155655,0.5401572802460923,-0.3514782362105059,0.2258477586668918,0.5057471264367817,14516.722644885838,0.3065050380397254,0.3095238095238095,0.1399734027128807,0.3020027180202642,0.5853499881926176,0.7748584790151698,-0.2972070375815671,0.4709626119619246,0.5257009345794392,17574.743935649938,0.5817269542084944,2008-06-18,2011-12-14,
GARL_DDAL_SECTOR,0,BA,-0.0606625318518695,0.3358089429126725,-0.0194062761288723,-0.0246559352459016,-0.5419037218183158,-0.1119433755655361,0.4546684709066306,8925.514311652963,-0.1967037119512332,0.2687074829931973,-0.0150167011432322,0.3356902763170885,0.1217884514732689,0.1511189575213794,-0.5304873548333293,-0.028307368698638,0.5097451274362819,10538.00800743649,-0.0515792793307158,2008-06-18,2011-12-14,
GARL_DDAL_TUNED,0,PORTFOLIO,-0.0246024478968581,0.1514588471170768,-0.0883941405673092,-0.1129578475742515,-0.3049920576155067,-0.0806658641841541,0.4676503972758229,91650.70598278184,-0.0834929401721816,0.0787351977828168,0.0263251665078321,0.1511630951173467,0.2478077904596327,0.3130023679286712,-0.2193757514374964,0.1200003479661359,0.492622020431328,109521.0059856896,0.0952100598568961,2008-06-18,2011-12-14,"{'rollout_len': 20, 'staleness_epochs': 2, 'share_threshold_frac': 0.5, 'minibatch_epochs': 2}"
GARL_DDAL_TUNED,0,NVDA,-0.3547422572147839,0.430509300780615,-0.793388525862653,-0.9515305655684986,-0.7860824834930298,-0.4512786694323146,0.4925714285714285,2397.8597433734985,-0.7841926230963852,0.2568027210884354,-0.3247049503611501,0.4302328330049648,-0.6886065329957621,-0.8251098950591075,-0.7493298247522189,-0.433327140646671,0.4937142857142857,2811.803529804743,-0.7469376823175731,2008-06-18,2011-12-14,
GARL_DDAL_TUNED,0,AAPL,-0.1385957654388561,0.2122309159964453,-0.5964193736612183,-0.7774293321979782,-0.487222507059722,-0.2844609258206282,0.4495305164319249,6591.46573612801,-0.4067680837484791,0.3418367346938775,-0.0849932657709656,0.2120705759821784,-0.3125310038093937,-0.4011357641181575,-0.3949844093991052,-0.2151813179164894,0.4807453416149068,8142.213891921394,-0.2672007497270745,2008-06-18,2011-12-14,
GARL_DDAL_TUNED,0,MSFT,-0.1047025841861462,0.2191523623849874,-0.3950471482250389,-0.4374864950395826,-0.4262077710199572,-0.2456608989920164,0.3848739495798319,7544.720382583043,-0.3209751655675261,0.3860544217687074,-0.0414785502967384,0.2186905933106667,-0.0844824439280919,-0.0854298939148407,-0.3205232997414576,-0.1294088458785869,0.4915966386554621,9579.96486522523,-0.1378031621297292,2008-06-18,2011-12-14,
GARL_DDAL_TUNED,0,JPM,0.1229045595676954,0.3341804841367446,0.512628455799343,0.7231725591517317,-0.4496269324347542,0.2733478595291446,0.5108323831242874,16670.83868543067,0.5003754816887602,0.1763038548752834,0.158374400508112,0.3341789922603337,0.6056946433772638,0.8526270022906861,-0.4071839551076174,0.3889504940494381,0.5253456221198156,18587.835484213927,0.6729051935792534,2008-06-18,2011-12-14,
GARL_DDAL_TUNED,0,BAC,0.2471962981621391,0.5046232394829256,0.6839619463745845,0.998165476950682,-0.4796019831465372,0.515419674748532,0.4296977660972405,24072.951261370978,1.166565613523388,0.304421768707483,0.3163317587657912,0.5040583445318878,0.7912637443448935,1.1151847648820945,-0.4576582107853713,0.6911965115253703,0.4808823529411765,29076.106364133502,1.6168495727720154,2008-06-18,2011-12-14,
GARL_DDAL_TUNED,0,MS,-0.2162367118979578,0.4658557533813575,-0.2638960901578647,-0.2745979064679509,-0.8108815930138472,-0.2666686650195858,0.4856486796785304,4735.923735627599,-0.573766863793516,0.1264172335600907,-0.1985505364890485,0.4658744543174146,-0.2160185237937928,-0.2175224386154314,-0.8024473434753049,-0.2474312340908869,0.5102533172496985,5120.636993327815,-0.5391426706004967,2008-06-18,2011-12-14,
GARL_DDAL_TUNED,0,CAT,-0.1410032311081219,0.2681637145091646,-0.4321936094664093,-0.4792957535956708,-0.5399716945242083,-0.2611307824799331,0.4180064308681672,6527.213921456129,-0.4125507470689483,0.4444444444444444,-0.0708104616327087,0.2677822814105411,-0.1400340735918439,-0.1473705279968359,-0.4355654996227451,-0.1625713278348252,0.5019157088122606,8592.560145599147,-0.2266695868960767,2008-06-18,2011-12-14,
GARL_DDAL_TUNED,0,RTX,-0.2564049907861959,0.3110898002259619,-0.7943895656327026,-0.9893266708020372,-0.6551457063597488,-0.391370939772901,0.4708571428571428,3939.4457341833377,-0.6454498839234997,0.2936507936507936,-0.2167783317123175,0.3109176308398404,-0.6282258447250372,-0.7770823543102536,-0.5872933378647358,-0.3691142359974215,0.4826789838337182,4724.478962448284,-0.5747968933796544,2008-06-18,2011-12-14,
GARL_DDAL_TUNED,0,BA,0.1686311617288782,0.3276643094245465,0.6381824671350312,0.8017500986576855,-0.3688310735744979,0.4572043241763833,0.4837278106508875,19170.286782628573,0.7253258104365716,0.2868480725623583,0.2292988196227057,0.3275412310656515,0.7929066412057229,0.9776714657915352,-0.3656980320428171,0.6270168268115226,0.5379644588045234,22885.405749015576,1.059686517411402,2008-06-18,2011-12-14,
RandomForest,1,NVDA,-0.1012685275033524,0.105869119786688,-0.95512781566586,-1.0916740530099358,-0.3795122389371853,-0.2668386342083525,0.466743119266055,68818.44044969481,-0.3118155955030519,0.2082820578156503,-0.0676223743174856,0.1058780396702635,-0.6080353048671601,-0.6824308110801361,-0.3098380019575798,-0.2182507435829123,0.4976689976689977,78265.6959033901,-0.217343040966099,2011-12-15,2015-06-19,"{'n_estimators': 200, 'max_depth': 6, 'min_samples_leaf': 43, 'max_features': 'sqrt'}"
RandomForest,1,AAPL,0.037612230216472,0.1061318190608127,0.4007222207492487,0.510939142981442,-0.096006993824688,0.3917655237195873,0.4873853211009174,113794.8970616208,0.137948970616208,0.2478572335371807,0.0839981697232588,0.1059396753124272,0.8141557350237347,1.0206653675842965,-0.0745190315419477,1.1272042589009648,0.5269804822043628,132617.22045163403,0.3261722045163402,2011-12-15,2015-06-19,"{'n_estimators': 250, 'max_depth': 10, 'min_samples_leaf': 38, 'max_features': 'sqrt'}"
RandomForest,1,MSFT,0.047351364038531,0.068812756579242,0.7066537578641956,0.974436772870236,-0.1138286057085058,0.4159882636161702,0.4678899082568807,117577.28004792715,0.1757728004792715,0.1914430369968494,0.0832863276376469,0.0692296306485539,1.1902034429484702,1.6168599304022426,-0.1031623256777282,0.8073327844297303,0.5197215777262181,132312.6648747491,0.3231266487474911,2011-12-15,2015-06-19,"{'n_estimators': 350, 'max_depth': 10, 'min_samples_leaf': 9, 'max_features': 0.5}"
RandomForest,1,JPM,-0.0744174057354525,0.063398207638497,-1.1877198847659378,-1.138225861960242,-0.2625258449531683,-0.2834669696948418,0.4575688073394495,76287.45497450116,-0.2371254502549884,0.1173679352275293,-0.0550367588593138,0.0631980915743923,-0.8638806447558697,-0.807705035481044,-0.2141198661749708,-0.2570371439254488,0.4953810623556582,82026.12624052819,-0.1797387375947181,2011-12-15,2015-06-19,"{'n_estimators': 350, 'max_depth': 4, 'min_samples_leaf': 7, 'max_features': 'log2'}"
RandomForest,1,BAC,-0.057305226150253,0.0808750058707901,-0.6887989603960041,-0.6851957201439199,-0.1954474972006106,-0.2932001021810679,0.4821222606689734,81339.00359826196,-0.1866099640173804,0.1291872253427385,-0.0355449733571052,0.0805458448936605,-0.4086864252131362,-0.3972801588717479,-0.1563047054292075,-0.2274082105173991,0.5105882352941177,88102.23650423599,-0.1189776349576401,2011-12-15,2015-06-19,"{'n_estimators': 350, 'max_depth': 4, 'min_samples_leaf': 7, 'max_features': 'log2'}"
RandomForest,1,MS,-0.0007299108235956,0.0938471833565879,0.0392565139830995,0.0456587449046042,-0.1765911496991307,-0.0041333375134554,0.5091743119266054,99744.76421347503,-0.0025523578652495,0.1607849468322328,0.0280220132868365,0.0937930212207835,0.3416733726007443,0.3919770006444838,-0.1676449468778836,0.1671509568806053,0.5387283236994219,110156.07433566789,0.1015607433566787,2011-12-15,2015-06-19,"{'n_estimators': 200, 'max_depth': 7, 'min_samples_leaf': 26, 'max_features': 'sqrt'}"
RandomForest,1,CAT,-0.0352145509239324,0.0802436995909166,-0.4065504414293579,-0.494519126237267,-0.1693569643433996,-0.2079309289727763,0.4518348623853211,88207.92519069488,-0.1179207480930512,0.2319544722684693,0.005074091179444,0.0803599541693975,0.1032063482771921,0.1226964128149872,-0.136785815677384,0.0370951560607096,0.5069124423963134,101787.22455889912,0.0178722455889912,2011-12-15,2015-06-19,"{'n_estimators': 150, 'max_depth': 7, 'min_samples_leaf': 44, 'max_features': 'log2'}"
RandomForest,1,RTX,-0.0866837852642166,0.0608248201288188,-1.4600798073853942,-1.9320860580031385,-0.2901625845188704,-0.2987421186916648,0.4208715596330275,72807.15955988086,-0.2719284044011913,0.2326219918644248,-0.0484118440663259,0.0607626852323319,-0.7862485357647025,-1.0313019373717427,-0.1920825727217963,-0.2520366287286429,0.4775086505190311,84056.55710221065,-0.1594344289778935,2011-12-15,2015-06-19,"{'n_estimators': 450, 'max_depth': 6, 'min_samples_leaf': 50, 'max_features': 'log2'}"
RandomForest,1,BA,-0.0094945418201173,0.0691739552520377,-0.1033824062786022,-0.1145046411379157,-0.1381898779674046,-0.0687064925432298,0.4827981651376147,96716.16237459144,-0.0328383762540854,0.1736790634361679,0.0213353394559343,0.0689928696120997,0.3404064358595276,0.3681762459255069,-0.1026254631623204,0.2078951831105377,0.5379310344827586,107668.6474748524,0.076686474748524,2011-12-15,2015-06-19,"{'n_estimators': 450, 'max_depth': 4, 'min_samples_leaf': 13, 'max_features': 0.5}"
LSTM,1,NVDA,-0.0113436193673004,0.1064712044754915,-0.0540051467448237,-0.0680375004393668,-0.2156097734676064,-0.0526118050441935,0.4805045871559633,96085.71086562028,-0.0391428913437971,0.1379538756039291,0.0130165661436776,0.1064225248858285,0.1746347463065206,0.2173683646445844,-0.1736969796593808,0.0749383562638974,0.5023310023310024,104630.4074275537,0.0463040742755369,2011-12-15,2015-06-19,"{'lookback': 20, 'hidden_size': 64, 'num_layers': 1, 'dropout': 0.019515477895583853, 'lr': 0.004093813608598782, 'epochs': 30}"
LSTM,1,AAPL,-0.0287589265897802,0.106210116775398,-0.2215391601039133,-0.261081225559776,-0.2476372992155112,-0.1161332589270095,0.4954128440366973,90291.03699371964,-0.0970896300628034,0.0928873423788453,-0.012713310348022,0.1062233262938246,-0.0672580413229562,-0.0785804343109583,-0.2264819675683639,-0.0561338745177781,0.5120551090700345,95620.60496306242,-0.0437939503693758,2011-12-15,2015-06-19,"{'lookback': 20, 'hidden_size': 16, 'num_layers': 2, 'dropout': 0.13204574812188039, 'lr': 0.000161190447276092, 'epochs': 20}"
LSTM,1,MSFT,0.0775058295525421,0.0922065493924874,0.8562067331474772,0.9291248487477092,-0.118516313833448,0.6539676019747097,0.4988532110091743,129857.99695653492,0.2985799695653492,0.1017335729792252,0.0970044954948434,0.0922705622402266,1.0501038289049938,1.1043218588786825,-0.1170641431688218,0.8286439627798775,0.5359628770301624,138270.46570083755,0.3827046570083754,2011-12-15,2015-06-19,"{'lookback': 20, 'hidden_size': 32, 'num_layers': 2, 'dropout': 0.04680559213273095, 'lr': 0.00018408992080552527, 'epochs': 11}"
LSTM,1,JPM,-0.0783718557233438,0.08512039510576,-0.91598213306759,-1.04049493603482,-0.2689226143929465,-0.2914290265259276,0.4621559633027522,75152.77994359322,-0.2484722005640677,0.1020956916243494,-0.0616129929786151,0.0850617244800216,-0.7048890842564259,-0.7886332875137578,-0.2294537983056657,-0.2685202573833085,0.4907621247113164,80045.50530762994,-0.1995449469237006,2011-12-15,2015-06-19,"{'lookback': 20, 'hidden_size': 64, 'num_layers': 2, 'dropout': 0.17415432701670236, 'lr': 0.0004559394413678615, 'epochs': 23}"
LSTM,1,BAC,0.063528721573858,0.0982007314703346,0.67613679929588,0.9912983325405308,-0.1160757657546479,0.5473039196496895,0.4747706422018348,124057.2872407187,0.2405728724071869,0.1901412243029569,0.0998042861221537,0.0981124276550078,1.0186073530187163,1.4697829071092583,-0.0942976843679168,1.058395938258166,0.5117647058823529,139509.54668300285,0.3950954668300284,2011-12-15,2015-06-19,"{'lookback': 20, 'hidden_size': 64, 'num_layers': 1, 'dropout': 0.00457296496521596, 'lr': 0.004903095989485032, 'epochs': 24}"
LSTM,1,MS,-0.0810196958318103,0.1062148190758825,-0.7420870868431473,-0.8826744924896176,-0.3259493449954816,-0.2485652972640072,0.4678899082568807,74399.79047677538,-0.2560020952322462,0.097375020123464,-0.0650914440575757,0.1062002799806914,-0.5804475480575205,-0.685343588675752,-0.3187007079027912,-0.204240036007167,0.4832369942196531,79011.80260428837,-0.2098819739571162,2011-12-15,2015-06-19,"{'lookback': 20, 'hidden_size': 64, 'num_layers': 2, 'dropout': 0.18882150476478288, 'lr': 0.00048033387466678236, 'epochs': 24}"
LSTM,1,CAT,-0.0865644713887232,0.0824844066150437,-1.0561370308582028,-1.2254939740439468,-0.3352806115665196,-0.2581851392607259,0.4461009174311927,72840.45485241862,-0.2715954514758137,0.1673609886461902,-0.0591853822142047,0.0824677412597622,-0.6983622567752502,-0.7940302878427731,-0.2771947905549713,-0.2135154924654601,0.4907834101382488,80772.62517450175,-0.1922737482549824,2011-12-15,2015-06-19,"{'lookback': 20, 'hidden_size': 64, 'num_layers': 1, 'dropout': 0.019515477895583853, 'lr': 0.004093813608598782, 'epochs': 30}"
LSTM,1,RTX,-0.0462055294262062,0.0611831091913007,-0.7425759732437042,-0.975247985883004,-0.1905769968121613,-0.2424507165035656,0.4529816513761467,84740.65202674567,-0.1525934797325433,0.1807536286717207,-0.0152990996815172,0.0611748119786725,-0.221466422501433,-0.2876316117849824,-0.1073075387725938,-0.1425724590882573,0.4948096885813148,94746.9356024757,-0.0525306439752429,2011-12-15,2015-06-19,"{'lookback': 20, 'hidden_size': 64, 'num_layers': 1, 'dropout': 0.00378446359307779, 'lr': 0.004898310869883838, 'epochs': 15}"
LSTM,1,BA,-0.0439467553135568,0.0772834108123234,-0.5428529889907546,-0.6657188540458585,-0.2629948365619469,-0.1671012096209176,0.481651376146789,85445.12297072791,-0.1455487702927208,0.1129223179483489,-0.0247143260504806,0.077360662556269,-0.2848221944422299,-0.3453912294077284,-0.2441463128546308,-0.1012275211593958,0.5114942528735632,91613.91806390004,-0.0838608193609995,2011-12-15,2015-06-19,"{'lookback': 20, 'hidden_size': 16, 'num_layers': 2, 'dropout': 0.13204574812188039, 'lr': 0.000161190447276092, 'epochs': 20}"
TCN,1,NVDA,-0.021640176265866,0.095538399990406,-0.1811100665385501,-0.2266558320540546,-0.1903276798800033,-0.1136995747518678,0.4587155963302752,92628.60753408558,-0.0737139246591442,0.3145847788783025,0.0341849347476543,0.095552376077326,0.3996738813065027,0.4881754800160269,-0.1340451837733329,0.2550254607092803,0.5081585081585082,112484.76995929504,0.1248476995929503,2011-12-15,2015-06-19,"{'lookback': 20, 'n_channels': 32, 'n_layers': 1, 'kernel_size': 5, 'dropout': 0.07224238125027302, 'lr': 0.0002552426925805199, 'epochs': 26}"
TCN,1,AAPL,0.0354986081109227,0.0887763645184398,0.4369466691687081,0.6500914116773099,-0.1038421355741505,0.341851676245374,0.4495412844036697,112985.65772548718,0.1298565772548718,0.2612308767258151,0.0843122561582423,0.088883527939162,0.9548638020957622,1.4002408976269836,-0.0817794083282854,1.030971706469058,0.5086107921928817,132751.7587362649,0.327517587362649,2011-12-15,2015-06-19,"{'lookback': 20, 'n_channels': 16, 'n_layers': 1, 'kernel_size': 3, 'dropout': 0.08691488494394836, 'lr': 0.004450860563303642, 'epochs': 29}"
TCN,1,MSFT,-0.0107223284293022,0.0752692333308577,-0.1055217094789586,-0.1280743223959406,-0.1613060319814414,-0.0664719620065778,0.4403669724770642,96297.2143953084,-0.0370278560469159,0.2634912614168397,0.0363354975744787,0.0753636286818603,0.5113517092491536,0.6025902976250106,-0.0941692964910442,0.3858529152114283,0.4965197215777262,113305.58306869894,0.1330558306869893,2011-12-15,2015-06-19,"{'lookback': 20, 'n_channels': 64, 'n_layers': 1, 'kernel_size': 3, 'dropout': 0.27968710257353624, 'lr': 0.004313065816955875, 'epochs': 29}"
TCN,1,JPM,-0.0241637085982862,0.0756693276410877,-0.2854636128817598,-0.3720376731376939,-0.1295765648518058,-0.1864820897661685,0.4415137614678899,91795.07463620142,-0.0820492536379858,0.2916318949742115,0.0273599580092693,0.0755603032998288,0.394956416496544,0.5003102539303808,-0.092752688220145,0.2949775206981769,0.5115473441108545,109907.97894693028,0.0990797894693027,2011-12-15,2015-06-19,"{'lookback': 20, 'n_channels': 64, 'n_layers': 2, 'kernel_size': 3, 'dropout': 0.09548587503744241, 'lr': 0.00018703663774579684, 'epochs': 24}"
TCN,1,BAC,-0.0346404699703154,0.0795099068154046,-0.403690251135311,-0.5192604930513042,-0.2289322741881313,-0.1513131780705096,0.4461009174311927,88391.76562875857,-0.1160823437124143,0.2466222414775058,0.0083006470909452,0.0793423332237148,0.1437667469951178,0.1811757465344458,-0.1424459354088036,0.0582722635582639,0.5058823529411764,102935.49579387676,0.0293549579387675,2011-12-15,2015-06-19,"{'lookback': 20, 'n_channels': 64, 'n_layers': 2, 'kernel_size': 3, 'dropout': 0.23725073946638353, 'lr': 0.0021012804322965185, 'epochs': 24}"
TCN,1,MS,-0.0883248718360907,0.1021911405830847,-0.8534966503109757,-1.0137666935532574,-0.3266056128918899,-0.2704328044274218,0.4449541284403669,72350.30623682607,-0.2764969376317393,0.3022407969437064,-0.0383742127028278,0.1020822114856595,-0.3321295562157165,-0.3881543672706729,-0.2822538319410288,-0.1359563922974315,0.4797687861271676,87200.97754932144,-0.1279902245067855,2011-12-15,2015-06-19,"{'lookback': 20, 'n_channels': 32, 'n_layers': 1, 'kernel_size': 5, 'dropout': 0.10266824627884982, 'lr': 0.00033529741564246166, 'epochs': 29}"
TCN,1,CAT,-0.0584309496238677,0.0766642727973012,-0.7469366978242454,-0.925218248588141,-0.2705253562251876,-0.2159906577305431,0.4392201834862385,80999.55099021057,-0.1900044900978943,0.322757259370919,-0.00326030134128,0.0766764551995063,-0.0042904723546132,-0.0052066619511969,-0.123623122265969,-0.0263729088985934,0.5,98863.5373873491,-0.0113646261265089,2011-12-15,2015-06-19,"{'lookback': 20, 'n_channels': 64, 'n_layers': 2, 'kernel_size': 2, 'dropout': 0.11160109101134802, 'lr': 0.0001953755835293064, 'epochs': 20}"
TCN,1,RTX,-0.0512707434098277,0.059666413980184,-0.8522224466468519,-1.1333177974144093,-0.1922974113503817,-0.266622119610379,0.4323394495412844,83175.9992301889,-0.1682400076981109,0.2868514858289516,-0.0020028286739472,0.0593232580617941,-0.0041881584512859,-0.0054907232529197,-0.0990719166265219,-0.0202159072131156,0.5040369088811996,99300.76316080276,-0.0069923683919723,2011-12-15,2015-06-19,"{'lookback': 20, 'n_channels': 64, 'n_layers': 2, 'kernel_size': 2, 'dropout': 0.09186241908095194, 'lr': 0.00010356799582018741, 'epochs': 15}"
TCN,1,BA,-0.1113695261660896,0.0741596342039903,-1.5544896043457794,-1.694691853914332,-0.3804042502131621,-0.2927662509125041,0.430045871559633,66149.14094321485,-0.3385085905678515,0.2707637334762765,-0.067862507497581,0.0739273422623478,-0.9132975132173954,-0.9691097112909226,-0.2740542133090872,-0.2476243903648491,0.4896551724137931,78195.16815732696,-0.2180483184267304,2011-12-15,2015-06-19,"{'lookback': 20, 'n_channels': 64, 'n_layers': 2, 'kernel_size': 2, 'dropout': 0.12826230550756487, 'lr': 0.00011045524260304731, 'epochs': 12}"
TFT,1,NVDA,-0.1004548924446747,0.106109250871085,-0.9443852198309648,-1.211943942030695,-0.3323228624238538,-0.3022810158530465,0.4403669724770642,69036.74560161513,-0.3096325439838487,0.0681331772568821,-0.0895750805503859,0.1061228369811928,-0.831011667710161,-1.058949085609783,-0.3059728532798362,-0.2927549930988894,0.4557109557109557,72003.64422475916,-0.2799635577524083,2011-12-15,2015-06-19,"{'d_model': 24, 'lookback': 20, 'n_heads': 2, 'lstm_layers': 1, 'dropout': 0.09653015328007943, 'lr': 0.0004924185908787295, 'epochs': 25}"
TFT,1,AAPL,-0.0019559463872818,0.1073135172683349,0.0352660942214099,0.0482734977234716,-0.1796830348483011,-0.0108855373515542,0.4873853211009174,99317.09088320698,-0.0068290911679301,0.0630542002297984,0.0092035761715996,0.1073450904663701,0.1388725787736208,0.188701679422767,-0.1746547162126843,0.0526958353669192,0.5086107921928817,103258.48118656542,0.0325848118656542,2011-12-15,2015-06-19,"{'d_model': 32, 'lookback': 20, 'n_heads': 4, 'lstm_layers': 1, 'dropout': 0.13682099526511077, 'lr': 0.0014447746112718689, 'epochs': 13}"
TFT,1,MSFT,0.0330497061409211,0.0931263351416247,0.3955336208919353,0.5593339167552934,-0.0909523156747182,0.3633739932375124,0.4862385321100917,112053.2003065661,0.1205320030656609,0.0722235470972321,0.0462915516758919,0.0931441519299438,0.5322377113294343,0.7448261043860043,-0.0897567168887217,0.515744707254423,0.5069605568445475,117161.38989676422,0.1716138989676421,2011-12-15,2015-06-19,"{'d_model': 16, 'lookback': 20, 'n_heads': 4, 'lstm_layers': 2, 'dropout': 0.19126724140656393, 'lr': 0.002044187835249379, 'epochs': 17}"
TFT,1,JPM,0.0158903073807514,0.0919822167844297,0.2170677102085593,0.3313048018848347,-0.2130274359306105,0.0745927739839455,0.4587155963302752,105672.95658909308,0.0567295658909308,0.0658395894903238,0.0277576288842444,0.0919739415705419,0.3433632638128824,0.5207160599107575,-0.1938625910331082,0.1431819761425967,0.4745958429561201,110056.95228173771,0.1005695228173773,2011-12-15,2015-06-19,"{'d_model': 24, 'lookback': 20, 'n_heads': 2, 'lstm_layers': 1, 'dropout': 0.2982089792522442, 'lr': 0.0008241288167176946, 'epochs': 20}"
TFT,1,BAC,-0.1261330667653548,0.1298965965611777,-0.9724979514599036,-1.1018719028787811,-0.4035163742470075,-0.3125847544618947,0.4724770642201835,62381.89616456588,-0.3761810383543412,0.0806149434767436,-0.1136024484914646,0.1298244711981807,-0.8635020577663802,-0.9589839378238316,-0.3783816191909031,-0.3002324709492543,0.4988235294117647,65569.20485262654,-0.3443079514737346,2011-12-15,2015-06-19,"{'d_model': 24, 'lookback': 20, 'n_heads': 2, 'lstm_layers': 1, 'dropout': 0.1166031869068446, 'lr': 0.0002516607127550297, 'epochs': 23}"
TFT,1,MS,0.0903070785991773,0.1184359476680236,0.7891444605776198,1.124227412396652,-0.1304694278013423,0.6921704196992593,0.5011467889908257,135338.36041438545,0.3533836041438545,0.0595315819805092,0.1018065187588785,0.1184885940022505,0.8774215271291759,1.243670147542908,-0.1158934213906939,0.8784495059100352,0.5156069364161849,140400.5086916204,0.4040050869162039,2011-12-15,2015-06-19,"{'d_model': 16, 'lookback': 20, 'n_heads': 2, 'lstm_layers': 2, 'dropout': 0.23253984700833435, 'lr': 0.002442046084491142, 'epochs': 24}"
TFT,1,CAT,-0.0423469158416854,0.0803184894354014,-0.4985020093055072,-0.6210325192514047,-0.2239773356437245,-0.1890678613529259,0.4655963302752293,85946.60789924757,-0.1405339210075243,0.081667756174392,-0.0284485185765224,0.0803144233220999,-0.3191548307079073,-0.393337357588183,-0.1917040726534932,-0.1483980918232413,0.4873271889400922,90392.07669708124,-0.0960792330291876,2011-12-15,2015-06-19,"{'d_model': 24, 'lookback': 20, 'n_heads': 2, 'lstm_layers': 1, 'dropout': 0.1166031869068446, 'lr': 0.0002516607127550297, 'epochs': 23}"
TFT,1,RTX,-0.0184691530267164,0.069754377601965,-0.2323684894768358,-0.2942287220474086,-0.1616055293194408,-0.1142854028850031,0.4896788990825688,93683.65695783644,-0.0631634304216355,0.0756540765963475,-0.0052843404092889,0.0697921796706964,-0.0410266631545249,-0.0515777677454044,-0.1516909144995299,-0.0348362354246688,0.5086505190311419,98162.66545998892,-0.0183733454001108,2011-12-15,2015-06-19,"{'d_model': 16, 'lookback': 20, 'n_heads': 4, 'lstm_layers': 2, 'dropout': 0.1931568245954442, 'lr': 0.0007772666427664975, 'epochs': 10}"
TFT,1,BA,0.0066960489028786,0.0833624039828889,0.1217061478418051,0.1607106151430577,-0.1408631817492126,0.0475358345575358,0.485091743119266,102363.29906504392,0.0236329906504391,0.0795628437346983,0.0209234666091664,0.08336683048664,0.2900506419308533,0.380635633129888,-0.126284292839294,0.1656854240439314,0.4977011494252873,107516.7560797104,0.075167560797104,2011-12-15,2015-06-19,"{'d_model': 16, 'lookback': 20, 'n_heads': 4, 'lstm_layers': 2, 'dropout': 0.2406495260743038, 'lr': 0.0005909994641910849, 'epochs': 11}"
SingleAgentA2C,1,PORTFOLIO,-0.060660044875016,0.0515614267147731,-1.1877382880544909,-1.71827881017957,-0.2449055891071755,-0.2476874664075961,0.4642451759364359,80330.37318597928,-0.1966962681402072,0.0590199042579994,-0.0246070416194232,0.0515636559666318,-0.4573984529588031,-0.6654091068759219,-0.1571417658385145,-0.1565913523252023,0.4869466515323496,91649.1952613036,-0.083508047386964,2011-12-15,2015-06-19,{'rollout_len': 20}
SingleAgentA2C,1,NVDA,0.0331437641717355,0.1761725097277434,0.2730635200888683,0.3547063542249586,-0.2695101161805255,0.1229778111539789,0.4937027707808564,12454.323609964378,0.120889124896794,0.2148526077097505,0.073031179707818,0.1762501544440449,0.4879784980639713,0.6261126609300068,-0.2552172561629879,0.2861529851303571,0.5299600532623169,14220.035693874725,0.2798032124487251,2011-12-15,2015-06-19,
SingleAgentA2C,1,AAPL,-0.1576606119320707,0.2318598578679874,-0.623387919952517,-0.852395855379561,-0.5591520907670284,-0.2819637349755708,0.4699205448354143,6094.84087922962,-0.4514643208693342,0.2454648526077097,-0.1203677881966448,0.2318927515506282,-0.4365752436841815,-0.5952449189795151,-0.5189739949624059,-0.2319341419127642,0.4789053591790194,7092.697322736231,-0.3616572409537392,2011-12-15,2015-06-19,
SingleAgentA2C,1,MSFT,-0.0715302121705816,0.1451814178902854,-0.4375433026643787,-0.3748220133269201,-0.2814979412421288,-0.254105631660927,0.4276169265033407,8569.287392333841,-0.2287641346899542,0.1972789115646258,-0.0386388117096422,0.145169047223702,-0.1978600646524264,-0.1623725291769609,-0.2405680596108612,-0.1606148869976492,0.4746987951807229,9679.66969706436,-0.1288297272642076,2011-12-15,2015-06-19,
SingleAgentA2C,1,JPM,0.0390957205312312,0.1666239771489747,0.3130238391416308,0.4867264118240106,-0.2354544517735998,0.1660436667760418,0.4830409356725146,12707.26062241601,0.1436534560174409,0.2233560090702948,0.0808655125557544,0.1665242701305492,0.5498134112729738,0.8551606578964966,-0.1883733992879436,0.429283077448452,0.5071942446043165,14586.741958260309,0.3128067762434277,2011-12-15,2015-06-19,
SingleAgentA2C,1,BAC,-0.0807868209659226,0.1753594140393586,-0.3929513309512267,-0.5185572775183279,-0.4597979342851627,-0.1757007044660172,0.4564643799472295,8273.977560544243,-0.2553420195510182,0.223922902494331,-0.0437592851608673,0.1754820535082,-0.1675824652930621,-0.21903499489053,-0.4014886769525623,-0.1089925760622078,0.4992867332382311,9500.41987634186,-0.1449622111292327,2011-12-15,2015-06-19,
SingleAgentA2C,1,MS,-0.2543560715452796,0.2758019828332537,-0.9252382592122064,-1.3080072419318782,-0.7381154076785377,-0.3446020349924143,0.4702517162471396,3977.568715589827,-0.6420188155969155,0.1689342403628118,-0.2318424795772377,0.276123688271997,-0.8162376357290302,-1.152991251783371,-0.7198157336977992,-0.3220858738197188,0.4736842105263157,4414.011844092582,-0.6027389340316677,2011-12-15,2015-06-19,
SingleAgentA2C,1,CAT,-0.0727104975790027,0.1649013765770081,-0.3753091010552506,-0.5050631443065295,-0.377237252506046,-0.1927447437812027,0.4665012406947891,8531.220992750032,-0.2321901106524971,0.2930839002267573,-0.0235081980262036,0.1649861896906247,-0.0617566077803014,-0.0828348272209523,-0.3076835653055885,-0.0764038144281626,0.4929214929214929,10223.452795062483,-0.0798892484443763,2011-12-15,2015-06-19,
SingleAgentA2C,1,RTX,-0.0541095912959174,0.0987807393351218,-0.5137402634349867,-0.659246060346414,-0.2487351502270965,-0.2175389817101244,0.4508426966292135,9145.350753506718,-0.1769184321843954,0.213718820861678,-0.017740925148325,0.0985605512821248,-0.1323820015066677,-0.1692252999903548,-0.2011569231511325,-0.0881944547093513,0.4902255639097744,10436.350710484245,-0.0607284360564182,2011-12-15,2015-06-19,
SingleAgentA2C,1,BA,-0.0139889513995714,0.0963367243938244,-0.0981265413360062,-0.1240430470212505,-0.2569132316218488,-0.054450100959229,0.4730878186968839,10576.542659644609,-0.0481111606319853,0.1349206349206349,0.0097724354335479,0.0962139049024253,0.1491136904394813,0.1874920722739394,-0.2314455367568014,0.0422234775856433,0.5214723926380368,11495.815363386811,0.034623382704813,2011-12-15,2015-06-19,
SingleAgentPPO,1,PORTFOLIO,-0.0928948891791755,0.0595689208112909,-1.606637556310681,-2.2957577814069117,-0.2970181564860232,-0.3127582848072349,0.456299659477866,71088.87615229498,-0.2891112384770502,0.0684051398337112,-0.0601977731810788,0.0598127192234348,-1.008003125437754,-1.4379825822231982,-0.2062091314115605,-0.2919258364991303,0.474460839954597,80468.8220754667,-0.195311779245333,2011-12-15,2015-06-19,"{'rollout_len': 32, 'clip_eps': 0.21973169683940733, 'gae_lambda': 0.9140416776398192}"
SingleAgentPPO,1,NVDA,-0.1682372537983423,0.1808399398473687,-0.926990403881754,-0.9901493023220648,-0.5140561663560671,-0.3272740700513468,0.4230769230769231,5831.16885458203,-0.4751948030876173,0.1655328798185941,-0.1435568390706848,0.1807294662469781,-0.7659895851619553,-0.7851091758305939,-0.4643290604642582,-0.3091704812254264,0.4711388455538221,6459.552026258347,-0.4186403176367488,2011-12-15,2015-06-19,
SingleAgentPPO,1,AAPL,-0.2163686130575302,0.2064642361476181,-1.0769738322798124,-1.397618924526399,-0.6892514042145268,-0.3139182767485321,0.4567126725219573,4733.134757690416,-0.5740178718078626,0.2227891156462585,-0.1849308474756292,0.2064850068204823,-0.8865369086665617,-1.1444030143467967,-0.6549337757878955,-0.282365720493121,0.4862023653088042,5431.728948516216,-0.5111443946335406,2011-12-15,2015-06-19,
SingleAgentPPO,1,MSFT,-0.1548705189606922,0.1293594803064571,-1.234588586131245,-1.1248909365782596,-0.4623484686641143,-0.3349649224710684,0.439469320066335,6165.792020700761,-0.4450787181369315,0.1575963718820861,-0.1310363801451821,0.1294164539662505,-1.0192346788347344,-0.885842085739187,-0.4116998861582482,-0.3182813125549777,0.4908424908424908,6796.151813737798,-0.3883463367635982,2011-12-15,2015-06-19,
SingleAgentPPO,1,JPM,-0.1263749266273515,0.1373934162162402,-0.9141673219945192,-1.0569004124077317,-0.4590320570626114,-0.275307409761393,0.4217585692995529,6924.609789903557,-0.3767851189086799,0.1564625850340136,-0.1019159326548827,0.1374050868373759,-0.7132237504282947,-0.8030211506593675,-0.4362207184765928,-0.233633865467927,0.4692556634304207,7627.232088902698,-0.3135491119987572,2011-12-15,2015-06-19,
SingleAgentPPO,1,BAC,0.0008113621218044,0.216418743348346,0.1124231531210125,0.1338879679655363,-0.3207314915543316,0.0025297239066622,0.468371467025572,11142.69609660546,0.0028426486944912,0.2715419501133786,0.0499315174414141,0.2163702109467374,0.3338281975400429,0.3903272527215714,-0.3103618269258646,0.1608816326929958,0.502127659574468,13177.131968868413,0.1859418771981571,2011-12-15,2015-06-19,
SingleAgentPPO,1,MS,-0.2058140701696893,0.2132526634244559,-0.9730495195210748,-1.0536005084933662,-0.6444097434944558,-0.31938385824773,0.4333333333333333,4960.039679308149,-0.5535964288622666,0.227891156462585,-0.1731422473388605,0.2129008931178776,-0.7858370119148527,-0.8378807076107467,-0.601138286754185,-0.2880239890786745,0.4896810506566604,5711.6988361654685,-0.4859471047451078,2011-12-15,2015-06-19,
SingleAgentPPO,1,CAT,0.0256211475498182,0.1142705894449702,0.2780797353799775,0.4064705197719033,-0.114509877541306,0.2237461789318235,0.4774535809018567,12139.809601641318,0.0925828641477186,0.1666666666666666,0.0562205199255165,0.1142505954778868,0.5354574741486754,0.7786621068242308,-0.1078483235167736,0.5212924790321158,0.5162659123055162,13455.461333684189,0.2109915200315768,2011-12-15,2015-06-19,
SingleAgentPPO,1,RTX,-0.0260147164185791,0.1047614936463596,-0.1993565746103191,-0.2822749652400462,-0.2127665742039765,-0.1222688127395384,0.4881987577639751,10131.89949122773,-0.0881290457895043,0.1853741496598639,0.0063819762155663,0.1045889262169348,0.1129670979802824,0.1615128559357298,-0.1894770401508284,0.0336820556753796,0.5168831168831168,11361.285310066194,0.0225156779059574,2011-12-15,2015-06-19,
SingleAgentPPO,1,BA,-0.0566484002460286,0.1538614107627556,-0.3022957795920818,-0.4254355924059959,-0.3780891026570612,-0.1498281750199253,0.4573748308525033,9059.725860635564,-0.1846246725427992,0.2307256235827664,-0.0174122097880996,0.1535825589049452,-0.037840593079724,-0.0536289236108371,-0.3389286185332064,-0.0513742683148301,0.4906204906204906,10448.579749267394,-0.0596278225659345,2011-12-15,2015-06-19,
SingleAgentDQN,1,PORTFOLIO,-0.0121420643704018,0.0733999317609314,-0.1298097302337081,-0.1959783032173642,-0.1784386007300558,-0.0680461756633619,0.4914869466515323,95814.38698640728,-0.0418561301359272,0.1121819098009574,0.0753570866381712,0.0744180287548851,1.0135317398899235,1.544898557240645,-0.1604771616289332,0.4695813776443607,0.52894438138479,128953.89225943472,0.2895389225943472,2011-12-15,2015-06-19,"{'rollout_len': 32, 'epsilon_decay_frac': 0.6879639408647977}"
SingleAgentDQN,1,NVDA,0.271834241376534,0.2110913840569503,1.2443791206831465,1.9521039849358417,-0.1918819910397309,1.4166740708889571,0.4730538922155688,25778.89436570588,1.3201004929135292,0.5674603174603174,0.4055222415342683,0.2113242910944836,1.7166872251064476,2.6857946511691217,-0.1545789195882159,2.623399378224033,0.5376623376623376,36575.43661044605,2.2917892949401444,2011-12-15,2015-06-19,
SingleAgentDQN,1,AAPL,-0.2245231125823856,0.1712863977255349,-1.3964899314475945,-1.5375360683428054,-0.6185293622061618,-0.3629950755798557,0.427536231884058,4562.979264709894,-0.5893318661761096,0.3764172335600907,-0.1712328661352399,0.1713144998957494,-1.0086696101193535,-1.0716344275716012,-0.5328751543070414,-0.3213376806015916,0.4758800521512386,5757.995363313842,-0.4817804173017542,2011-12-15,2015-06-19,
SingleAgentDQN,1,MSFT,0.1176430126513652,0.1745450422412943,0.7227945138292114,1.12346993584097,-0.155599488018291,0.7560629803456426,0.4359313077939233,16399.037770972125,0.4759133993874913,0.4705215419501133,0.2142881599061914,0.1746860291283248,1.1973493243380438,1.7666126683427716,-0.1489341836892899,1.4388111217854769,0.5338582677165354,21922.17558575067,0.9729958027175604,2011-12-15,2015-06-19,
SingleAgentDQN,1,JPM,-0.0537862534723776,0.1403609952025926,-0.3233852477224783,-0.3823362424789258,-0.2914235290949213,-0.1845638670268748,0.4805653710247349,9156.297111894315,-0.1759332599295114,0.2743764172335601,-0.0068337458362508,0.1402134302393402,0.0214624575598726,0.024753672577878,-0.2485680356571649,-0.0274924562129791,0.523989898989899,10847.616721313549,-0.0237144950817808,2011-12-15,2015-06-19,
SingleAgentDQN,1,BAC,-0.1895712148156807,0.2092888340155017,-0.8985491142991073,-1.0557178856108915,-0.6406118168944448,-0.2959221322745547,0.4596871239470517,5324.262925727768,-0.5208163366845009,0.5521541950113379,-0.1066185749069663,0.2093936715956933,-0.4329466871967612,-0.4924212607070881,-0.5216577662136055,-0.2043841418883597,0.5254010695187166,7488.359837777673,-0.3260476146000094,2011-12-15,2015-06-19,
SingleAgentDQN,1,MS,-0.1077017196407155,0.2272711731484687,-0.387778467789588,-0.4970765269898538,-0.5385247671008032,-0.1999939951147232,0.4198174706649283,7456.631593159649,-0.3289031566156316,0.5277777777777778,-0.0206614944181056,0.227535407793946,0.0218389425712792,0.0271067080527879,-0.5096299309798067,-0.0405421525740886,0.496206373292868,10328.146676635784,-0.0704667991027794,2011-12-15,2015-06-19,
SingleAgentDQN,1,CAT,-0.0463164024404133,0.1553151878424069,-0.2279724052919094,-0.3139002536417907,-0.2619725610245584,-0.1767986779198278,0.3976833976833976,9411.797769173823,-0.1529382007743559,0.5192743764172335,0.0451954303158348,0.1551707106298571,0.3621329232888717,0.4763059248912727,-0.1902499929755408,0.2375581181842425,0.4977238239757208,12970.261988624974,0.1673235789762477,2011-12-15,2015-06-19,
SingleAgentDQN,1,RTX,-0.1120299008770555,0.1320618476655651,-0.8335110438651137,-1.1146249885163415,-0.4034554791506494,-0.2776759931799658,0.413151364764268,7330.805334516761,-0.3402275198934915,0.4909297052154195,-0.0316557005453116,0.1319001319575511,-0.1779756256046483,-0.232412975287559,-0.2592401070226214,-0.1221095798365387,0.4865629420084865,9928.000524531186,-0.1064799527921932,2011-12-15,2015-06-19,
SingleAgentDQN,1,BA,-0.018890046088501,0.0875302320852615,-0.1741471736650555,-0.2130352032653782,-0.166598634417875,-0.1133865601870401,0.4039039039039039,10393.680850547064,-0.0645687234507642,0.3792517006802721,0.0489917874284748,0.087507581580807,0.5903129367642721,0.7075074493031587,-0.1351643089986094,0.3624609765065932,0.5358490566037736,13135.89895104097,0.1822309055936872,2011-12-15,2015-06-19,
MultiAgentA2C,1,PORTFOLIO,-0.0153078436011317,0.0554936652637898,-0.2502774331182177,-0.3907939867879465,-0.1304703866979271,-0.1173281078454488,0.4755959137343927,94743.99097596566,-0.0525600902403434,0.0805618543713781,0.0336630409138847,0.0554672353301834,0.6246232219851837,0.9841326175636016,-0.1009518769542607,0.3334563153207815,0.5107832009080591,112286.21910692412,0.1228621910692411,2011-12-15,2015-06-19,{'rollout_len': 20}
MultiAgentA2C,1,NVDA,0.0104950063457323,0.2130036575844562,0.1549280810344367,0.2325165812812634,-0.3813551913010092,0.0275202923288605,0.4778443113772455,11524.632658716142,0.0372169392844528,0.1893424036281179,0.0448466065025765,0.2128559705488893,0.3119491915197421,0.4687541834955581,-0.356096141503635,0.1259396024714262,0.5012437810945274,12955.11786202606,0.1659606075823454,2011-12-15,2015-06-19,
MultiAgentA2C,1,AAPL,-0.1440707302076977,0.1439949646851681,-1.0078366650226682,-1.209645122427788,-0.4269185358487558,-0.3374665612053388,0.4506329113924051,6445.996472445879,-0.4198603174798709,0.296485260770975,-0.0980958365434849,0.1440586373336229,-0.6443445995771062,-0.7567721200701618,-0.334847286415737,-0.2929569404414761,0.4939106901217862,7741.388477632868,-0.3032750370130419,2011-12-15,2015-06-19,
MultiAgentA2C,1,MSFT,0.1098985033952093,0.1308224560354027,0.8615950077548173,1.280990339505953,-0.1312884389439308,0.8370767775077557,0.3823529411764705,16004.750962422786,0.4404275866180507,0.369047619047619,0.1845237725408779,0.1307919302809201,1.3595332268619844,1.8692252932775817,-0.1067795532674481,1.728081518366215,0.5130260521042084,20098.364789511517,0.8088528310560366,2011-12-15,2015-06-19,
MultiAgentA2C,1,JPM,-0.0272117331052977,0.1289404647672576,-0.1496324777907934,-0.2210238761766624,-0.2070564730361226,-0.1314217938047775,0.4754285714285714,10088.384445338748,-0.0920453999195126,0.187641723356009,0.0055183540579315,0.1290263393399265,0.1070038787429694,0.1582011661228888,-0.2048227810017124,0.0269420912602754,0.4849884526558891,11327.198173001032,0.0194478355700928,2011-12-15,2015-06-19,
MultiAgentA2C,1,BAC,-0.1238625199641388,0.1973399685508728,-0.5711413759205751,-0.7143496552975588,-0.4114833645214146,-0.3010146475986947,0.4234234234234234,6994.559969977379,-0.3704896027020359,0.369047619047619,-0.0647785683284078,0.1966905803074281,-0.2420503365634259,-0.2932105155433091,-0.4007368711384705,-0.1616486352862307,0.4825581395348837,8789.376490302375,-0.2089561158727862,2011-12-15,2015-06-19,
MultiAgentA2C,1,MS,-0.2350286339482561,0.1797386386789794,-1.3997132032990582,-1.7575239605219986,-0.6308617820139154,-0.3725517072820111,0.4240583232077764,4350.264044586744,-0.6084762359871931,0.242063492063492,-0.2016251456991032,0.1797652699852093,-1.1619738658037375,-1.4362447070573503,-0.5715907466622578,-0.3527438939074354,0.4650856389986825,5052.210827295299,-0.5453010255434231,2011-12-15,2015-06-19,
MultiAgentA2C,1,CAT,0.0493062646882984,0.129957136574835,0.4349637929673312,0.5571319057890867,-0.1607746285671126,0.3066793879590049,0.4625550660792951,13149.687156370306,0.1834718440733276,0.2607709750566893,0.098764325133182,0.1294346634089426,0.7921112192630787,0.985655008819719,-0.147080110708914,0.6715002093562895,0.5186385737439222,15449.819728823104,0.3904837755940793,2011-12-15,2015-06-19,
MultiAgentA2C,1,RTX,0.0229223014052735,0.1645587233953934,0.2198228291400651,0.3475035161465696,-0.2539560201753095,0.0902609097018055,0.4891428571428571,12028.369347709237,0.0825532412938312,0.2732426303854875,0.073452892553858,0.1644138210659424,0.5131792667394584,0.8159746126466003,-0.2219600438394805,0.3309284467747648,0.5052023121387283,14239.605501758766,0.2815644951582889,2011-12-15,2015-06-19,
MultiAgentA2C,1,BA,0.071677470752826,0.1717065793998864,0.4887019755675558,0.7015554801674129,-0.1689289668573401,0.4243053875618465,0.4695652173913043,14157.345918398432,0.2741611326558588,0.2607709750566893,0.1221784097255862,0.1713426745804405,0.7582077546576479,1.0766829538027365,-0.1347158795989076,0.9069339864710124,0.5224489795918368,16633.13725657308,0.4969823530915773,2011-12-15,2015-06-19,
MultiAgentPPO,1,PORTFOLIO,-0.0053631404050357,0.0596832729203416,-0.060324340347608,-0.095557565087414,-0.1668756682948901,-0.0321385403865971,0.4880817253121453,98135.45106898686,-0.0186454893101313,0.0891912320483749,0.0491477026721582,0.0596629926993885,0.8339890234073195,1.33229472234794,-0.064533393583647,0.7615855906981536,0.5164585698070374,118284.60364734483,0.1828460364734483,2011-12-15,2015-06-19,"{'rollout_len': 64, 'clip_eps': 0.22022300234864176, 'gae_lambda': 0.963726532001644}"
MultiAgentPPO,1,NVDA,0.065045666736049,0.191190959227754,0.4250138917659881,0.5924813936440331,-0.2768431895695521,0.2349549101684058,0.4673123486682808,13853.07848160534,0.2467770633444805,0.4552154195011338,0.1541497755490044,0.1908125390695558,0.8466886633323818,1.1628556227296578,-0.2590531264926807,0.5950508207950919,0.5200534759358288,18351.648850445305,0.6516483965400774,2011-12-15,2015-06-19,
MultiAgentPPO,1,AAPL,-0.0287977806537604,0.1345205939938625,-0.1497446930005083,-0.1752488313778976,-0.2327828651565936,-0.1237109124607953,0.4548022598870056,10030.932826911892,-0.0972160455779297,0.3078231292517007,0.02539410999292,0.1345654012625854,0.2538264266272417,0.2894484457271247,-0.1995891196697199,0.127231935462926,0.5030581039755352,12130.406514050464,0.0917365862645416,2011-12-15,2015-06-19,
MultiAgentPPO,1,MSFT,0.0015514437245314,0.126003165790065,0.0742456157968413,0.1095580966637643,-0.2603973975107816,0.0059579847546947,0.4600870827285921,11171.562130370416,0.0054405917333373,0.1831065759637188,0.0344514323557982,0.1258289411044562,0.3310461192060342,0.4854344445793572,-0.2165720123773395,0.1590761058071186,0.5086887835703001,12509.583752149145,0.1258625376934228,2011-12-15,2015-06-19,
MultiAgentPPO,1,JPM,-0.0142459761261889,0.1308625915942617,-0.0443097513363607,-0.0512513131363141,-0.1884270923730294,-0.075604712394469,0.4516666666666666,10566.89630155702,-0.0489793328598681,0.1882086167800453,0.0190447671376232,0.1307651097482469,0.2095475709077196,0.2359637038446115,-0.1726067555313825,0.1103361631414283,0.5074626865671642,11869.540639538463,0.0682586575584616,2011-12-15,2015-06-19,
MultiAgentPPO,1,BAC,0.0947064302997595,0.2037773759876478,0.5452665817644754,0.8049876474572284,-0.2356546388829333,0.4018865520691365,0.503052503052503,15251.03551914661,0.3725931967231948,0.1717687074829932,0.1284143621473281,0.2035806060868638,0.6946290020640811,1.0182924266644249,-0.2111303597517893,0.60822310111296,0.5247776365946633,16958.89723081413,0.5263007507732718,2011-12-15,2015-06-19,
MultiAgentPPO,1,MS,-0.1302410782716907,0.2231159145973799,-0.5136170386696141,-0.6566530220195125,-0.4800078242151245,-0.2713311569132272,0.4471968709256845,6817.9468863091315,-0.3863847802321781,0.2551020408163265,-0.0902157779130963,0.2232606765553049,-0.311725900007872,-0.3946264719142817,-0.4531447515115417,-0.1990882110234448,0.5051244509516838,7980.716680714796,-0.2817354987356684,2011-12-15,2015-06-19,
MultiAgentPPO,1,CAT,-0.0502761885902607,0.1762561832126867,-0.2048147618477796,-0.2621314710263964,-0.4188702093033245,-0.1200280838159423,0.4113372093023256,9275.730759198786,-0.1651842316721092,0.3208616780045351,0.0050567547419653,0.1761517899981754,0.116377652542204,0.1443146790206216,-0.3253062456175073,0.0155445977754482,0.4891122278056951,11309.008852697483,0.0178107967427734,2011-12-15,2015-06-19,
MultiAgentPPO,1,RTX,-0.0728013032140556,0.1183054316260929,-0.5797888521947594,-0.7477002833972868,-0.3296206760542313,-0.2208638853773782,0.4376854599406528,8528.297355196524,-0.2324532380323128,0.4399092970521542,0.0020618023710561,0.1180380231797522,0.0763129485435769,0.1001738063179754,-0.2321383470934076,0.0088817827682149,0.5091514143094842,11191.499174761637,0.0072349257285471,2011-12-15,2015-06-19,
MultiAgentPPO,1,BA,0.037520621168289,0.1620028068606856,0.3082237958710089,0.3941858617977113,-0.2303981625462406,0.1628512170133244,0.4629898403483309,12639.970808691138,0.1375973727822024,0.3798185941043084,0.1094733148719793,0.1615979192845296,0.7236053569877426,0.9131000516483172,-0.1723765300254215,0.6350824840007775,0.5101088646967341,15983.301952173408,0.4384971756956066,2011-12-15,2015-06-19,
MultiAgentDQN,1,PORTFOLIO,-0.1288839915916252,0.0598275926820469,-2.2757677102417286,-3.2997019906106644,-0.3865136732285119,-0.3334526059972717,0.4290578887627695,61697.27484852903,-0.3830272515147097,0.1209372637944066,-0.0348041873892892,0.0598783434126894,-0.5616545247258778,-0.8313896393448751,-0.1493855216587918,-0.2329823332463552,0.4880817253121453,88339.30982012695,-0.1166069017987305,2011-12-15,2015-06-19,"{'rollout_len': 32, 'epsilon_decay_frac': 0.6879639408647977}"
MultiAgentDQN,1,NVDA,-0.2065329573278393,0.1953681739898243,-1.0856909125050291,-1.3485227497258,-0.59219247750976,-0.3487598461168151,0.4111801242236025,4944.3432712985905,-0.5550091055831269,0.6281179138321995,-0.1135000784081372,0.1954703199775056,-0.5182855949952511,-0.6213976030166785,-0.4055223519773084,-0.2798861218246443,0.4956395348837209,7288.412526997224,-0.3440428725702499,2011-12-15,2015-06-19,
MultiAgentDQN,1,AAPL,-0.0700710881838008,0.1601884174862677,-0.3732502670210216,-0.4690986904096703,-0.4435158752060685,-0.1579900339559301,0.417391304347826,8616.514368794762,-0.2245137068084713,0.4478458049886621,0.0064312399879153,0.1599377643809995,0.1201069082959981,0.1417066967294746,-0.3683952657233007,0.0174574447239119,0.5176470588235295,11363.231955695452,0.0226908760125905,2011-12-15,2015-06-19,
MultiAgentDQN,1,MSFT,-0.2087765336626889,0.1895574111549512,-1.1386662212287282,-1.251715173598829,-0.5712292121070424,-0.3654864443864722,0.4308252427184466,4895.584463018517,-0.5593973983283335,0.5493197278911565,-0.1281545309823599,0.1892975775505496,-0.6283367310072757,-0.6450677614697095,-0.4121867339360142,-0.3109137690060981,0.5146036161335188,6875.3655319856,-0.381217102121296,2011-12-15,2015-06-19,
MultiAgentDQN,1,JPM,-0.186169575538335,0.1768548946281366,-1.0756195677022993,-1.3268236280323689,-0.5410968284135029,-0.3440596317745654,0.4498229043683589,5402.891126610025,-0.5137397986050978,0.536281179138322,-0.1053019017143541,0.1764714300665242,-0.54189273170112,-0.6519289914944346,-0.4609735541074897,-0.2284337155050761,0.5182767624020888,7527.058482955545,-0.322564736534001,2011-12-15,2015-06-19,
MultiAgentDQN,1,BAC,-0.1372281587295719,0.1960241219317044,-0.654900493103351,-0.8361191364976251,-0.4513630008451919,-0.3040305884013704,0.389945652173913,6628.165728659967,-0.403465084420603,0.5640589569160998,-0.0468400396696838,0.1956053771829144,-0.1476252571841204,-0.1825993660857148,-0.2641662742249244,-0.1773127164211806,0.491554054054054,9393.723167204327,-0.1545649149516106,2011-12-15,2015-06-19,
MultiAgentDQN,1,MS,-0.030064447971754,0.2337461602166359,-0.0141777955262176,-0.0204708997205067,-0.426689595146934,-0.0704597635229447,0.4411764705882353,9985.218310772349,-0.1013303520304886,0.5708616780045351,0.0728363730377787,0.2331890478162425,0.4176267952865096,0.5937253839498909,-0.3411418656594831,0.2135075766704099,0.4973821989528796,14211.00207730553,0.2789901869574975,2011-12-15,2015-06-19,
MultiAgentDQN,1,CAT,-0.1824053067180089,0.1689505109562625,-1.1069493686494718,-1.4538139031414026,-0.577087646412072,-0.3160790355712477,0.4110718492343934,5490.864345434619,-0.5058222089108843,0.5844671201814059,-0.0935355829788032,0.1688460163114405,-0.4970189008264709,-0.6288421244495396,-0.419450728978772,-0.222995399737491,0.4824797843665768,7879.254944281337,-0.2908670550146797,2011-12-15,2015-06-19,
MultiAgentDQN,1,RTX,-0.1756001694102402,0.1466263850118815,-1.24317019715709,-1.7877990888777051,-0.5326860264011843,-0.3296504145163922,0.4348327566320646,5652.494117831844,-0.4912755293951341,0.6485260770975056,-0.0756683043452597,0.1469809520404809,-0.4618391092265923,-0.6692583818568649,-0.4174407435339753,-0.18126717508374,0.4858895705521472,8436.357000668464,-0.2407278699398383,2011-12-15,2015-06-19,
MultiAgentDQN,1,BA,-0.0274097425156536,0.1475270416020489,-0.1145566207205973,-0.1458694700906761,-0.3243482344275,-0.0845071426518907,0.4167709637046308,10081.199116108362,-0.0926920795502473,0.6825396825396826,0.0970354847870014,0.147430691057864,0.7020234383120431,0.8371218580102596,-0.1787449378655558,0.5428712328624786,0.5329249617151608,15364.904133033464,0.3828413719730117,2011-12-15,2015-06-19,
GARL_DDAL,1,PORTFOLIO,-0.0062469610315178,0.0528402951711936,-0.0922218657174022,-0.1437042032980117,-0.0803245846894189,-0.0777714700383729,0.47105561861521,97830.58358117218,-0.0216941641882781,0.0803728898966994,0.0448814734931901,0.0528715790842272,0.856831905865947,1.3430160117557497,-0.0649225537458216,0.6913078876857747,0.5062429057888763,116609.6793426196,0.1660967934261961,2011-12-15,2015-06-19,{'rollout_len': 20}
GARL_DDAL,1,NVDA,0.0810661942440851,0.1929315485639314,0.4998882229572928,0.7800837166797243,-0.2482551254509062,0.326543889463891,0.4726190476190476,14596.223156374546,0.3136600840737091,0.2369614512471655,0.1271658149189678,0.1930778243456076,0.7160025209138796,1.1219152211910672,-0.2376528624951739,0.5350906089824616,0.5101265822784811,16893.312721022918,0.5203981448920625,2011-12-15,2015-06-19,
GARL_DDAL,1,AAPL,-0.0412932958510883,0.11924033229971,-0.2941309274850074,-0.3209302014880954,-0.3561957205243143,-0.1159286691886843,0.46286701208981,9586.44678544896,-0.1372197893095935,0.2182539682539682,-0.0036713567005596,0.1193550129378092,0.0287187809099553,0.030502717895524,-0.286866639921015,-0.0127981305235439,0.530214424951267,10968.990148448462,-0.0127908866396384,2011-12-15,2015-06-19,
GARL_DDAL,1,MSFT,0.1101660289194905,0.1341257136952315,0.8456803631363446,1.181238585408657,-0.1487506381392589,0.7406087819021938,0.4083694083694084,16018.257056486003,0.4416431350837404,0.3922902494331066,0.1896932173722607,0.1339753853054804,1.3631420566344452,1.7687986740695412,-0.1195823897956349,1.5862972607960455,0.5166959578207382,20407.036450275697,0.8366332805248127,2011-12-15,2015-06-19,
GARL_DDAL,1,JPM,-0.010156101433694,0.1235241003327668,-0.0212171930321532,-0.0344575643442842,-0.226114076518936,-0.0449158300537893,0.4874429223744292,10721.140242545767,-0.0350973781708807,0.1683673469387755,0.019660513725989,0.1237248361877031,0.2188660430152824,0.3588537163241972,-0.1688848703606379,0.1164137064735632,0.4908256880733945,11894.661742553371,0.0705195568298036,2011-12-15,2015-06-19,
GARL_DDAL,1,BAC,-0.0663584916360959,0.1779399777289144,-0.2968340154099168,-0.3581222331084734,-0.3548320127868412,-0.1870138241330542,0.404463040446304,8737.516745457333,-0.21362349290884,0.3424036281179138,-0.0081254148762186,0.177439400632397,0.0427264851084657,0.0485654957780068,-0.3453695395631521,-0.0235267270139001,0.4940978077571669,10798.319149744562,-0.0281512765229894,2011-12-15,2015-06-19,
GARL_DDAL,1,MS,-0.2727226662677738,0.1860282885765862,-1.61748534491235,-2.0271634991338456,-0.6893715460257173,-0.3956105642016154,0.423500611995104,3645.085121922617,-0.6719423390269645,0.2539682539682539,-0.2393531469017666,0.1859967233484272,-1.3768953877322123,-1.703989650864144,-0.6368146679816162,-0.3758599776924051,0.4654255319148936,4264.7958371878485,-0.6161683746530937,2011-12-15,2015-06-19,
GARL_DDAL,1,CAT,0.0010119893134652,0.1479749195635754,0.0804417731067182,0.0989081729613787,-0.2359200235060149,0.0042895439667478,0.4495412844036697,11150.516059999038,0.0035464453999134,0.2539682539682539,0.0469278997502426,0.1476352047781075,0.3840775307640338,0.4591898318888014,-0.2167277952342797,0.2165292167509676,0.5033783783783784,13045.664275759982,0.1741097848183983,2011-12-15,2015-06-19,
GARL_DDAL,1,RTX,-0.0278947209405683,0.1586810561491333,-0.0990855971186601,-0.1496950325407216,-0.3074242220956434,-0.0907369001388899,0.4682352941176471,10063.61574975308,-0.0942745825222227,0.3945578231292517,0.0422095447115686,0.1584687182714275,0.3399850354551503,0.5180536609495444,-0.1879943295728218,0.2245256269563083,0.5074074074074074,12841.038621942687,0.1556934759748418,2011-12-15,2015-06-19,
GARL_DDAL,1,BA,0.0529857493597163,0.1682541929929114,0.3906443855638936,0.5678312168586126,-0.1599751481068736,0.3312123788397337,0.4735605170387779,13311.78266318483,0.1980604396866345,0.246031746031746,0.0996988546428225,0.1681482579394035,0.6489960537063164,0.933398487297324,-0.1403367237824041,0.7104259808530825,0.5211267605633803,15495.860395684089,0.3946274356115677,2011-12-15,2015-06-19,
GARL_DDAL_SECTOR,1,PORTFOLIO,-0.0108715241697152,0.0555617142922759,-0.1690025713680784,-0.262221689599434,-0.0944594248590747,-0.1150920004640577,0.489216799091941,96246.39399134812,-0.0375360600865188,0.0809397833207357,0.0416606854921222,0.0557862597301142,0.7595494694661289,1.1875845115012873,-0.0756353068279588,0.550810028270054,0.5187287173666288,115356.46963059026,0.1535646963059025,2011-12-15,2015-06-19,{'rollout_len': 20}
GARL_DDAL_SECTOR,1,NVDA,0.0140579607969051,0.1909680620266774,0.1680219970590899,0.2554908169202948,-0.2514784602917763,0.0559012520618842,0.4677804295942721,11667.48406344448,0.0500735657100031,0.2358276643990929,0.0571028467846561,0.1911033314863827,0.3855863452672312,0.588826324014973,-0.2414596791331406,0.2364901957530131,0.5050761421319797,13494.84308092313,0.2145358772830816,2011-12-15,2015-06-19,
GARL_DDAL_SECTOR,1,AAPL,-0.0492331353471827,0.1311184840510682,-0.3192953122044534,-0.3354557005946554,-0.3204162522920164,-0.1536536770373101,0.4539579967689822,9311.435136516644,-0.161970837713502,0.2613378684807256,-0.0043929025198523,0.1313071089969451,0.0322486933989083,0.0322650306640847,-0.2570316021126052,-0.0170909043236163,0.5257352941176471,10941.212031223016,-0.0152909171899285,2011-12-15,2015-06-19,
GARL_DDAL_SECTOR,1,MSFT,0.1167705929624038,0.1391303806192101,0.862564462781315,1.3352317949160517,-0.195901388825464,0.5960682242352005,0.4145658263305322,16354.278298090712,0.4718850468281641,0.3900226757369615,0.1962975917614944,0.1389499560224213,1.3588267849822293,2.010581391041656,-0.1660358906291156,1.1822599982312028,0.5126475548060708,20806.29683974283,0.8725667155768546,2011-12-15,2015-06-19,
GARL_DDAL_SECTOR,1,JPM,-0.0574561944199563,0.12783818948117,-0.3991675497752062,-0.6090521829099396,-0.2704918038006676,-0.2124138092638742,0.4794520547945205,9032.602386348792,-0.1870657852286087,0.1547619047619047,-0.0314244045917303,0.128333035710554,-0.1849006121573866,-0.2828054940139333,-0.2296570522342776,-0.1368318729427637,0.4862385321100917,9936.302811384048,-0.1057327469754356,2011-12-15,2015-06-19,
GARL_DDAL_SECTOR,1,BAC,-0.172031906666219,0.1824031249582876,-0.9431723983446326,-1.0998339719750458,-0.4964453270246801,-0.3465273964753558,0.3889655172413793,5738.588641296604,-0.4835270222833057,0.3475056689342403,-0.1195345618997538,0.1816848901457877,-0.6095035902193388,-0.6674252964824449,-0.4126610526302289,-0.2896676609965045,0.4798657718120805,7116.239980110448,-0.3595384017900597,2011-12-15,2015-06-19,
GARL_DDAL_SECTOR,1,MS,-0.2560059913601629,0.1962505311090198,-1.4077499863829,-1.7848929034958645,-0.663655690202333,-0.3857512188015938,0.4226044226044226,3946.8491176545913,-0.6447835794110868,0.2573696145124716,-0.2214066841145461,0.1962318899399111,-1.1765247869092814,-1.4684777333800376,-0.6059286207451786,-0.3654006041871027,0.4677419354838709,4627.483077195875,-0.5835265230523712,2011-12-15,2015-06-19,
GARL_DDAL_SECTOR,1,CAT,0.0667155877804981,0.1434945301739745,0.5214408615762043,0.6603519302448115,-0.2158379837008656,0.3091003105040152,0.4631578947368421,13929.250078653664,0.2536325070788296,0.2664399092970521,0.1181199244701147,0.1429584424377388,0.8521631137555697,1.053542672986941,-0.1869420637281985,0.6318531106078585,0.5173553719008265,16423.54267604128,0.4781188408437153,2011-12-15,2015-06-19,
GARL_DDAL_SECTOR,1,RTX,0.0428504767956812,0.1598828867717991,0.3422323503814451,0.5242326500862851,-0.2219702038654192,0.1930460757771863,0.4808806488991888,12868.699055743253,0.1581829150168927,0.3900226757369615,0.1170927840643354,0.1599428904466296,0.7722574962898957,1.1910282610737024,-0.1759483372311671,0.6654952579091147,0.5181598062953995,16370.798129618175,0.4733718316656357,2011-12-15,2015-06-19,
GARL_DDAL_SECTOR,1,BA,0.0549119791259944,0.1710754861616195,0.3976669010776977,0.5835729760904719,-0.1667411040402204,0.3293247903213405,0.4627594627594628,13397.207213599368,0.2057486492239431,0.2505668934240362,0.1026068080384574,0.1708853179607413,0.6567624402819406,0.953563529915198,-0.1388398135660601,0.7390301485073446,0.512,15639.751004351449,0.4075775903916301,2011-12-15,2015-06-19,
GARL_DDAL_TUNED,1,PORTFOLIO,-0.0347484040133232,0.0511759594116816,-0.6654698679298795,-1.002563063844218,-0.1319427848908998,-0.2633596376039495,0.4699205448354143,88357.18057039031,-0.1164281942960969,0.0806248425296044,0.0168362898037448,0.05145897665181,0.3501595312049469,0.5307248674678366,-0.0573032562431866,0.2938103505373952,0.4880817253121453,106017.76162910376,0.0601776162910376,2011-12-15,2015-06-19,"{'rollout_len': 20, 'staleness_epochs': 5, 'share_threshold_frac': 0.1, 'minibatch_epochs': 2}"
GARL_DDAL_TUNED,1,NVDA,0.0485662332642042,0.1995453098246153,0.3368228354698745,0.5330634271901528,-0.194058267312924,0.2502662418699737,0.4769585253456221,13117.25704312536,0.1805531338812822,0.282312925170068,0.1021174792724659,0.1994420596765748,0.5866937859024978,0.9306894973348856,-0.1768782697679306,0.5773319662525364,0.5059241706161137,15615.471656229129,0.4053924490606215,2011-12-15,2015-06-19,
GARL_DDAL_TUNED,1,AAPL,-0.0513600350934624,0.1268458221828295,-0.3523290113960045,-0.4338729614614691,-0.3611333108225112,-0.1422190464138732,0.4617486338797814,9238.733716505643,-0.1685139655144919,0.2647392290249433,-0.0059941768580792,0.1267915649254379,0.0158412499427027,0.0190307818036082,-0.2853262348345072,-0.0210081518145568,0.5251908396946565,10879.745607307992,-0.0208228953422807,2011-12-15,2015-06-19,
GARL_DDAL_TUNED,1,MSFT,0.0833610011481507,0.1281394074178311,0.688367788226347,0.935925397211122,-0.14081876238319,0.5919736811868315,0.3858615611192931,14704.954424667638,0.3234458982200874,0.3854875283446712,0.1596204353239492,0.1277254387741953,1.222990830706827,1.491739232860266,-0.1142615027831743,1.396974759091425,0.527027027027027,18657.91029949683,0.6792119269547148,2011-12-15,2015-06-19,
GARL_DDAL_TUNED,1,JPM,-0.01814756963976,0.1279994886542673,-0.0793995813490003,-0.1257558222413975,-0.1798866201734605,-0.1008833765527461,0.4788571428571428,10421.23666238473,-0.0620887003853742,0.2012471655328798,0.0173037354277765,0.1282579754017622,0.1975463444561509,0.3152486909054148,-0.1573082356977245,0.1099989161471907,0.4919540229885057,11798.715459164858,0.0618843913248372,2011-12-15,2015-06-19,
GARL_DDAL_TUNED,1,BAC,-0.1270325865595866,0.1903631318678064,-0.6180940380036519,-0.7326400233731114,-0.4706249201315257,-0.2699232045002733,0.4175675675675676,6906.382129162738,-0.3784256083753535,0.3180272108843537,-0.0765919976703839,0.1901470590276502,-0.3237616041920592,-0.3676836150270194,-0.4012321701783105,-0.1908919657074005,0.484423676012461,8406.886983233597,-0.2433801715089762,2011-12-15,2015-06-19,
GARL_DDAL_TUNED,1,MS,-0.1768333688186961,0.1747361467388743,-1.0257806004976875,-1.33571784351589,-0.5656438455433068,-0.3126231642259731,0.425,5622.955418890748,-0.4939340122998327,0.169501133786848,-0.151821291283912,0.1746812384874414,-0.8549341121209837,-1.097405355370873,-0.5240454563152133,-0.2897101567322656,0.4602960969044414,6244.005445142328,-0.4380395099371904,2011-12-15,2015-06-19,
GARL_DDAL_TUNED,1,CAT,0.0176743240491668,0.1191069621355627,0.2063230659857072,0.2748432338171705,-0.1653896975494475,0.1068647219932342,0.4420289855072464,11813.765648489012,0.063238908364011,0.2176870748299319,0.0575219566995117,0.1190063454152552,0.529169376543011,0.689961898245149,-0.1517092106022958,0.3791592907981375,0.4975688816855753,13513.578430304526,0.2162220587274073,2011-12-15,2015-06-19,
GARL_DDAL_TUNED,1,RTX,-0.1094232293441275,0.1552242038354803,-0.6688452642721071,-0.976221891499306,-0.4051776990634035,-0.2700623198094735,0.4672897196261682,7406.401666632339,-0.3334238500030895,0.5340136054421769,-0.0214566520389932,0.1554415837080719,-0.0618944648289098,-0.0907561343527079,-0.2541374804988251,-0.0844293096668693,0.501813784764208,10298.826267974173,-0.0731056358823246,2011-12-15,2015-06-19,
GARL_DDAL_TUNED,1,BA,-0.0546968382411335,0.1495356529213181,-0.3014370150833616,-0.399699351039298,-0.2804644561987217,-0.1950223532153336,0.449814126394052,9125.493860532077,-0.1787055525521133,0.2426303854875283,-0.0132949251733707,0.1491443632689799,-0.0152575720279802,-0.0198564450538586,-0.2321836220875335,-0.0572603918133317,0.5096952908587258,10602.621480250336,-0.0457640667774696,2011-12-15,2015-06-19,
RandomForest,2,NVDA,-0.2153582233206719,0.2183881548964144,-0.9955490685254952,-0.9816272604400172,-0.6609204612688175,-0.3258459011954825,0.4392201834862385,42790.759648397645,-0.5720924035160235,0.2434100460405002,-0.1808765069559313,0.2182899290389962,-0.7992974885772814,-0.7715328902792328,-0.6159202302689317,-0.2936687221281148,0.4695752009184845,49741.95347381689,-0.5025804652618311,2015-06-22,2018-12-19,"{'n_estimators': 500, 'max_depth': 7, 'min_samples_leaf': 44, 'max_features': 'log2'}"
RandomForest,2,AAPL,0.0412579072177909,0.0939109547427706,0.4770200735206379,0.688618892125721,-0.1047667199139755,0.3938073774922804,0.4724770642201835,115200.42822856226,0.1520042822856226,0.1865846792905028,0.0760761969317522,0.09409523659627,0.8258754722735344,1.1903882084553552,-0.0932176734175476,0.8161134486910658,0.5011494252873563,129255.96274841152,0.2925596274841153,2015-06-22,2018-12-19,"{'n_estimators': 400, 'max_depth': 3, 'min_samples_leaf': 21, 'max_features': 'log2'}"
RandomForest,2,MSFT,-0.0115490656868929,0.0852645654407047,-0.0936100818157384,-0.1046946721990028,-0.1996195448771073,-0.0578553853231303,0.4461009174311927,96015.8446803734,-0.039841553196266,0.1986552583826,0.0237320159502514,0.0849497445203979,0.3185549854750307,0.3421208300833872,-0.1506045100966532,0.1575783881573066,0.505800464037123,108555.54181879704,0.0855554181879703,2015-06-22,2018-12-19,"{'n_estimators': 400, 'max_depth': 7, 'min_samples_leaf': 5, 'max_features': 'log2'}"
RandomForest,2,JPM,-0.0763357291757649,0.0766579352505349,-0.9971236797292016,-1.006127180886156,-0.2765909253008765,-0.2759878296539435,0.4431687715269805,75735.50157988204,-0.2426449842011796,0.1737712252557148,-0.0475490170524375,0.0763052091789977,-0.6000140597864948,-0.5805467363769564,-0.2128385231137863,-0.2234041862196965,0.5023148148148148,84323.61567464712,-0.1567638432535287,2015-06-22,2018-12-19,"{'n_estimators': 150, 'max_depth': 3, 'min_samples_leaf': 28, 'max_features': 'sqrt'}"
RandomForest,2,BAC,0.018028577983751,0.0876623666669235,0.247353004340799,0.3118317978350964,-0.1202314226447465,0.1499489699711939,0.4919540229885057,106453.48747443536,0.0645348747443537,0.1361153109803288,0.0427543061110957,0.0878080814139226,0.5203882135200948,0.6512748982288464,-0.0782348166137338,0.5464869473930661,0.5146541617819461,115780.91352415684,0.1578091352415684,2015-06-22,2018-12-19,"{'n_estimators': 350, 'max_depth': 4, 'min_samples_leaf': 7, 'max_features': 'log2'}"
RandomForest,2,MS,-0.0062843130700571,0.1055750509150938,-0.0072446615278118,-0.0087090961131718,-0.1619434535096641,-0.0388056011765992,0.4919724770642202,97817.71418640533,-0.0218228581359468,0.1218902714385844,0.015307657520212,0.105651822873881,0.1962728877556487,0.2346401122309676,-0.1481351584570212,0.1033357487827797,0.5098265895953757,105460.98319379658,0.0546098319379657,2015-06-22,2018-12-19,"{'n_estimators': 500, 'max_depth': 6, 'min_samples_leaf': 22, 'max_features': 0.5}"
RandomForest,2,CAT,-0.0402628825097285,0.1130052267486017,-0.3073904684700953,-0.4292915842476288,-0.3121216873362132,-0.1289973883370619,0.4346330275229357,86603.01654984328,-0.1339698345015672,0.2403822237326856,0.0013231931972366,0.1129208296648097,0.0678944239019607,0.0936692207276337,-0.2567392645340997,0.0051538404132994,0.4724137931034483,100463.88411849854,0.0046388411849853,2015-06-22,2018-12-19,"{'n_estimators': 100, 'max_depth': 7, 'min_samples_leaf': 36, 'max_features': 0.5}"
RandomForest,2,RTX,-0.027141018022172,0.0632599247042894,-0.4032035948159394,-0.4328542324551571,-0.2026462450551949,-0.1339329925150088,0.4552752293577982,90818.56284816228,-0.0918143715183773,0.1872136116947002,0.0055371992641608,0.0630861981110739,0.1191679365612358,0.1247033913340062,-0.1438711028827201,0.0384872233076202,0.5052023121387283,101951.47090801258,0.0195147090801257,2015-06-22,2018-12-19,"{'n_estimators': 350, 'max_depth': 4, 'min_samples_leaf': 7, 'max_features': 'log2'}"
RandomForest,2,BA,0.0162674516917207,0.0970222451897138,0.2148833959432126,0.2569336053629928,-0.1834810465857035,0.0886601204562142,0.466743119266055,105810.3273092318,0.0581032730923181,0.2586916214292796,0.0637209349147589,0.096935430483327,0.6858345933684232,0.7998295511073213,-0.1482072303603584,0.4299448465491507,0.5160919540229885,124135.77876088169,0.2413577876088168,2015-06-22,2018-12-19,"{'n_estimators': 300, 'max_depth': 4, 'min_samples_leaf': 49, 'max_features': 'log2'}"
LSTM,2,NVDA,-0.2625236280333833,0.2257544460380235,-1.22333573184355,-1.0387856385512442,-0.688300413792422,-0.3814084995052108,0.466743119266055,34444.381181096425,-0.6555561881890357,0.108401386580606,-0.2482253965422669,0.2255323158783699,-1.1397545175152204,-0.9536048367294432,-0.6672818520506654,-0.3719948261434505,0.4845005740528129,36838.91035097995,-0.6316108964902005,2015-06-22,2018-12-19,"{'lookback': 20, 'hidden_size': 32, 'num_layers': 2, 'dropout': 0.0030149555604089898, 'lr': 0.0006504432419562287, 'epochs': 10}"
LSTM,2,AAPL,-0.0006353214032986,0.0986348256503649,0.0427708190219812,0.0571300146312376,-0.2160530956470457,-0.0029405799597363,0.4655963302752293,99777.81404231676,-0.0022218595768324,0.0890632387729776,0.0151912390878734,0.0986169358485668,0.2020895034430269,0.2666811138842067,-0.1868480985745518,0.0813026153531457,0.493103448275862,105418.66552866924,0.0541866552866925,2015-06-22,2018-12-19,"{'lookback': 20, 'hidden_size': 16, 'num_layers': 2, 'dropout': 0.18446742086342624, 'lr': 0.00010248254542169563, 'epochs': 25}"
LSTM,2,MSFT,0.0646914337307749,0.0939855853548777,0.7136737937901065,0.9190732470625576,-0.0887226247825009,0.729142469458751,0.5137614678899083,124532.6298318047,0.2453262983180471,0.1030408790886158,0.084228524840054,0.0938592288353029,0.9082906538964236,1.1415590352553506,-0.0824944980535939,1.0210199083256863,0.548723897911833,132715.88307056675,0.3271588307056674,2015-06-22,2018-12-19,"{'lookback': 20, 'hidden_size': 32, 'num_layers': 2, 'dropout': 0.04680559213273095, 'lr': 0.00018408992080552527, 'epochs': 11}"
LSTM,2,JPM,-0.0257246136091406,0.0872446210876947,-0.2550994120418219,-0.3126414934587567,-0.1348802388793076,-0.1907218864889419,0.4793577981651376,91282.19150965968,-0.0871780849034031,0.090919706093556,-0.0099694680989534,0.0872222362731239,-0.0712870439243151,-0.0862597889561398,-0.1112603901920191,-0.0896048277535936,0.5034722222222222,96553.95293699628,-0.0344604706300372,2015-06-22,2018-12-19,"{'lookback': 20, 'hidden_size': 16, 'num_layers': 2, 'dropout': 0.13204574812188039, 'lr': 0.000161190447276092, 'epochs': 20}"
LSTM,2,BAC,0.0466252206330002,0.0956839411152139,0.5237489164375771,0.838075150710112,-0.1325996908805188,0.3516239014087345,0.4529816513761467,117292.21429988148,0.1729221429988148,0.1908058445356781,0.082419179378524,0.0959295256593819,0.8732714029371502,1.3764989492421402,-0.0940289578384617,0.876529755015653,0.488862837045721,131942.33823250272,0.3194233823250272,2015-06-22,2018-12-19,"{'lookback': 20, 'hidden_size': 64, 'num_layers': 1, 'dropout': 0.019515477895583853, 'lr': 0.004093813608598782, 'epochs': 30}"
LSTM,2,MS,0.0070592270488205,0.1045129881433709,0.1195008467204786,0.1502580525222698,-0.1276850966476704,0.0552862255201132,0.5057339449541285,102492.60828722687,0.0249260828722688,0.0900104409403121,0.0231807850485592,0.1044708819854834,0.2715324291244417,0.3384756352720453,-0.1163356610820706,0.1992577755861639,0.5236994219653179,108351.09752866684,0.0835109752866685,2015-06-22,2018-12-19,"{'lookback': 20, 'hidden_size': 16, 'num_layers': 2, 'dropout': 0.13204574812188039, 'lr': 0.000161190447276092, 'epochs': 20}"
LSTM,2,CAT,-0.0195793880791124,0.1044793793744023,-0.1369928353230793,-0.1651784385064445,-0.1837587409927797,-0.1065494243883708,0.4736238532110092,93313.29299496472,-0.0668670700503529,0.1444282343454906,0.0057258597084532,0.1044408391961249,0.1068951016784223,0.1275018141271398,-0.1639108214534643,0.0349327741614602,0.4954022988505747,102018.43563503958,0.0201843563503958,2015-06-22,2018-12-19,"{'lookback': 20, 'hidden_size': 64, 'num_layers': 1, 'dropout': 0.2088353410074963, 'lr': 0.0001072794869496977, 'epochs': 15}"
LSTM,2,RTX,0.0053133194663932,0.0676260887881177,0.1122149467756675,0.1365708740078005,-0.1594464753707487,0.0333235303824595,0.466743119266055,101872.04586965396,0.0187204586965397,0.1240549406343503,0.027551015067311,0.0676726970191065,0.4355072397008733,0.5181651715825292,-0.1503647812312796,0.1832278465855258,0.507514450867052,109979.53373037958,0.0997953373037958,2015-06-22,2018-12-19,"{'lookback': 20, 'hidden_size': 32, 'num_layers': 2, 'dropout': 0.26844820512829465, 'lr': 0.0010370844668954541, 'epochs': 29}"
LSTM,2,BA,0.0735502278390818,0.0926370419252236,0.8121897792393353,1.197540144396842,-0.0962384195028019,0.7642501634904801,0.4954128440366973,128197.126153845,0.28197126153845,0.0980391536526572,0.0922693645746985,0.0926651404110276,0.9985736267653604,1.4618849713414603,-0.0950749870958215,0.970490424381596,0.5160919540229885,136192.79581446323,0.3619279581446322,2015-06-22,2018-12-19,"{'lookback': 20, 'hidden_size': 16, 'num_layers': 2, 'dropout': 0.19288979352204874, 'lr': 0.00010248254542169563, 'epochs': 18}"
TCN,2,NVDA,-0.0845556014126996,0.1650669579455946,-0.4527335797775871,-0.5400365006019819,-0.3752918439015342,-0.2253062590800258,0.4805045871559633,73402.67731626818,-0.2659732268373181,0.2779793501310578,-0.0385303438649647,0.165072965257597,-0.1556632690912682,-0.1827772542885346,-0.2714427823109412,-0.1419464667173496,0.5120551090700345,87151.43427036141,-0.1284856572963859,2015-06-22,2018-12-19,"{'lookback': 20, 'n_channels': 32, 'n_layers': 1, 'kernel_size': 5, 'dropout': 0.2988049595242306, 'lr': 0.0002224757560721275, 'epochs': 24}"
TCN,2,AAPL,0.0401756493664486,0.0922196756771105,0.4731830938049046,0.5894512675766118,-0.1221656779165556,0.3288620015999122,0.4690366972477064,114781.8947013428,0.1478189470134279,0.2874081203733475,0.0942608913832545,0.092200330730876,1.023158844796286,1.248729977785161,-0.088115173555084,1.0697464191491222,0.5195402298850574,137063.89611871922,0.3706389611871921,2015-06-22,2018-12-19,"{'lookback': 20, 'n_channels': 32, 'n_layers': 1, 'kernel_size': 5, 'dropout': 0.20686098033619266, 'lr': 0.0005456611924623584, 'epochs': 24}"
TCN,2,MSFT,-0.0452465836881843,0.1003767752138249,-0.411001136163597,-0.4827419056468345,-0.2506132717478062,-0.1805434459740675,0.4185779816513761,85039.22109305457,-0.1496077890694542,0.2905846284627099,0.0049938228497039,0.1002055761322137,0.099836358311061,0.1111654689970664,-0.1639724068774534,0.0304552634482955,0.5,101758.77574858596,0.0175877574858596,2015-06-22,2018-12-19,"{'lookback': 20, 'n_channels': 64, 'n_layers': 2, 'kernel_size': 2, 'dropout': 0.12826230550756487, 'lr': 0.00011045524260304731, 'epochs': 12}"
TCN,2,JPM,-0.0608769776335724,0.086530810706702,-0.6823332273090813,-0.7764184195108168,-0.2869977500843699,-0.2121165675190005,0.4311926605504587,80265.46121477986,-0.1973453878522013,0.2715090186162056,-0.0147964185126099,0.0865443097536143,-0.1288202133567876,-0.1399134150656114,-0.1986427332608923,-0.0744875902063665,0.5046296296296297,94916.32983122274,-0.0508367016877725,2015-06-22,2018-12-19,"{'lookback': 20, 'n_channels': 16, 'n_layers': 1, 'kernel_size': 5, 'dropout': 0.19126724140656393, 'lr': 0.003216235469207423, 'epochs': 19}"
TCN,2,BAC,0.0224185292312359,0.106724182133498,0.2609722149195457,0.3410049620824796,-0.1190104733726336,0.1883744228211021,0.4644495412844037,108068.8401759818,0.0806884017598179,0.3304709766980792,0.0837787012324171,0.106746100369783,0.807028324107127,1.02562284634811,-0.090569827228239,0.925017787891899,0.5169988276670574,132523.26939237813,0.3252326939237813,2015-06-22,2018-12-19,"{'lookback': 20, 'n_channels': 32, 'n_layers': 1, 'kernel_size': 5, 'dropout': 0.09548587503744241, 'lr': 0.0003226982136364589, 'epochs': 30}"
TCN,2,MS,-0.0201278138795565,0.1150436821018724,-0.1191186714910202,-0.1393659237351472,-0.2425128579616199,-0.0829968936440556,0.463302752293578,93130.72976319469,-0.0686927023680532,0.2719767781267412,0.0280411677068359,0.1149597370545086,0.2981291882208832,0.3390090330358784,-0.201251575963793,0.1393339037100549,0.5098265895953757,110163.25811860272,0.101632581186027,2015-06-22,2018-12-19,"{'lookback': 20, 'n_channels': 16, 'n_layers': 3, 'kernel_size': 2, 'dropout': 0.029301634201915158, 'lr': 0.0014537555576161927, 'epochs': 19}"
TCN,2,CAT,-0.0508189828095736,0.1059713098995694,-0.4391373545931472,-0.5389549419372717,-0.2320520301947866,-0.2189982253846938,0.4461009174311927,83314.703750317,-0.16685296249683,0.3163138603577413,0.0036600126078059,0.1059326040009086,0.087431101712166,0.1049592292425838,-0.1817194396213577,0.0201410075632642,0.4954022988505747,101286.8757579766,0.0128687575797661,2015-06-22,2018-12-19,"{'lookback': 20, 'n_channels': 32, 'n_layers': 1, 'kernel_size': 5, 'dropout': 0.0681417034952636, 'lr': 0.00020826309379237115, 'epochs': 26}"
TCN,2,RTX,-0.0550142981696691,0.0748468657725884,-0.7183787762992774,-0.8163929147211435,-0.1948619599337294,-0.2823244628575992,0.4174311926605504,82032.9502767249,-0.1796704972327509,0.2864053003488199,-0.0060383578806019,0.0748543021594424,-0.0433709856128422,-0.0472540102475806,-0.0875990695358243,-0.0689317582092865,0.4867052023121387,97902.47863873186,-0.0209752136126813,2015-06-22,2018-12-19,"{'lookback': 20, 'n_channels': 16, 'n_layers': 1, 'kernel_size': 5, 'dropout': 0.2993253374212018, 'lr': 0.002545371303281564, 'epochs': 25}"
TCN,2,BA,0.0145974369933143,0.0823941585437334,0.2169525010123568,0.2962823282352483,-0.1203373162435889,0.1213043256155555,0.4564220183486238,105203.0093691522,0.0520300936915221,0.302261003594908,0.0701587831459753,0.0823486514700736,0.8645491884573993,1.1641328810287992,-0.0880239513576659,0.7970419648727263,0.503448275862069,126785.2615272849,0.2678526152728491,2015-06-22,2018-12-19,"{'lookback': 20, 'n_channels': 16, 'n_layers': 1, 'kernel_size': 5, 'dropout': 0.21199866050373425, 'lr': 0.0045576657672013795, 'epochs': 24}"
TFT,2,NVDA,-0.0206596439972922,0.1925103788410921,-0.0104864692914357,-0.0116338302508641,-0.3993287218697726,-0.0517359329941453,0.4759174311926605,92953.93480166484,-0.0704606519833516,0.1091461574505326,-0.001606831786388,0.1924586456175766,0.0895497728510469,0.0979585011905154,-0.39442470647128,-0.0040738619057705,0.4971297359357061,99438.73755234052,-0.0056126244765948,2015-06-22,2018-12-19,"{'d_model': 32, 'lookback': 20, 'n_heads': 2, 'lstm_layers': 1, 'dropout': 0.055021352956030146, 'lr': 0.0002814509271606064, 'epochs': 18}"
TFT,2,AAPL,-0.0089846982921859,0.0927415268120634,-0.0509496706759775,-0.0620242362693425,-0.2049474841123718,-0.043839027012694,0.4885321100917431,96890.51422081822,-0.0310948577918177,0.06817179886244,0.0030043344192167,0.0927483095444835,0.0787114623018663,0.0950905277399825,-0.197298767664102,0.0152273349437823,0.5011494252873563,101055.47186690988,0.0105547186690986,2015-06-22,2018-12-19,"{'d_model': 16, 'lookback': 20, 'n_heads': 2, 'lstm_layers': 2, 'dropout': 0.2263939829317358, 'lr': 0.00011295701737968146, 'epochs': 25}"
TFT,2,MSFT,0.0186867292081394,0.0913876491020212,0.2477810728610016,0.3738246474679246,-0.1102583619344288,0.1694812881335249,0.4724770642201835,106694.55826694387,0.0669455826694387,0.1011948921450182,0.0370309475211279,0.0914047974805253,0.4430282636286416,0.658051831602659,-0.0973545920793033,0.3803718625923999,0.5069605568445475,113571.93087745752,0.1357193087745751,2015-06-22,2018-12-19,"{'d_model': 24, 'lookback': 20, 'n_heads': 4, 'lstm_layers': 1, 'dropout': 0.16595073527757448, 'lr': 0.0007937357644840537, 'epochs': 20}"
TFT,2,JPM,-0.0018655967655883,0.0842331499004546,0.0199575942841936,0.0241004169067917,-0.138886181252279,-0.0134325585797455,0.4977064220183486,99348.5624094458,-0.0065143759055421,0.0593066110884363,0.0086309286605719,0.0842383373121236,0.1441478739306209,0.1725262177897968,-0.1286354088851963,0.0670960564853087,0.5127314814814815,103053.55648329711,0.0305355648329712,2015-06-22,2018-12-19,"{'d_model': 32, 'lookback': 20, 'n_heads': 4, 'lstm_layers': 1, 'dropout': 0.2960660809801552, 'lr': 0.0013826083091896747, 'epochs': 13}"
TFT,2,BAC,-0.0442122734334393,0.1117134968050583,-0.3490192905375914,-0.4549531770202201,-0.2301950394619741,-0.1920644056308727,0.4724770642201835,85362.09648886457,-0.1463790351113543,0.0606156155587922,-0.033934898379804,0.1117053715184983,-0.2533232773780979,-0.3264281195865325,-0.2131813283975497,-0.1591832579095329,0.4912075029308324,88618.08857678705,-0.1138191142321295,2015-06-22,2018-12-19,"{'d_model': 24, 'lookback': 20, 'n_heads': 2, 'lstm_layers': 1, 'dropout': 0.28466566117599995, 'lr': 0.0026690431824362526, 'epochs': 22}"
TFT,2,MS,-0.0275714901182624,0.1117960029993742,-0.1941492288674874,-0.2389285778393959,-0.1933440643603377,-0.1426032405467442,0.4873853211009174,90677.99125748184,-0.0932200874251815,0.0857944731408937,-0.0127410743243637,0.1117942207702961,-0.0587773023101395,-0.0717169654538565,-0.1858061409378706,-0.0685718688308806,0.5017341040462427,95611.19381407624,-0.0438880618592376,2015-06-22,2018-12-19,"{'d_model': 32, 'lookback': 20, 'n_heads': 2, 'lstm_layers': 2, 'dropout': 0.06029333948366855, 'lr': 0.000552458351001134, 'epochs': 10}"
TFT,2,CAT,-0.0388038040157263,0.1039080492990039,-0.3289507524274198,-0.4327936075745334,-0.2409710783384812,-0.1610309597453866,0.4793577981651376,87064.70880436679,-0.1293529119563321,0.1006318559657987,-0.0215828779656203,0.1038723355789244,-0.1581669605890651,-0.2067129933053909,-0.2044130602511576,-0.1055846330909674,0.4942528735632184,92647.59592227668,-0.0735240407772332,2015-06-22,2018-12-19,"{'d_model': 24, 'lookback': 20, 'n_heads': 2, 'lstm_layers': 1, 'dropout': 0.1166031869068446, 'lr': 0.0002516607127550297, 'epochs': 23}"
TFT,2,RTX,-0.0326155639596253,0.0678425453342954,-0.4547646509910602,-0.5250156354888939,-0.1837487690284175,-0.1775008569150265,0.5011467889908257,89042.39555916902,-0.1095760444083098,0.0669578267966871,-0.021120925549511,0.0678509690776697,-0.2806301967856045,-0.3207741209297216,-0.1613834320049049,-0.1308741875613919,0.5179190751445086,92800.78637287508,-0.0719921362712492,2015-06-22,2018-12-19,"{'d_model': 24, 'lookback': 20, 'n_heads': 2, 'lstm_layers': 2, 'dropout': 0.20215924468215063, 'lr': 0.000578208022905864, 'epochs': 11}"
TFT,2,BA,0.0195793179653391,0.0941151185989531,0.2528573763530256,0.3590900543221851,-0.1199128461820052,0.1632795700272299,0.5034403669724771,107022.12266609466,0.0702212266609465,0.0701439381591196,0.0322711073643184,0.0941267569369753,0.3842806639941178,0.5433749397593988,-0.1171325450094317,0.2755093160634387,0.5206896551724138,111757.89203273108,0.1175789203273107,2015-06-22,2018-12-19,"{'d_model': 24, 'lookback': 20, 'n_heads': 2, 'lstm_layers': 2, 'dropout': 0.29917689335145325, 'lr': 0.0007947379662064103, 'epochs': 10}"
SingleAgentA2C,2,PORTFOLIO,0.0214002906213737,0.0668131810827356,0.3503254096543835,0.4688925427811055,-0.0960617992695613,0.2227762834352273,0.5119182746878547,107692.61429483249,0.0769261429483247,0.0582010582010582,0.0530481176752393,0.0671002007896721,0.8039340344645861,1.069365192467238,-0.0943889271026603,0.5620163222910939,0.52894438138479,119830.88218737488,0.1983088218737487,2015-06-22,2018-12-19,{'rollout_len': 20}
SingleAgentA2C,2,NVDA,-0.1092769959173459,0.3120444061227445,-0.214799864572353,-0.2334134984887205,-0.555587676977774,-0.1966872204793655,0.4397496087636933,7410.659020376333,-0.33304068816613,0.2653061224489796,-0.0666192383710085,0.3122068405534521,-0.0647874855652396,-0.0673262303538909,-0.5314577436930816,-0.1253519008079058,0.4930795847750865,8728.979000532296,-0.2143918899520933,2015-06-22,2018-12-19,
SingleAgentA2C,2,AAPL,0.0523243441110763,0.1285138466163273,0.4610254092897958,0.6256505536713256,-0.1769721117838771,0.2956643483747097,0.490521327014218,13282.540574424474,0.1954286516982026,0.1116780045351474,0.0732333354036252,0.1286857635896653,0.6134955921576284,0.8246010473729543,-0.1621604768078818,0.4516102619159645,0.5166051660516605,14229.414437054562,0.2806472993349105,2015-06-22,2018-12-19,
SingleAgentA2C,2,MSFT,-0.0818870403046511,0.1677723588338529,-0.4250783162859129,-0.5231559811343944,-0.3668257165079105,-0.2232314601173422,0.4825581395348837,8239.368042516011,-0.258456876173559,0.2159863945578231,-0.046224652986385,0.1677971981794223,-0.1979555807415363,-0.2411732728301502,-0.3002908850828345,-0.1539329206533659,0.5011792452830188,9414.967278491233,-0.152652944935789,2015-06-22,2018-12-19,
SingleAgentA2C,2,JPM,0.0069503712026497,0.1470712638843868,0.1202536797766725,0.1506371489994696,-0.280381920638723,0.0247889421215764,0.4889543446244477,11383.759781393492,0.0245383803254142,0.1967120181405895,0.0425011832623019,0.1470834409261154,0.3561642312802473,0.4395115594825399,-0.2331973901503971,0.1822541119988153,0.5257410296411856,12853.61947198178,0.1568257524783602,2015-06-22,2018-12-19,
SingleAgentA2C,2,BAC,-0.1240897401675729,0.1615896376239638,-0.7387331680303608,-0.8623681529162823,-0.4724949526625417,-0.2626265941431091,0.466321243523316,6988.213060067787,-0.3710608245938991,0.2012471655328798,-0.0923822638892513,0.1613731999237337,-0.5197370131004847,-0.602173425992414,-0.4221105131138831,-0.2188580028669579,0.4932249322493225,7914.398242095465,-0.2877041582114081,2015-06-22,2018-12-19,
SingleAgentA2C,2,MS,-0.0533472746355392,0.2146171648986035,-0.1486428992816197,-0.212744580604664,-0.385163678019456,-0.1385054658057462,0.494279176201373,9171.17338321051,-0.1745943955110541,0.1933106575963719,-0.0204677398432617,0.2144417431800318,0.0102530521402458,0.0146153401445969,-0.3248104284811901,-0.063014417175485,0.5051903114186851,10335.300150194418,-0.0698229864825024,2015-06-22,2018-12-19,
SingleAgentA2C,2,CAT,0.1179862536771856,0.1894591221115237,0.6838581581374465,0.8300362103244239,-0.2458922002490173,0.4798291835109036,0.5119047619047619,16416.671704894565,0.4775004534405107,0.1383219954648526,0.1455466995306757,0.1896587064862653,0.8117906588204737,0.975797642017548,-0.2456276672953664,0.5925501028988578,0.5291970802919708,17877.314688894516,0.6089583220005064,2015-06-22,2018-12-19,
SingleAgentA2C,2,RTX,-0.0286446756170205,0.1480027006832444,-0.121977553510393,-0.1484378245135995,-0.1830396542426033,-0.1564943713183291,0.4941588785046729,10036.468555093925,-0.0967178300415469,0.133219954648526,-0.005551436564178,0.1480430196318784,0.0367933096154838,0.0441875266627267,-0.1777413290796871,-0.0312332342338293,0.5107398568019093,10896.71587492041,-0.019295571257163,2015-06-22,2018-12-19,
SingleAgentA2C,2,BA,0.2573189373405897,0.1663563305121673,1.460171665374941,1.862172431863624,-0.1860470322889129,1.383085417567954,0.5228758169934641,24763.760172855407,1.2287384155569865,0.1746031746031746,0.2966157259143998,0.1663249132423456,1.6456271933886712,2.0475909156487573,-0.17398344744476,1.704850261738696,0.5561643835616439,27580.1730432102,1.4822155738889182,2015-06-22,2018-12-19,
SingleAgentPPO,2,PORTFOLIO,-0.0032810173139645,0.0650090309032735,-0.0180838754143979,-0.0245632071660494,-0.0915035017765528,-0.0358567404554271,0.4994324631101021,98856.3459370894,-0.0114365406291059,0.0559964726631393,0.030715324374879,0.0648587531866887,0.4988639840292586,0.6744889958487965,-0.0696117413281554,0.4412376962398408,0.5164585698070374,111169.47781582776,0.1116947781582775,2015-06-22,2018-12-19,"{'rollout_len': 32, 'clip_eps': 0.21973169683940733, 'gae_lambda': 0.9140416776398192}"
SingleAgentPPO,2,NVDA,0.1029183013902761,0.2824284041631447,0.4863377343863218,0.5768269880799879,-0.3296841737479317,0.3121724049422066,0.4767801857585139,15655.22061379614,0.4089698552416525,0.1269841269841269,0.1278748820918012,0.2825081014532024,0.5654902970402492,0.645542226879215,-0.323540900282227,0.3952356007548196,0.5227655986509275,16930.536795833676,0.5237483116250308,2015-06-22,2018-12-19,
SingleAgentPPO,2,AAPL,-0.1049102683573542,0.1956316622818794,-0.4684283644494364,-0.6289649200000942,-0.4306973814587478,-0.2435823222375513,0.4840182648401826,7538.596577963796,-0.3215263079832583,0.1184807256235827,-0.0860363681772341,0.1958466820014489,-0.3611979476716482,-0.4835930481649163,-0.3979222743407984,-0.216214003902553,0.4936708860759494,8109.772890390466,-0.270120439864858,2015-06-22,2018-12-19,
SingleAgentPPO,2,MSFT,-0.0268074743350263,0.1918971788937691,-0.0452789486518954,-0.0505603076836521,-0.2760013155596453,-0.0971280672364518,0.4884667571234735,10103.065470445004,-0.0907241076599496,0.2312925170068027,0.0137656928046696,0.1916773684767749,0.1675268068713926,0.1819904526163307,-0.2260422287877582,0.0608987660336464,0.5247524752475248,11655.718647945723,0.0490146783151153,2015-06-22,2018-12-19,
SingleAgentPPO,2,JPM,-0.0941087501741081,0.1489428944283689,-0.588631248443788,-0.685537030434748,-0.4252087216368292,-0.2213236591475337,0.4825511432009627,7861.831240698872,-0.2924351883371014,0.2103174603174603,-0.059844268162201,0.1488641437301119,-0.3397221159306773,-0.3890320152211141,-0.3712358373450185,-0.1612028315751829,0.50875,8952.756737283371,-0.1942518936444965,2015-06-22,2018-12-19,
SingleAgentPPO,2,BAC,-0.0688814128237906,0.1818962501312346,-0.3010828389168369,-0.3642197559399378,-0.3805898327957646,-0.1809859509850711,0.4691689008042895,8655.157540757225,-0.2210358213318497,0.3078231292517007,-0.016854533901913,0.1815893741742842,-0.0025653449160086,-0.0030576170136761,-0.3172002003857253,-0.0531353192129683,0.504950495049505,10469.350103171091,-0.0577584907146015,2015-06-22,2018-12-19,
SingleAgentPPO,2,MS,0.0998725803702758,0.1973973467044156,0.5807081772315023,0.8062094130070656,-0.3543372160697159,0.2818574393004935,0.4842615012106537,15504.42998212671,0.3953986983914039,0.1768707482993197,0.1346747417589993,0.1975924378860551,0.7380355997184034,1.0174883707357272,-0.3311300741349807,0.4067125044767179,0.5050251256281407,17290.491812393637,0.5561442631154272,2015-06-22,2018-12-19,
SingleAgentPPO,2,CAT,-0.0331916708376465,0.198808468055404,-0.0706241028072821,-0.0921479598597937,-0.3538687294829017,-0.0937965637318351,0.4747225647348952,9872.993064326116,-0.1114306242106495,0.2290249433106576,0.0066923374756131,0.198724952628931,0.1326422775015893,0.1720493141162232,-0.3254954993373092,0.0205604608642466,0.4918032786885246,11373.55313520543,0.0236197821684887,2015-06-22,2018-12-19,
SingleAgentPPO,2,RTX,0.010054121407953,0.1370928927942412,0.1412111624126167,0.2024719163441991,-0.2145518701931276,0.0468610289852187,0.486454652532391,11507.043326299512,0.035633899366956,0.2080498866213151,0.0478125231804305,0.1370660778082135,0.4089928569227925,0.5828548029798359,-0.1895298006170724,0.2522691578040084,0.5090689238210399,13084.286258541486,0.1775857632687336,2015-06-22,2018-12-19,
SingleAgentPPO,2,BA,0.0260601942492901,0.1304319393499577,0.2624984814755844,0.2879933359424005,-0.2113113504701727,0.1233260503579464,0.4734299516908212,12158.008120676055,0.0942207308608451,0.1456916099773242,0.0527874684679194,0.1303052382701998,0.4599829355362685,0.4887502541338375,-0.201542999543011,0.2619166559375047,0.5212014134275619,13303.011435062876,0.1972710291556587,2015-06-22,2018-12-19,
SingleAgentDQN,2,PORTFOLIO,-0.0310109576483232,0.0734952714006534,-0.3918947073951723,-0.5606593733622676,-0.1577359737267198,-0.1966004134354936,0.4653802497162315,89560.40127491258,-0.1043959872508741,0.1090325018896447,0.064562787247816,0.0732574434000259,0.8907075841044849,1.2787085231757418,-0.1009989924745883,0.6392418940620647,0.5141884222474461,124479.97238885178,0.2447997238885177,2015-06-22,2018-12-19,"{'rollout_len': 16, 'epsilon_decay_frac': 0.6464704583099741}"
SingleAgentDQN,2,NVDA,0.0663705770221962,0.2916070200295506,0.3673261391854671,0.4363823331584829,-0.3647241378180411,0.1819747314210067,0.4921212121212121,13913.488337620349,0.2522139503858311,0.5170068027210885,0.1682305426883215,0.291430716071664,0.6804872303785151,0.7718304590836704,-0.3230246146183271,0.5207979054075985,0.5494652406417112,19147.295422230654,0.7232565880007589,2015-06-22,2018-12-19,
SingleAgentDQN,2,AAPL,-0.0665715259622604,0.1605512969734018,-0.3486890710895211,-0.4087353424348,-0.4672437733054679,-0.1424770746355955,0.4291338582677165,8730.540823266767,-0.2142513259059909,0.4614512471655329,0.0125946034285464,0.160598032684878,0.1582679250249619,0.1729364729795095,-0.3433329339903275,0.0366833536246227,0.5206738131699847,11608.660769213642,0.0447794692292278,2015-06-22,2018-12-19,
SingleAgentDQN,2,MSFT,-0.1052096932197589,0.1661468024279015,-0.5859825354698835,-0.7412204598800747,-0.380822387045306,-0.276269717324266,0.4178168130489335,7529.773944770345,-0.3223203449706689,0.4756235827664399,-0.0268173814828839,0.1658300414779136,-0.0811621611317521,-0.0970596433328403,-0.338489106971759,-0.0792267193553184,0.5043103448275862,10102.705501060842,-0.0907565049045242,2015-06-22,2018-12-19,
SingleAgentDQN,2,JPM,-0.1302979585307108,0.1495165855744878,-0.8585049357128326,-1.0266162956689766,-0.4373955747734681,-0.2978950086502213,0.4217772215269086,6816.386440006727,-0.3865252203993946,0.5941043083900227,-0.0341464362023017,0.1493871445235914,-0.1577158915632605,-0.1775369003513961,-0.2302076410733664,-0.1483288566925516,0.5108853410740203,9838.91013005786,-0.1144980882947926,2015-06-22,2018-12-19,
SingleAgentDQN,2,BAC,0.0767963465142591,0.2208920993227945,0.4452112002867822,0.6040652879817553,-0.212804775151932,0.3608769890592462,0.4525,14395.44177581057,0.2955897598229513,0.5255102040816326,0.1813511077277254,0.2208816806360158,0.8649139037844585,1.143266155273012,-0.1883516347773144,0.9628326716788757,0.5274261603375527,19910.582487483356,0.7919524238735021,2015-06-22,2018-12-19,
SingleAgentDQN,2,MS,-0.1942592338749678,0.1910674838094715,-1.0340413118572778,-1.2711940404230864,-0.5828764796119377,-0.3332768445285354,0.4251207729468599,5217.244268088075,-0.5304480158720732,0.5867346938775511,-0.1062880923646437,0.1908373639565317,-0.4929415794751932,-0.5859303310244801,-0.4250030077517226,-0.2500878592057751,0.491825613079019,7498.05973570849,-0.3251746237862359,2015-06-22,2018-12-19,
SingleAgentDQN,2,CAT,0.1062099063687014,0.212993957884345,0.580025586653916,0.8518541071494945,-0.2751914003386337,0.3859492202082114,0.4609101516919486,15819.35937885466,0.4237423440969194,0.5340136054421769,0.2154840008560634,0.2127909793913388,1.0232668038768813,1.486469071312656,-0.2516470323917128,0.8562946234972557,0.5068836045056321,21997.830633923644,0.979804757053128,2015-06-22,2018-12-19,
SingleAgentDQN,2,RTX,-0.0680388019772715,0.1449198599251528,-0.4138320820149579,-0.5408934048492049,-0.3423086877099578,-0.1987644614936609,0.4151177199504337,8682.602101283574,-0.2185658108844783,0.5873015873015873,0.0337938630288414,0.1443203230532432,0.3022963898560753,0.3720200058470922,-0.2495144688364404,0.1354384905469899,0.5064377682403434,12481.773992664776,0.1233596593398298,2015-06-22,2018-12-19,
SingleAgentDQN,2,BA,-0.0750675233339084,0.1951029313148415,-0.3026556452234625,-0.404727885217465,-0.3177000780142459,-0.2362842458305671,0.4357743097238895,8455.564205211514,-0.2389992215309637,0.5521541950113379,0.019648070641113,0.1947302456915246,0.1969442204611099,0.2534348794174074,-0.2550817104910685,0.0770265755364731,0.5100942126514132,11894.153716508514,0.0704738344857662,2015-06-22,2018-12-19,
MultiAgentA2C,2,PORTFOLIO,0.0072243611474638,0.0660896110883777,0.1420005872761439,0.1801450891238347,-0.1083701131692709,0.0666637778275602,0.5017026106696936,102551.44269048514,0.0255144269048515,0.0765306122448979,0.0581684655072325,0.0670226339512425,0.8772314561763066,1.0941439970971902,-0.09729620803017,0.5978492552268369,0.5380249716231555,121882.63995974696,0.2188263995974697,2015-06-22,2018-12-19,{'rollout_len': 20}
MultiAgentA2C,2,NVDA,0.0584910857631757,0.270050248915787,0.3470383238621079,0.4020277765923916,-0.468076982973451,0.124960397308178,0.4675,13556.972269100526,0.2201275042190473,0.3475056689342403,0.1254547241829844,0.269855912509011,0.574446504806907,0.6296641421613481,-0.4406625241413419,0.2846956963890694,0.5234159779614325,16803.725958694456,0.5123353362825012,2015-06-22,2018-12-19,
MultiAgentA2C,2,AAPL,-0.102961250270246,0.1262062547823298,-0.7977272629932264,-1.0434172813676903,-0.4825977798150799,-0.2133479567802785,0.4427083333333333,7596.205479054688,-0.3163415068850781,0.2069160997732426,-0.0696268694867859,0.1264325421130274,-0.5076080028728688,-0.6589743515299272,-0.427902761365402,-0.1627165696818885,0.4784422809457579,8630.929083532626,-0.2232163824820636,2015-06-22,2018-12-19,
MultiAgentA2C,2,MSFT,0.0644181652070505,0.1266416048150499,0.5560918303775468,0.4828155408968255,-0.1358004304810613,0.4743590648339975,0.4016853932584269,13824.532759860787,0.2442079483874708,0.2120181405895691,0.1049577726713908,0.1267547217665713,0.8506536113275373,0.6383071146356323,-0.1139619018814465,0.9209900057703267,0.5527272727272727,15756.776500998863,0.4181098850898976,2015-06-22,2018-12-19,
MultiAgentA2C,2,JPM,-0.0414155332310228,0.1223652372537297,-0.2845563587111813,-0.3879989906512901,-0.3000267416812772,-0.1380394727447968,0.4850574712643678,9582.169435726157,-0.1376047507846459,0.1383219954648526,-0.017748352913431,0.1224941752582285,-0.0850636883246509,-0.1166035204817598,-0.2870571009818441,-0.0618286496056879,0.4970828471411902,10436.074497102138,-0.0607532952608076,2015-06-22,2018-12-19,
MultiAgentA2C,2,BAC,-0.0415573368585524,0.1909238077641461,-0.1270166913079424,-0.1462877923245643,-0.5165013463095174,-0.0804593001654034,0.4269480519480519,9577.209128961364,-0.1380511783934772,0.2358276643990929,-0.000855009910796,0.1910096909747573,0.0908304157623988,0.0998488478401487,-0.491999555686444,-0.0017378265913331,0.5076335877862596,11077.896247262088,-0.002989337746412,2015-06-22,2018-12-19,
MultiAgentA2C,2,MS,-0.0302378062526307,0.1293524436212646,-0.1728563299867004,-0.2409096495045718,-0.3996150217296514,-0.0756673413370513,0.4532467532467532,9978.973341695377,-0.1018923992474161,0.1173469387755102,-0.0099616297797384,0.1294223902554687,-0.0128214961561743,-0.0177833682620193,-0.3619129678582181,-0.0275249318605267,0.4936886395511921,10728.51427885712,-0.0344337149028592,2015-06-22,2018-12-19,
MultiAgentA2C,2,CAT,-0.1148834228225931,0.218303433911015,-0.4498584636472144,-0.5592689445596407,-0.5132472092076901,-0.2238364296221716,0.4427792915531335,7248.683738432302,-0.3476184635410928,0.2902494331065759,-0.0683085785928623,0.2180291172087446,-0.2155934399491991,-0.2597223884171171,-0.4341543964133856,-0.1573370652403147,0.4977578475336323,8673.808490006562,-0.2193572358994093,2015-06-22,2018-12-19,
MultiAgentA2C,2,RTX,0.0773515022431927,0.1612008454536798,0.5428304082768685,0.7435931147450265,-0.1781546744070029,0.4341817159760822,0.4942528735632184,14421.434641250038,0.2979291177125034,0.463718820861678,0.1691082102274486,0.1613997146456114,1.0489778195949304,1.4141983951239936,-0.1706262436368724,0.9911031657436328,0.5248815165876777,19197.690111229327,0.7277921100106395,2015-06-22,2018-12-19,
MultiAgentA2C,2,BA,0.1247180678926338,0.1891685338215304,0.7160715238768601,0.9485364388049772,-0.1852199782865476,0.6733510555739655,0.4807467911318553,16765.261896403903,0.5088735706763512,0.3321995464852608,0.1925195774930934,0.1893396131402331,1.024921288602226,1.31661430969499,-0.182074458753995,1.057367292538329,0.5286783042394015,20577.224792063786,0.8519502312857403,2015-06-22,2018-12-19,
MultiAgentPPO,2,PORTFOLIO,0.0183683107662124,0.0732465839464617,0.2851037458426433,0.383447988736029,-0.1305231535877321,0.1407283708776319,0.5119182746878547,106577.87779324807,0.0657787779324807,0.0568783068783068,0.0500699672257571,0.0729445724693193,0.7062848826446935,0.9478139588058444,-0.1137087070192097,0.4403353844952123,0.5300794551645857,118648.93144469587,0.1864893144469588,2015-06-22,2018-12-19,"{'rollout_len': 32, 'clip_eps': 0.21973169683940733, 'gae_lambda': 0.9140416776398192}"
MultiAgentPPO,2,NVDA,0.0712819047672856,0.2452789488478403,0.4014456338542815,0.5747227682477166,-0.2377093832887004,0.2998699663475762,0.5005959475566151,14139.064733544605,0.2725158260190143,0.173469387755102,0.1045097422791672,0.2454901733784736,0.5257487960316485,0.7482269604755576,-0.2207085212112275,0.4735192900828097,0.5170731707317073,15734.426523820528,0.4160983871438475,2015-06-22,2018-12-19,
MultiAgentPPO,2,AAPL,-0.0669555036851785,0.2000147956580221,-0.2459887357818381,-0.2918961876283026,-0.3040000591034695,-0.220248324564929,0.5,8717.977317352348,-0.2153820414382886,0.0941043083900226,-0.0512549269788012,0.1996077732536795,-0.1633272401678803,-0.1923224079263613,-0.2941161426248576,-0.1742676431200734,0.5116822429906542,9242.316952992049,-0.1681914742307156,2015-06-22,2018-12-19,
MultiAgentPPO,2,MSFT,0.0707894095372327,0.1804693827638719,0.4694424638020322,0.5883710062636964,-0.3075927216842605,0.2301400668702983,0.5298850574712644,14116.327511546446,0.2704694760391801,0.1524943310657596,0.1000365958500981,0.1801780568203251,0.6194982544229142,0.7744641267600402,-0.2937876547804976,0.3405064652047416,0.5406976744186046,15512.523685132994,0.3961271316619694,2015-06-22,2018-12-19,
MultiAgentPPO,2,JPM,-0.0044814455824394,0.1554503640251619,0.0488653449199818,0.0651491256729835,-0.2146891050376593,-0.0208741173971234,0.5102974828375286,10937.806759637688,-0.015597391632608,0.2227891156462585,0.035415351614223,0.1554808083618827,0.3016200915734578,0.400773905371154,-0.1962787722675329,0.1804339369208557,0.5207852193995381,12550.429537438047,0.1295386583694242,2015-06-22,2018-12-19,
MultiAgentPPO,2,BAC,-0.0983108711188615,0.1849667712716543,-0.4666394753264201,-0.4462530678203878,-0.4560951918032729,-0.2155490189014442,0.4299065420560747,7734.930368585331,-0.3038562668273202,0.1780045351473922,-0.0694943151740132,0.1847419025019004,-0.2972406170736595,-0.2803314575561561,-0.433367041777188,-0.1603590224328669,0.4871794871794871,8635.233751306974,-0.2228289623823723,2015-06-22,2018-12-19,
MultiAgentPPO,2,MS,-0.0271883680995896,0.1965583853019061,-0.0412605794709566,-0.0471996957415364,-0.4128160102140001,-0.0658607404434132,0.46,10089.232551610346,-0.0919690703550688,0.1655328798185941,0.0016646764925849,0.1964401727686009,0.1073603572290219,0.1193200465207017,-0.4023340996288744,0.0041375476106064,0.4935622317596566,11175.983350988448,0.0058385015889601,2015-06-22,2018-12-19,
MultiAgentPPO,2,CAT,0.0216029405815005,0.2188006536234293,0.2068520499450578,0.2903797703491674,-0.5825400416595496,0.0370840440769664,0.4498094027954257,11974.157347039243,0.0776741612335318,0.2919501133786848,0.0757414339143631,0.2181546964112455,0.4435355521703867,0.6184908371456976,-0.5409715158363708,0.1400100221492491,0.48582995951417,14346.142101819172,0.2911527891637255,2015-06-22,2018-12-19,
MultiAgentPPO,2,RTX,-0.0212882935726477,0.1738115174342797,-0.0365147327820193,-0.0450145564250375,-0.3023106073518306,-0.0704186126948311,0.5057077625570776,10305.029300619855,-0.072547362944213,0.1655328798185941,0.0077408899211233,0.1736486353356293,0.1316066713814301,0.1614144242480434,-0.2916708136675279,0.0265398166645054,0.511441647597254,11415.069848764471,0.0273562863888023,2015-06-22,2018-12-19,
MultiAgentPPO,2,BA,0.1579382549724381,0.1639970149343438,0.9757431663886438,1.2624087551410033,-0.281658038615999,0.5607447092527854,0.4650793650793651,18563.351903312196,0.6707016712980975,0.1235827664399093,0.1834860460670975,0.1637755819967448,1.110171396819925,1.4005825225851387,-0.2704604755053885,0.6784209253652732,0.5025641025641026,20036.805692433227,0.8033125123189904,2015-06-22,2018-12-19,
MultiAgentDQN,2,PORTFOLIO,-0.0498883462232253,0.0667270708516643,-0.7335342375577152,-1.0965957066410117,-0.2303141659424826,-0.2166099771547885,0.4721906923950056,83600.95867923406,-0.1639904132076594,0.1107961703199798,0.0445087340014187,0.0665666227102148,0.6874742947413551,1.03429084260445,-0.0795928240069484,0.5592053625026941,0.5164585698070374,116464.15107487264,0.1646415107487264,2015-06-22,2018-12-19,"{'rollout_len': 16, 'epsilon_decay_frac': 0.6464704583099741}"
MultiAgentDQN,2,NVDA,-0.1592999369105062,0.3544024000556878,-0.3109905799654082,-0.3887866730092567,-0.6915662553086933,-0.2303466019165435,0.4816933638443936,6053.426457668467,-0.4551916188098379,0.6122448979591837,-0.0633087343520705,0.35425015870221,-0.0062549243240102,-0.0076490077268088,-0.5799564810959876,-0.1091611809086626,0.5184743742550656,8837.819706721026,-0.2045962263951076,2015-06-22,2018-12-19,
MultiAgentDQN,2,AAPL,-0.0860326413222406,0.2214306641351932,-0.295194958840961,-0.377263019681675,-0.5116325895179945,-0.1681531690608125,0.4631336405529954,8109.888632803058,-0.2701100230477248,0.5544217687074829,0.0079734007558571,0.2210878289972157,0.1467054263529514,0.1830636723564581,-0.414352160986709,0.0192430533893436,0.5129151291512916,11424.29059737255,0.0281861537635295,2015-06-22,2018-12-19,
MultiAgentDQN,2,MSFT,-0.1904184489063713,0.1964041466778849,-0.9767635748663016,-1.2441952416167723,-0.5805357061688687,-0.3280047150984054,0.4270711785297549,5304.807152023938,-0.5225673563178456,0.5232426303854876,-0.1121460109736887,0.1967923095613306,-0.5058145648554134,-0.6164873375138754,-0.4473936126568024,-0.2506652035278751,0.4993531694695989,7327.450891721208,-0.3405294197450913,2015-06-22,2018-12-19,
MultiAgentDQN,2,JPM,-0.1111469789197477,0.1812203429351066,-0.5596004756633726,-0.7713628297723393,-0.3823247842546196,-0.2907135071989642,0.4320276497695852,7356.349011981529,-0.3379285889216624,0.5600907029478458,-0.0187471663353259,0.180858465574471,-0.0144366485587043,-0.0194831675924334,-0.2287051771528934,-0.081970887448661,0.4820322180916976,10398.97955245425,-0.0640918402791175,2015-06-22,2018-12-19,
MultiAgentDQN,2,BAC,-0.1250708088161068,0.1842721768273192,-0.6328169087108253,-0.8042870508817378,-0.4798251517395773,-0.2606591346090762,0.3859649122807017,6960.856225887238,-0.3735229396701486,0.6587301587301587,-0.0171480506174139,0.183879961133494,-0.0022327027847299,-0.002704618933509,-0.3382284878479403,-0.0506996046563746,0.4966101694915254,10458.414550236415,-0.0587426904787226,2015-06-22,2018-12-19,
MultiAgentDQN,2,MS,-0.04644674613887,0.2174981975420244,-0.1098322459285143,-0.1478028661877621,-0.3606280773228041,-0.128794037568225,0.4280397022332506,9407.296321971664,-0.1533433310225502,0.518140589569161,0.0449045120397841,0.2171461120647941,0.3109044128702199,0.4052705389126175,-0.2501980970292009,0.1794758336413059,0.4814305364511692,12957.630946325538,0.1661867851692984,2015-06-22,2018-12-19,
MultiAgentDQN,2,CAT,-0.0660776714345702,0.2129142166850902,-0.2147619799395307,-0.2930298843599894,-0.5061136440966145,-0.1305589608288772,0.4369747899159664,8746.718434184897,-0.2127953409233592,0.5929705215419501,0.037037991671097,0.2123869673834434,0.2772021371779579,0.3713839931677482,-0.3223055846367478,0.1149157614282123,0.482444733420026,12619.403441780103,0.1357463097602091,2015-06-22,2018-12-19,
MultiAgentDQN,2,RTX,-0.0293524190283326,0.1238559605811431,-0.1787451146345586,-0.2357628915283142,-0.2378082045559745,-0.123428958572469,0.4571092831962397,10010.897355323794,-0.0990192380208585,0.5147392290249433,0.0629462385357737,0.123553568511928,0.5557213195434458,0.7145075131224776,-0.1647403939333308,0.3820935292970563,0.5190839694656488,13757.738126437382,0.2381964313793643,2015-06-22,2018-12-19,
MultiAgentDQN,2,BA,0.2099729657258982,0.1810915025960877,1.1432702045923946,1.516921658482215,-0.1885131515438387,1.1138372257124405,0.5126436781609195,21650.71908738946,0.9485647178650516,0.4557823129251701,0.311214714381745,0.1809621187430035,1.5883794974305168,2.048079089790632,-0.1569119934537911,1.9833711084257832,0.5604395604395604,28682.42326182416,1.5814180935641744,2015-06-22,2018-12-19,
GARL_DDAL,2,PORTFOLIO,-0.0196879115593207,0.0690810903337696,-0.2533433335231583,-0.3414933256779062,-0.1553859035476528,-0.1267033309317079,0.4937570942111237,93277.1467865508,-0.0672285321344919,0.0840262030738221,0.0334649550033652,0.0701095914944491,0.504539367910988,0.6707270093893092,-0.0924584674617556,0.3619458111525327,0.5255391600454029,112210.92429273966,0.1221092429273964,2015-06-22,2018-12-19,{'rollout_len': 20}
GARL_DDAL,2,NVDA,0.0297680067334014,0.2802881733069948,0.2459735535413154,0.2937099606062296,-0.4371190075845704,0.0681004628416716,0.4591836734693877,12312.475308190342,0.1081227777371307,0.3832199546485261,0.1018460175395508,0.2800765473047655,0.4875219982462354,0.5519971828492692,-0.4135483906196598,0.246273519253563,0.5198300283286119,15602.013977383142,0.4041812579644828,2015-06-22,2018-12-19,
GARL_DDAL,2,AAPL,-0.1373453085443048,0.1276006605399126,-1.093682455274314,-1.3236234030248315,-0.5009112141665498,-0.2741909237804334,0.4191279887482419,6625.016288700726,-0.4037485340169346,0.3191609977324263,-0.0873871665429467,0.1278598401873714,-0.651139588411115,-0.7710144053233448,-0.4340338888496349,-0.2013371969054261,0.4774494556765163,8067.899718028799,-0.2738890253774081,2015-06-22,2018-12-19,
GARL_DDAL,2,MSFT,0.0381389381077508,0.1163164703567739,0.3793585993394602,0.4142288202942606,-0.1894779717226764,0.2012842852443644,0.3732718894009216,12666.355500412212,0.139971995037099,0.2607709750566893,0.0869801660509328,0.1164848501107964,0.7737113726714775,0.7510157917467478,-0.1309130929165671,0.6644115123486279,0.5151515151515151,14877.609636534306,0.3389848672880875,2015-06-22,2018-12-19,
GARL_DDAL,2,JPM,-0.038018679783212,0.1285209461716252,-0.2370286140168704,-0.2949451639374745,-0.300100070330309,-0.1266866740196571,0.4827586206896552,9701.541079789731,-0.1268613028189241,0.2006802721088435,-0.0033374085637435,0.1284429126717401,0.038436206047584,0.0477975937132249,-0.242331062758062,-0.0137721038556065,0.5,10981.863542105044,-0.011632281210546,2015-06-22,2018-12-19,
GARL_DDAL,2,BAC,-0.0647661110819927,0.1696207770589365,-0.3100603580527455,-0.3488124561238506,-0.5007065582711003,-0.129349436335775,0.3976311336717428,8789.786261045903,-0.2089192365058687,0.2675736961451247,-0.0195941572012214,0.1698658357070653,-0.0317466949468196,-0.0333753338498795,-0.4473598172075703,-0.0437995466904663,0.4917695473251028,10367.597023950688,-0.0669162678444381,2015-06-22,2018-12-19,
GARL_DDAL,2,MS,-0.0389224174333885,0.1382745757253504,-0.2182840353407833,-0.3262487967940873,-0.4302346690171896,-0.0904678777335664,0.4522370012091898,9669.67897598434,-0.1297288921614092,0.151360544217687,-0.0129403331498066,0.1384853676493362,-0.0251516274497966,-0.0376038578348307,-0.3842111200161761,-0.0336802671126798,0.4928292046936114,10615.96338953072,-0.0445632949422352,2015-06-22,2018-12-19,
GARL_DDAL,2,CAT,-0.1894126477021036,0.2175180930592437,-0.8563651437263884,-1.0509224635389287,-0.639236697861157,-0.2963106597851244,0.4194915254237288,5327.909894250801,-0.5204881095174279,0.3310657596371882,-0.1405943977481883,0.2173460770707231,-0.5883470028500185,-0.6985205739988964,-0.5665761416756039,-0.248147402275697,0.4817749603803486,6538.093424183778,-0.41157159182346,2015-06-22,2018-12-19,
GARL_DDAL,2,RTX,0.1176145761251157,0.1708156673941177,0.7364741860135705,1.0141350936791445,-0.2404944356248517,0.4890532116451259,0.5028571428571429,16397.57745769599,0.475781971192639,0.3424036281179138,0.1871966424849591,0.1706351075408483,1.0912252014602148,1.4786446614754556,-0.2313797639843213,0.80904500575791,0.5221445221445221,20257.544403660573,0.8231789963294516,2015-06-22,2018-12-19,
GARL_DDAL,2,BA,0.0170102437555199,0.20570281771035,0.1852621594484781,0.2345836238033483,-0.2896881577291333,0.0587191547243882,0.477751756440281,11786.806020480735,0.0608125418432663,0.3798185941043084,0.0874960818422683,0.2055899898967439,0.511255184488536,0.6261048404070209,-0.251223651939732,0.3482796351645203,0.527363184079602,14902.33917736261,0.3412105259626348,2015-06-22,2018-12-19,
GARL_DDAL_SECTOR,2,PORTFOLIO,-0.0165153800939461,0.0682791068712575,-0.2097532914071068,-0.2725109806385789,-0.1588959766329015,-0.1039383151412433,0.4994324631101021,94337.96513059996,-0.0566203486940002,0.0826404635928445,0.0382807927129558,0.0691728807538545,0.5777013666986737,0.7412354514456169,-0.1005705978108109,0.3806360262963535,0.5300794551645857,114051.728105714,0.14051728105714,2015-06-22,2018-12-19,{'rollout_len': 20}
GARL_DDAL_SECTOR,2,NVDA,0.0482473654406967,0.27733437276639,0.3097955112274074,0.3654348824616675,-0.4215436821674875,0.1144540114861148,0.4634146341463415,13103.30104794578,0.1792970943151202,0.3786848072562358,0.1206711127855899,0.2772721972213544,0.5507834731449032,0.6149836037984281,-0.3877347423358346,0.3112207899107252,0.5242165242165242,16555.073431445726,0.4899566088301152,2015-06-22,2018-12-19,
GARL_DDAL_SECTOR,2,AAPL,-0.1590315447003868,0.1299958026108259,-1.2668744266214476,-1.5563855472550645,-0.5378790148884985,-0.2956641555041031,0.4157458563535912,6060.193072314772,-0.4545826234916705,0.3735827664399093,-0.1017429634280142,0.1302901642921299,-0.7582180775694386,-0.9139076331415568,-0.458394898926575,-0.2219548334116852,0.4680851063829787,7632.374791518667,-0.31308626876332,2015-06-22,2018-12-19,
GARL_DDAL_SECTOR,2,MSFT,0.0561563299339102,0.1169981541566651,0.5249407147534104,0.5742516853214374,-0.1644110381700442,0.3415605823000149,0.3800904977375565,13452.599487005056,0.2107339538304551,0.2709750566893424,0.1078716475733763,0.1168800461320729,0.934437470570602,0.910816744530896,-0.1033731361815248,1.043517218863825,0.5192878338278932,15902.688753337545,0.4312419878003788,2015-06-22,2018-12-19,
GARL_DDAL_SECTOR,2,JPM,-0.035195166340457,0.1186716197716641,-0.2425956849402485,-0.3307798134473229,-0.3322090215632722,-0.1059428373583581,0.4766899766899767,9801.569815639425,-0.1178587165924518,0.2086167800453514,0.0009573864986114,0.1188292515411407,0.0674141847619979,0.0920986387196826,-0.2708213933266924,0.0035351213833263,0.4981992797118847,11148.387386015973,0.0033548647414374,2015-06-22,2018-12-19,
GARL_DDAL_SECTOR,2,BAC,-0.0682472791953968,0.1685301422887994,-0.3351775778372612,-0.3713226738934265,-0.4966291898341581,-0.1374209985888808,0.4013377926421405,8675.806040193302,-0.2191774563826029,0.2857142857142857,-0.0201045114776811,0.1687390255932128,-0.0360765677265688,-0.0372837010318732,-0.4274698180509929,-0.0470314174912878,0.4939024390243902,10348.720178961212,-0.0686151838934909,2015-06-22,2018-12-19,
GARL_DDAL_SECTOR,2,MS,-0.0368376055667281,0.1349437081108261,-0.2108679831441215,-0.3051744598822181,-0.4052611450329338,-0.0908984392365926,0.4540942928039702,9743.293891403897,-0.1231035497736494,0.1479591836734693,-0.0113793473470122,0.1350518629348508,-0.0174400227892831,-0.0251944553778204,-0.3576625292919504,-0.0318158778598907,0.4953271028037383,10674.8398038221,-0.0392644176560109,2015-06-22,2018-12-19,
GARL_DDAL_SECTOR,2,CAT,-0.1796148348137713,0.2215526703834416,-0.7825782077226281,-0.973187454570392,-0.6364767514640823,-0.2822017212735655,0.4297635605006954,5556.736274280863,-0.4998937353147223,0.3027210884353741,-0.1345421210393369,0.2213450383190448,-0.5420600010554316,-0.6568486489547571,-0.5673958772638306,-0.2371221336470459,0.4839203675344563,6700.670565112648,-0.3969396491398617,2015-06-22,2018-12-19,
GARL_DDAL_SECTOR,2,RTX,0.1148745197958327,0.1635663244912162,0.7464162099376568,1.1198474680053083,-0.2102847219351394,0.5462808650039008,0.5,16257.301316174406,0.4631571184556964,0.3877551020408163,0.1938504572025532,0.1630858454810517,1.168026295833863,1.7343722149498273,-0.1671668660911455,1.159622488208033,0.5168800931315483,20657.713304614652,0.8591941974153186,2015-06-22,2018-12-19,
GARL_DDAL_SECTOR,2,BA,0.0145463700221484,0.2101720355133357,0.1743370865346119,0.2143146143938775,-0.3343924535147766,0.0435008920484075,0.4804733727810651,11687.164185642469,0.051844776707822,0.3412698412698413,0.077561163826245,0.2098509742687632,0.4614740564340516,0.5477006723795915,-0.3047973797273138,0.2544679481681729,0.5259822560202788,14431.259890885469,0.2988133901796921,2015-06-22,2018-12-19,
GARL_DDAL_TUNED,2,PORTFOLIO,0.0339720914232122,0.0731203897630806,0.4935113294507663,0.6230698723512939,-0.1166509095728731,0.2912286886369237,0.5073779795686719,112403.76495187826,0.1240376495187824,0.0749559082892416,0.0862899050553342,0.0754115287326172,1.135475282697515,1.410144578871793,-0.1022613120099082,0.8438176995712073,0.5323496027241771,133601.1211717307,0.3360112117173068,2015-06-22,2018-12-19,"{'rollout_len': 20, 'staleness_epochs': 2, 'share_threshold_frac': 0.5, 'minibatch_epochs': 2}"
GARL_DDAL_TUNED,2,NVDA,0.0794085991517004,0.2968865963613829,0.4076884165530402,0.4712465838023534,-0.5390984348447636,0.1472988864724984,0.4773561811505508,14518.041986094126,0.3066237787484713,0.3866213151927438,0.1556254500099367,0.2967216904202281,0.6377600036532182,0.6966588205840907,-0.5158063841880617,0.3017129193833245,0.535475234270415,18433.904458051016,0.6590514012245914,2015-06-22,2018-12-19,
GARL_DDAL_TUNED,2,AAPL,-0.0652891904377054,0.1154209413690501,-0.5271362691091301,-0.6117562161352134,-0.4625658506789822,-0.1411457208565439,0.4264705882352941,8772.591741129349,-0.2104667432983586,0.169501133786848,-0.0369148089307748,0.1154483015429385,-0.2680209582714072,-0.3049543182177719,-0.4219215776868193,-0.0874921096312728,0.4766187050359712,9740.560718924036,-0.1233495352968367,2015-06-22,2018-12-19,
GARL_DDAL_TUNED,2,MSFT,0.1442859805580689,0.123966023435932,1.148825827784491,1.3514960806633296,-0.0866763834499397,1.6646516019141684,0.4072494669509595,17808.547972111824,0.6027693174900641,0.2324263038548752,0.1921032823027679,0.1242959712362796,1.4756340665480938,1.5503916394820387,-0.0821385770093663,2.3387705180339595,0.5424657534246575,20552.09428771381,0.8496884858942431,2015-06-22,2018-12-19,
GARL_DDAL_TUNED,2,JPM,-0.0366793248613523,0.1198604709255378,-0.2516839502528066,-0.3235154166595916,-0.2880590822164499,-0.1273326450224237,0.4856815578465063,9748.899096604668,-0.1225990813055799,0.1094104308390022,-0.0179028788094484,0.1198712477211273,-0.0906552405876539,-0.1177087115117713,-0.272855005147206,-0.0656131589002362,0.4896788990825688,10430.329387542346,-0.0612703551211888,2015-06-22,2018-12-19,
GARL_DDAL_TUNED,2,BAC,-0.0505360544449969,0.1739011786007775,-0.2114152605619183,-0.225432706431905,-0.5062624244145555,-0.099821855243231,0.4227005870841487,9266.85062509112,-0.165983443741799,0.2363945578231292,-0.0101152401689958,0.1740057156374061,0.0283590512875722,0.0291237183691708,-0.473308605830143,-0.0213713421737908,0.492099322799097,10722.689332098758,-0.0349579601111117,2015-06-22,2018-12-19,
GARL_DDAL_TUNED,2,MS,-0.0777166217308794,0.1403954865732143,-0.5062553772676087,-0.787711996900085,-0.4855366758013566,-0.1600633394019342,0.4588644264194669,8371.105715189402,-0.2466004856329539,0.1547619047619047,-0.0521808605898616,0.1403745624559086,-0.3118511591837878,-0.4867638246293812,-0.4404151594700063,-0.1184810728419426,0.4849578820697954,9210.785111276038,-0.1710293399851565,2015-06-22,2018-12-19,
GARL_DDAL_TUNED,2,CAT,-0.1537537992995685,0.2263867050966917,-0.6240610218757682,-0.781769652078982,-0.5878921643904772,-0.2615340169722784,0.4419225634178905,6194.35444272479,-0.4425081001547689,0.3151927437641723,-0.1053296632241514,0.2263342070491594,-0.3785513451049855,-0.4612065515136927,-0.5041310293004562,-0.2089331088592371,0.4955621301775147,7526.241067100702,-0.3226383039609368,2015-06-22,2018-12-19,
GARL_DDAL_TUNED,2,RTX,-0.0147503957875236,0.1710573457724414,-0.0010118941301681,-0.0012851977615561,-0.3294211522437255,-0.0447767111706611,0.5,10547.983270792549,-0.0506815056286708,0.3718820861678004,0.0520769200781519,0.1708853146205462,0.3828702789421802,0.480721201208511,-0.2993305284975216,0.1739779779214303,0.513203214695752,13271.613250531838,0.1944451925478654,2015-06-22,2018-12-19,
GARL_DDAL_TUNED,2,BA,0.2911498708965949,0.2033018138192313,1.3586459259196615,1.9521625841430448,-0.1713083467112576,1.6995661710945804,0.4958968347010551,27175.390102140424,1.445785109192638,0.3492063492063492,0.373173246882484,0.2030067144186253,1.6640591521567063,2.3220240372293603,-0.1335533343471941,2.7941889186559568,0.5420326223337516,33712.90355849214,2.034161320264292,2015-06-22,2018-12-19,
RandomForest,3,NVDA,0.0700552690572793,0.209803128646254,0.4275521481384549,0.5466003236101182,-0.2584633422778162,0.2710452803089521,0.4908256880733945,126742.343915503,0.2674234391550298,0.2315697981097716,0.1146593486154048,0.2098077679776561,0.6222395480578272,0.7869195521816655,-0.2489239301146623,0.4606200318410089,0.5137931034482759,146216.8992413877,0.462168992413877,2018-12-20,2022-06-22,"{'n_estimators': 500, 'max_depth': 7, 'min_samples_leaf': 50, 'max_features': 'sqrt'}"
RandomForest,3,AAPL,0.1143295227647864,0.1385045414374663,0.8502516345265281,1.3466785805904546,-0.1419510622365933,0.8054150561707711,0.4598623853211009,146065.52656043074,0.4606552656043072,0.257560082051829,0.1660582526806624,0.1387671502799255,1.176051471052686,1.838294834811779,-0.112725738459292,1.4731174525916286,0.4948335246842709,171206.74260895702,0.7120674260895703,2018-12-20,2022-06-22,"{'n_estimators': 400, 'max_depth': 8, 'min_samples_leaf': 20, 'max_features': 'log2'}"
RandomForest,3,MSFT,0.0608964585162543,0.1448996976880193,0.479645509692042,0.6442299277965959,-0.110144619196276,0.5528772895182268,0.4724770642201835,122985.94960588116,0.2298594960588116,0.2106012264047477,0.1010596166859283,0.1447692077085796,0.7366935785424609,0.960639267682814,-0.1092056654358651,0.9254063539888332,0.5161290322580645,140067.67520258643,0.4006767520258643,2018-12-20,2022-06-22,"{'n_estimators': 500, 'max_depth': 7, 'min_samples_leaf': 50, 'max_features': 'log2'}"
RandomForest,3,JPM,0.0363527007269524,0.1802494348343939,0.2868391355595347,0.3562151425756651,-0.1756701804669288,0.2069372310674893,0.4621559633027522,113312.16625325102,0.1331216625325102,0.2181043440129623,0.0769956891375922,0.1802618153080531,0.5002512495659429,0.6028313654011309,-0.1745403723660955,0.4411339800289589,0.5057471264367817,129642.94182353532,0.2964294182353533,2018-12-20,2022-06-22,"{'n_estimators': 200, 'max_depth': 3, 'min_samples_leaf': 29, 'max_features': 0.5}"
RandomForest,3,BAC,-0.1130261425744656,0.1762727441774875,-0.5933801582943382,-0.7727200256071481,-0.4299001763963714,-0.2629125289547558,0.4449541284403669,65718.5342863376,-0.3428146571366239,0.2401882809175766,-0.0746223663968471,0.1762899887792864,-0.3529839471886448,-0.4504558302323437,-0.3739608101770114,-0.1995459533888731,0.4797687861271676,76228.34561002898,-0.2377165438997102,2018-12-20,2022-06-22,"{'n_estimators': 500, 'max_depth': 7, 'min_samples_leaf': 24, 'max_features': 0.5}"
RandomForest,3,MS,-0.0059236719485221,0.2010743941615291,0.0682081959298296,0.087989610076315,-0.184893575946154,-0.0320382788758831,0.4598623853211009,97942.02120870556,-0.0205797879129443,0.2068363664891174,0.0310349282006745,0.2009976249478236,0.2497584572710905,0.3149144627867757,-0.1833266179049483,0.1692876274888004,0.4919354838709677,111290.17445359548,0.1129017445359548,2018-12-20,2022-06-22,"{'n_estimators': 450, 'max_depth': 4, 'min_samples_leaf': 13, 'max_features': 0.5}"
RandomForest,3,CAT,0.0318971937940666,0.1498836585338035,0.2838456717904388,0.3547005490493389,-0.1280937401597908,0.2490144620203642,0.4793577981651376,111616.27122982904,0.1161627122982904,0.2426202834684664,0.0769959011156613,0.1499792587483431,0.5690256537003753,0.6891581066295627,-0.1280851509975582,0.6011305800555223,0.5263761467889908,129643.03113228212,0.2964303113228212,2018-12-20,2022-06-22,"{'n_estimators': 100, 'max_depth': 7, 'min_samples_leaf': 5, 'max_features': 'sqrt'}"
RandomForest,3,RTX,-0.0663618674185672,0.1794418834194014,-0.2923886215993924,-0.3069028668634119,-0.351605743644738,-0.1887394293695587,0.4805045871559633,78636.65555369247,-0.2136334444630753,0.1814150285243575,-0.0359873025861737,0.1794114654063101,-0.1140682613129205,-0.1158742192024199,-0.3503351935527142,-0.1027224876302895,0.5184757505773672,87960.89502097075,-0.1203910497902924,2018-12-20,2022-06-22,"{'n_estimators': 350, 'max_depth': 4, 'min_samples_leaf': 7, 'max_features': 'log2'}"
RandomForest,3,BA,-0.2531310935778452,0.2842962407496591,-0.8798779565000107,-0.9151317625701192,-0.6986051406985403,-0.3623378627370787,0.4369266055045872,36004.37924221915,-0.6399562075778085,0.189798725152942,-0.2276671528436608,0.2842627155508993,-0.7622016127390107,-0.7741388159882538,-0.6849722179911291,-0.3323742874000902,0.4678160919540229,40487.01605614476,-0.5951298394385524,2018-12-20,2022-06-22,"{'n_estimators': 450, 'max_depth': 4, 'min_samples_leaf': 13, 'max_features': 0.5}"
LSTM,3,NVDA,-0.0291538658830626,0.1949743305454525,-0.0543393870812673,-0.0716296474931174,-0.2901279460390517,-0.1004862381617609,0.4770642201834862,90162.59849219816,-0.0983740150780182,0.1073422319964303,-0.0106089384535182,0.1950613206481208,0.04275775473086,0.0562411928718876,-0.283594077212089,-0.0374088858195168,0.4839080459770115,96335.85113272836,-0.0366414886727165,2018-12-20,2022-06-22,"{'lookback': 20, 'hidden_size': 64, 'num_layers': 2, 'dropout': 0.07176295821684037, 'lr': 0.0001054757774732708, 'epochs': 18}"
LSTM,3,AAPL,0.0213777628175457,0.1397028628519077,0.2210395509035151,0.2776049935408262,-0.1912201841894684,0.1117965810364655,0.4805045871559633,107684.30115914208,0.0768430115914207,0.1293098779325794,0.0449393384106058,0.1397146716823775,0.3842840546774163,0.4742174447277736,-0.1799835618333182,0.2496857932627419,0.5120551090700345,116632.28311980957,0.1663228311980955,2018-12-20,2022-06-22,"{'lookback': 20, 'hidden_size': 32, 'num_layers': 2, 'dropout': 0.09351332282682329, 'lr': 0.0007648565112369949, 'epochs': 21}"
LSTM,3,MSFT,0.0139354359324865,0.1556178767258387,0.1665332921663234,0.2064755757269692,-0.2260947960933541,0.061635367877873,0.4655963302752293,104962.95650371823,0.0496295650371825,0.0832617326563133,0.0289380996441561,0.1556063942907022,0.2609335378326848,0.3170284123045612,-0.22139370355949,0.1307087743639479,0.4942396313364055,110500.02345372865,0.1050002345372864,2018-12-20,2022-06-22,"{'lookback': 20, 'hidden_size': 64, 'num_layers': 2, 'dropout': 0.07916019016453275, 'lr': 0.0014121914543307045, 'epochs': 23}"
LSTM,3,JPM,0.0153593346864127,0.124301071029701,0.1847076766405492,0.2281211712082509,-0.1695341275098024,0.0905973028086904,0.4885321100917431,105479.7715385112,0.054797715385112,0.0866447143930859,0.0310024865710545,0.1242532506768823,0.3077866329004109,0.3758836544008443,-0.1574799309427467,0.1968662697872643,0.5080459770114942,111277.91878327802,0.1127791878327801,2018-12-20,2022-06-22,"{'lookback': 20, 'hidden_size': 16, 'num_layers': 2, 'dropout': 0.07103714499882136, 'lr': 0.00010301249633429113, 'epochs': 18}"
LSTM,3,BAC,-0.0907936420120382,0.1353798163930876,-0.635389013814724,-0.7409639195414197,-0.3444637829882313,-0.2635796460934188,0.485091743119266,71666.90081971181,-0.2833309918028819,0.1270015996261395,-0.0701938292827678,0.1354381680509853,-0.4697033839856971,-0.5424187950013064,-0.2965206949626811,-0.2367248912984038,0.5017341040462427,77512.81054049307,-0.2248718945950693,2018-12-20,2022-06-22,"{'lookback': 20, 'hidden_size': 16, 'num_layers': 2, 'dropout': 0.20259954675500305, 'lr': 0.001640249591094126, 'epochs': 11}"
LSTM,3,MS,0.0210086761884633,0.1696275615993619,0.2081264317379714,0.2289476107383815,-0.2755285847170626,0.0762486266535174,0.4954128440366973,107548.16729509066,0.0754816729509066,0.0950134036020561,0.0382694292063878,0.1695956422318963,0.3069910454674346,0.3340588288739377,-0.2667212344614401,0.143480999117528,0.5080645161290323,114047.35931218509,0.1404735931218508,2018-12-20,2022-06-22,"{'lookback': 20, 'hidden_size': 16, 'num_layers': 2, 'dropout': 0.17750509077901788, 'lr': 0.00010331997911891609, 'epochs': 25}"
LSTM,3,CAT,-0.1096815971743144,0.1459242070574903,-0.7222025348544426,-0.7950465906961875,-0.415095580357582,-0.264232148845887,0.4392201834862385,66589.95571669858,-0.3341004428330142,0.1039230565359632,-0.093208290476848,0.1459678913842334,-0.5963969489114871,-0.6478934692100625,-0.4023635085044259,-0.2316519478202701,0.4598623853211009,71002.95001234909,-0.2899704998765091,2018-12-20,2022-06-22,"{'lookback': 20, 'hidden_size': 32, 'num_layers': 2, 'dropout': 0.04680559213273095, 'lr': 0.00018408992080552527, 'epochs': 11}"
LSTM,3,RTX,-0.0049647561473714,0.1809454607425962,0.0623131236672893,0.074638073806944,-0.2890168164948955,-0.0171780874468913,0.463302752293578,98273.09244702088,-0.0172690755297912,0.1397618157964396,0.0198683350034751,0.1809625010426354,0.1985453393480394,0.2318254465246388,-0.2880326504186965,0.0689794541507489,0.4930715935334873,107128.34061560492,0.0712834061560492,2018-12-20,2022-06-22,"{'lookback': 20, 'hidden_size': 32, 'num_layers': 2, 'dropout': 0.26844820512829465, 'lr': 0.0010370844668954541, 'epochs': 29}"
LSTM,3,BA,-0.1553323814072122,0.3045300301630984,-0.3967828299005262,-0.4026530451251301,-0.6692301708845225,-0.2321060647966741,0.4690366972477064,55386.05829396094,-0.4461394170603906,0.1478386283767295,-0.1329992036821291,0.3045246287559052,-0.3111523475104614,-0.3093342282840631,-0.6580294662086641,-0.2021173982503004,0.493103448275862,60683.16687859476,-0.3931683312140523,2018-12-20,2022-06-22,"{'lookback': 20, 'hidden_size': 64, 'num_layers': 1, 'dropout': 0.24470157658622718, 'lr': 0.000592735859835805, 'epochs': 24}"
TCN,3,NVDA,0.0617822656017825,0.1821724044902075,0.419210375935213,0.5891518098961201,-0.337073942523734,0.1832899486065505,0.5022935779816514,123345.73449545226,0.2334573449545225,0.2949633908473296,0.1184560028710084,0.1822874281866342,0.7043826642030887,0.984742937224296,-0.2863267047681045,0.41370923807804,0.5275862068965518,147967.4422377142,0.4796744223771418,2018-12-20,2022-06-22,"{'lookback': 20, 'n_channels': 32, 'n_layers': 1, 'kernel_size': 5, 'dropout': 0.15742692948967135, 'lr': 0.0005418282319533242, 'epochs': 16}"
TCN,3,AAPL,-0.0672665273686994,0.1312892060643006,-0.4647688397556445,-0.5951925800252736,-0.3022135507349981,-0.2225794548427889,0.4266055045871559,78370.29262612989,-0.2162970737387011,0.31510606349886,-0.0139538062557713,0.1313895747068752,-0.0413611383237198,-0.0516617807187379,-0.2169997947014937,-0.0643033154707187,0.4776119402985074,95200.75958085856,-0.0479924041914144,2018-12-20,2022-06-22,"{'lookback': 20, 'n_channels': 32, 'n_layers': 1, 'kernel_size': 5, 'dropout': 0.15742692948967135, 'lr': 0.0005418282319533242, 'epochs': 16}"
TCN,3,MSFT,0.0723745078643678,0.1290460545092691,0.605006122464935,0.8441265810319258,-0.1039285099869419,0.6963874289495858,0.4587155963302752,127706.4067309579,0.277064067309579,0.2903745727094455,0.1287013230304448,0.1291487737117507,1.001137865796349,1.3485317766471137,-0.1006828758010248,1.2782841372627411,0.5172811059907834,152765.9690850152,0.5276596908501521,2018-12-20,2022-06-22,"{'lookback': 20, 'n_channels': 32, 'n_layers': 2, 'kernel_size': 2, 'dropout': 0.2598528437324805, 'lr': 0.0010502105436744284, 'epochs': 24}"
TCN,3,JPM,-0.0110625444232136,0.142295830034144,-0.0080321572867691,-0.0101438221040716,-0.2036519886708899,-0.0543208268940165,0.466743119266055,96181.35491238051,-0.0381864508761947,0.3187986436700948,0.0461313938513932,0.1423777641148298,0.3869504384890164,0.4702644579789503,-0.1424281819225719,0.3238923170168076,0.5275862068965518,117098.63250259758,0.1709863250259757,2018-12-20,2022-06-22,"{'lookback': 20, 'n_channels': 32, 'n_layers': 1, 'kernel_size': 5, 'dropout': 0.10266824627884982, 'lr': 0.00033529741564246166, 'epochs': 29}"
TCN,3,BAC,-0.0493279349725895,0.1504576213840812,-0.2617797144476051,-0.3317465424353295,-0.2233664151634099,-0.2208386383266363,0.4621559633027522,83773.67432576556,-0.1622632567423444,0.311353879845091,0.004367011143588,0.1503846979820523,0.1033088568900644,0.1277596228042834,-0.1727976417179734,0.0252724001333047,0.5052023121387283,101536.81559722598,0.0153681559722598,2018-12-20,2022-06-22,"{'lookback': 20, 'n_channels': 32, 'n_layers': 1, 'kernel_size': 5, 'dropout': 0.0681417034952636, 'lr': 0.00020826309379237115, 'epochs': 26}"
TCN,3,MS,-0.0924885116824618,0.1410067361829304,-0.6176420670357365,-0.721753378194434,-0.4456759644825895,-0.207524118537191,0.4713302752293578,71200.40440999334,-0.2879959559000666,0.2481986194007376,-0.0518627449116088,0.1410305453825749,-0.307092732444676,-0.3509009639620869,-0.3922945102404671,-0.1322035959152683,0.5092165898617511,82994.48619732374,-0.1700551380267625,2018-12-20,2022-06-22,"{'lookback': 20, 'n_channels': 16, 'n_layers': 1, 'kernel_size': 5, 'dropout': 0.09385129770770255, 'lr': 0.0002551577195015934, 'epochs': 24}"
TCN,3,CAT,-0.0308573031986089,0.119255769723095,-0.2029448707816439,-0.2277721620540931,-0.1833251546204692,-0.1683200718553411,0.4736238532110092,89610.11730391765,-0.1038988269608235,0.2661146097599577,0.0157478637502055,0.1190714041420716,0.190980114403494,0.2096361362266948,-0.1512435955475405,0.1041225163498278,0.5103211009174312,105621.10620229012,0.0562110620229012,2018-12-20,2022-06-22,"{'lookback': 20, 'n_channels': 16, 'n_layers': 1, 'kernel_size': 5, 'dropout': 0.19126724140656393, 'lr': 0.003216235469207423, 'epochs': 19}"
TCN,3,RTX,0.0060076003964806,0.1173902338581415,0.109612973028522,0.1348748123120436,-0.1784705491140918,0.0336615784862079,0.4644495412844037,102118.49753150536,0.0211849753150534,0.302007324541046,0.0610406828413665,0.11746372695482,0.5630809297595745,0.675179023881181,-0.1732569595189408,0.3523130211383713,0.5080831408775982,123044.4774946191,0.2304447749461911,2018-12-20,2022-06-22,"{'lookback': 20, 'n_channels': 32, 'n_layers': 2, 'kernel_size': 2, 'dropout': 0.2960575218275169, 'lr': 0.0002999193178543648, 'epochs': 25}"
TCN,3,BA,-0.1095639994510169,0.2578321692655859,-0.3202081468391534,-0.351826316770001,-0.5781091727346754,-0.1895212956624398,0.4587155963302752,66620.74517424658,-0.3337925482575342,0.2675338554143093,-0.0665319116812093,0.2579051626410769,-0.1371317606006507,-0.1474114156494703,-0.5532935622515104,-0.1202470374144095,0.4873563218390804,78586.53941463874,-0.2141346058536125,2018-12-20,2022-06-22,"{'lookback': 20, 'n_channels': 64, 'n_layers': 1, 'kernel_size': 2, 'dropout': 0.09604889310109771, 'lr': 0.0047916729114132394, 'epochs': 29}"
TFT,3,NVDA,0.0398824833636692,0.2299388978259144,0.2851080358979029,0.3651058479326547,-0.2827835928443987,0.1410353513176225,0.5011467889908257,114668.70801445426,0.1466870801445425,0.0555384138777242,0.0501214224973887,0.2299285528483768,0.3277296482329315,0.4184944396340914,-0.2800547187519508,0.1789701052735415,0.5057471264367817,118669.2817118366,0.1866928171183659,2018-12-20,2022-06-22,"{'d_model': 24, 'lookback': 20, 'n_heads': 2, 'lstm_layers': 1, 'dropout': 0.017425083650459836, 'lr': 0.0019030368381735816, 'epochs': 19}"
TFT,3,AAPL,-0.0640780605106707,0.1209246629393933,-0.4871019573375542,-0.6263599932831699,-0.29529397275566,-0.2169975225457511,0.4552752293577982,79311.96278970907,-0.2068803721029093,0.1004673480279726,-0.0473370471659665,0.1209055461538634,-0.3405981042724254,-0.4345983939829497,-0.2783860678552682,-0.1700410064722667,0.4730195177956372,84389.3163162095,-0.1561068368379049,2018-12-20,2022-06-22,"{'d_model': 24, 'lookback': 20, 'n_heads': 2, 'lstm_layers': 1, 'dropout': 0.1166031869068446, 'lr': 0.0002516607127550297, 'epochs': 23}"
TFT,3,MSFT,0.0570005323317241,0.1161948056843887,0.5349723237226713,0.7164145686925645,-0.0991027328285886,0.5751660999128472,0.4770642201834862,121412.44949913424,0.2141244949913423,0.0887490959577133,0.0736788980230298,0.1161594931450595,0.6699094806762418,0.8853013810926799,-0.0984985896527141,0.7480198273173913,0.5011520737327189,128250.9118695115,0.2825091186951149,2018-12-20,2022-06-22,"{'d_model': 32, 'lookback': 20, 'n_heads': 2, 'lstm_layers': 1, 'dropout': 0.055021352956030146, 'lr': 0.0002814509271606064, 'epochs': 18}"
TFT,3,JPM,-0.0067938933077292,0.1683139301033826,0.0440234842103155,0.0513669312619239,-0.1951479783366598,-0.0348140593904016,0.4747706422018348,97642.26248522667,-0.0235773751477332,0.076690859125248,0.0067341199019839,0.1683135044027971,0.1243990092670676,0.1429298882108017,-0.1875774758829146,0.0359004718998742,0.4954022988505747,102376.84873631106,0.0237684873631105,2018-12-20,2022-06-22,"{'d_model': 16, 'lookback': 20, 'n_heads': 4, 'lstm_layers': 2, 'dropout': 0.193113820987147, 'lr': 0.0008021718449136143, 'epochs': 10}"
TFT,3,BAC,0.0060935373258308,0.1368686005561034,0.1128478818156043,0.1391899164974227,-0.1733814602225221,0.035145264770583,0.4931192660550458,102149.03249491514,0.0214903249491513,0.0703226296993875,0.0186609204423269,0.1368014278295077,0.2035815267476839,0.2487414102237329,-0.165108899234073,0.1130218936041209,0.5086705202312138,106685.09756961276,0.0668509756961277,2018-12-20,2022-06-22,"{'d_model': 24, 'lookback': 20, 'n_heads': 2, 'lstm_layers': 1, 'dropout': 0.017425083650459836, 'lr': 0.0019030368381735816, 'epochs': 19}"
TFT,3,MS,0.0477687938990751,0.1710389783916356,0.357673476820259,0.4988577224876586,-0.1775222090867639,0.2690862971163691,0.4873853211009174,117741.3763964442,0.1774137639644419,0.0768353994194193,0.0620679006842974,0.1710182993452251,0.4369700249436698,0.6057589859188203,-0.1647823603060375,0.3766659281310423,0.4976958525345622,123461.90992710972,0.2346190992710972,2018-12-20,2022-06-22,"{'d_model': 16, 'lookback': 20, 'n_heads': 4, 'lstm_layers': 2, 'dropout': 0.1931568245954442, 'lr': 0.0007772666427664975, 'epochs': 10}"
TFT,3,CAT,0.055817833639338,0.1381300439721978,0.4624863319182406,0.5259330678240282,-0.1403047026173574,0.3978329492744505,0.5538990825688074,120937.63642887624,0.2093763642887622,0.078646254669998,0.0705671969020984,0.1381111677680345,0.5629990531887406,0.635767851865354,-0.1388477523575992,0.5082343480818776,0.5653669724770642,126954.69379591044,0.2695469379591042,2018-12-20,2022-06-22,"{'d_model': 16, 'lookback': 20, 'n_heads': 2, 'lstm_layers': 2, 'dropout': 0.1659497293124286, 'lr': 0.0006874588510614201, 'epochs': 11}"
TFT,3,RTX,-0.0652685512713654,0.1527281336587543,-0.3655620844405691,-0.4264531824478452,-0.3024057599609319,-0.2158310452810077,0.485091743119266,78959.427573809,-0.21040572426191,0.0842211008520189,-0.0512730184749349,0.1527198441595616,-0.268301823696895,-0.3080259272937558,-0.2930221557444195,-0.1749800056745757,0.5069284064665127,83175.3011323304,-0.168246988676696,2018-12-20,2022-06-22,"{'d_model': 24, 'lookback': 20, 'n_heads': 4, 'lstm_layers': 1, 'dropout': 0.11820871371355651, 'lr': 0.00023224471986024573, 'epochs': 25}"
TFT,3,BA,-0.0418946276962186,0.2414438911843277,-0.0579441411203944,-0.0756095043310222,-0.5270395445955117,-0.0794904824995088,0.4965596330275229,86088.76224912197,-0.1391123775087803,0.0864906771080337,-0.0271596925366034,0.2414351960916643,0.005246528090852,0.0068093513605278,-0.5101587096905111,-0.0532377317503408,0.5057471264367817,90812.46141758472,-0.0918753858241528,2018-12-20,2022-06-22,"{'d_model': 32, 'lookback': 20, 'n_heads': 2, 'lstm_layers': 1, 'dropout': 0.055021352956030146, 'lr': 0.0002814509271606064, 'epochs': 18}"
SingleAgentA2C,3,PORTFOLIO,-0.1388320956211193,0.1160251938362766,-1.2293158115430125,-1.3870896663478138,-0.4356556439147098,-0.3186739287332613,0.4551645856980704,59266.246598999765,-0.4073375340100024,0.0592718568909045,-0.1136547457885054,0.1158057716431978,-0.983165492812046,-1.1028280748411146,-0.3781179856410875,-0.3005801101891708,0.4653802497162315,65555.66585140285,-0.3444433414859714,2018-12-20,2022-06-22,{'rollout_len': 20}
SingleAgentA2C,3,NVDA,-0.1606679464948275,0.2764208233039755,-0.4952669818992646,-0.6232346377165643,-0.6222123507950661,-0.2582204391949552,0.4327062228654124,6019.020486113033,-0.458288156249827,0.1933106575963719,-0.1314691437053102,0.2761763219804071,-0.3722336011816498,-0.4655432324470364,-0.5809540830598393,-0.226298682699453,0.4754358161648177,6784.312955265065,-0.3894118340261441,2018-12-20,2022-06-22,
SingleAgentA2C,3,AAPL,-0.1487311993485517,0.2322582744656818,-0.5772649045466484,-0.8106765890432546,-0.5304996177666721,-0.2803606154792135,0.4555420219244823,6323.987439954742,-0.4308411304040732,0.1967120181405895,-0.1186479336754284,0.2322272300355435,-0.4279194589901936,-0.5984378176984212,-0.4828717591794413,-0.2457131348436084,0.4779319041614123,7141.352741382268,-0.3572782532755959,2018-12-20,2022-06-22,
SingleAgentA2C,3,MSFT,-0.1163166943170761,0.2601006970786892,-0.3439162839358251,-0.3814436583426491,-0.4867881462900124,-0.2389472611516272,0.5076741440377804,7207.684485856617,-0.3513083962729044,0.1984126984126984,-0.0848464654395801,0.2602028810047517,-0.209270800454458,-0.228434658295624,-0.4802743372623819,-0.1766625006932801,0.5288461538461539,8146.786883386642,-0.2667891804952021,2018-12-20,2022-06-22,
SingleAgentA2C,3,JPM,-0.0327866429065922,0.1837399675160722,-0.0893567267996704,-0.1158046117955162,-0.3215501964669135,-0.1019643068697857,0.4897727272727272,9887.477076462172,-0.1101270631184043,0.0833333333333333,-0.0184502349340107,0.183676225458211,-0.0093556042717402,-0.0120985612911136,-0.3042158768164602,-0.0606484945068865,0.4948805460750853,10409.997437594408,-0.0631002306165033,2018-12-20,2022-06-22,
SingleAgentA2C,3,BAC,-0.0495887684219802,0.2631889068741287,-0.0618379018603664,-0.0765632478597868,-0.3858413690770872,-0.1285211291381067,0.4881398252184769,9299.250580605689,-0.1630674477454879,0.2142857142857142,-0.0129590430066411,0.2631864184516028,0.081785945994545,0.0996475438629482,-0.3501794124785173,-0.0370068671796523,0.5122897800776197,10615.259111364916,-0.0446266799771576,2018-12-20,2022-06-22,
SingleAgentA2C,3,MS,-0.2846722033745436,0.336258111115934,-0.8243076292720202,-0.974785841166485,-0.7638161213821699,-0.3726972963851726,0.4854819976771196,3439.7378524625833,-0.6904235932783676,0.1609977324263038,-0.2640505379458284,0.3362990884339714,-0.739758551103859,-0.8699986331984931,-0.7514633557419066,-0.3513817885173336,0.492379835873388,3799.4913769713394,-0.6580457760725795,2018-12-20,2022-06-22,
SingleAgentA2C,3,CAT,-0.1536608371302951,0.2531704566600015,-0.5328654305913956,-0.6236103909489312,-0.4740229207155502,-0.3241633060661708,0.4120521172638436,6196.736396058016,-0.4422937243547785,0.1660997732426304,-0.1284669285650057,0.2531057715231555,-0.4172397324866634,-0.4720881425868815,-0.4175557189835696,-0.3076641576787044,0.4620938628158845,6866.746917424344,-0.381992777431809,2018-12-20,2022-06-22,
SingleAgentA2C,3,RTX,-0.0983262830400441,0.1684441138358328,-0.5291951759276968,-0.459932865929235,-0.4864302351088104,-0.2021385101977662,0.3969631236442516,7734.4676519433,-0.303897911325103,0.1354875283446712,-0.0764600789024342,0.1681614674439549,-0.3879593431657093,-0.3110368483316714,-0.4625858738687999,-0.1652883998877148,0.467005076142132,8411.091283829375,-0.2430017844553562,2018-12-20,2022-06-22,
SingleAgentA2C,3,BA,-0.3019335092374866,0.4856200797614765,-0.4920367222491129,-0.6173539711855938,-0.7643462051425776,-0.3950219248896059,0.4375,3157.8846295436165,-0.7157903833410746,0.1099773242630385,-0.2882061621439904,0.485532798705969,-0.4521690664138661,-0.5600204200817884,-0.7482486705677709,-0.3851743056560323,0.4521212121212121,3380.627144184494,-0.6957435570233956,2018-12-20,2022-06-22,
SingleAgentPPO,3,PORTFOLIO,-0.0080316423577401,0.0960316274438103,-0.0359873146796368,-0.0500813585972855,-0.123900331796936,-0.0648234128291393,0.4971623155505107,97217.03388896876,-0.0278296611103124,0.0496346686822877,0.0187889700748089,0.09666317947137,0.2408737545415109,0.3344731776402623,-0.0976096633214084,0.1924908808766276,0.5141884222474461,106732.04250369898,0.0673204250369898,2018-12-20,2022-06-22,"{'rollout_len': 16, 'clip_eps': 0.17327236865873835, 'gae_lambda': 0.9410462985795333}"
SingleAgentPPO,3,NVDA,0.045216205057829,0.4119967198847192,0.3123395820206198,0.4587407420963352,-0.4274447626169841,0.1057825689125251,0.4906367041198501,12971.164319296196,0.1674047887366574,0.1978458049886621,0.082478960085131,0.4116716849811054,0.3973624838690754,0.5838195207979912,-0.4112164693513584,0.2005730952732293,0.5018963337547409,14663.093838928622,0.3196784455035759,2018-12-20,2022-06-22,
SingleAgentPPO,3,AAPL,0.2346582244793211,0.2226533404536496,1.0592485111483243,1.054920805428819,-0.2296577079064217,1.0217737807212506,0.5382215288611545,23236.52223865296,1.0912870014787663,0.1269841269841269,0.2625834340889263,0.2227301840359627,1.1594531764766662,1.1120956853061126,-0.2282868407617878,1.1502346487107693,0.5730897009966778,25128.571135361337,1.2615714021825202,2018-12-20,2022-06-22,
SingleAgentPPO,3,MSFT,-0.09633734396009,0.2246644021917279,-0.3387215895672855,-0.4873754366040603,-0.583392976236311,-0.1651328484987919,0.462085308056872,7794.345707212978,-0.298508886350832,0.1581632653061224,-0.0707567865537339,0.2246488276263812,-0.2145512350935851,-0.308068326815556,-0.5649024363939632,-0.1252548794184844,0.4693877551020408,8594.297507784195,-0.2265132242994224,2018-12-20,2022-06-22,
SingleAgentPPO,3,JPM,0.0009911897928722,0.2006393806998923,0.1047771226392336,0.1032816434563194,-0.2813270420522444,0.0035232652561292,0.4313304721030043,11149.70516284202,0.0034734646557819,0.1377551020408163,0.0256315273743152,0.2005525304797937,0.2259877593637188,0.2119153021006035,-0.2611193309442235,0.0981602062230709,0.4822695035460992,12140.239621445657,0.0926215659301088,2018-12-20,2022-06-22,
SingleAgentPPO,3,BAC,-0.1999658709653573,0.2857493192530067,-0.6349338246115638,-0.5546116203201453,-0.5772569797918439,-0.3464070214230481,0.4539748953974895,5089.056705959579,-0.5419848964636379,0.1445578231292517,-0.1792707797032525,0.2857028181541651,-0.5457835843583507,-0.4566593024269197,-0.5391981291873125,-0.3324766352091247,0.5,5564.896942129541,-0.4991592752083413,2018-12-20,2022-06-22,
SingleAgentPPO,3,MS,-0.0457258675836775,0.2824206543160235,-0.0239916117061844,-0.028407268425619,-0.4401634343508944,-0.1038838395358968,0.462882096069869,9432.211293052242,-0.1511009836252982,0.1757369614512471,-0.0156019006278372,0.2821550889139431,0.0858544618744472,0.0997868078531167,-0.4253171614199889,-0.0366829792989021,0.483433734939759,10516.111286507376,-0.0535499842143361,2018-12-20,2022-06-22,
SingleAgentPPO,3,CAT,-0.0374913397020223,0.2346581063605385,-0.0455461923086154,-0.0567244135519321,-0.4222931763026568,-0.0887803587788791,0.4518072289156626,9720.167546637274,-0.1251849208026453,0.1320861678004535,-0.0148152586699877,0.2347298260816809,0.053730780495439,0.0662491836827117,-0.4027355150154739,-0.0367865711307296,0.4918831168831168,10545.553016534788,-0.050900228511869,2018-12-20,2022-06-22,
SingleAgentPPO,3,RTX,-0.0043646307065247,0.2866336975682826,0.1293471016758497,0.1452392187995966,-0.3940490940323254,-0.0110763627492737,0.4604221635883905,10942.299494437224,-0.0151930455006498,0.1615646258503401,0.0244294384475172,0.2865977929216105,0.2288058025660559,0.2470956035583852,-0.3923336512251171,0.0622669974172056,0.4936886395511921,12090.511256840362,0.0881460131156326,2018-12-20,2022-06-22,
SingleAgentPPO,3,BA,-0.1279301223432125,0.2896748045519406,-0.3293947910539162,-0.4710620742646847,-0.5429965285564433,-0.2356002582250661,0.4557124518613607,6881.561420878288,-0.3806594721209541,0.13718820861678,-0.1066046658349231,0.2898730454203247,-0.2456846983330345,-0.3510311502070164,-0.5051101764341278,-0.2110523026629727,0.4680573663624511,7488.767898167107,-0.3260108891649603,2018-12-20,2022-06-22,
SingleAgentDQN,3,PORTFOLIO,-0.1350829616137582,0.1354877495214973,-1.0033242959725517,-1.2863786124378216,-0.4480384902977687,-0.3014985643844602,0.4324631101021566,60174.235855417704,-0.398257641445823,0.1109851347946586,-0.0543799338762982,0.1352152997373135,-0.3461465748244247,-0.4349162529338805,-0.2567429306715445,-0.2118069375233057,0.4687854710556186,82225.85118024291,-0.1777414881975708,2018-12-20,2022-06-22,"{'rollout_len': 16, 'epsilon_decay_frac': 0.6464704583099741}"
SingleAgentDQN,3,NVDA,-0.4603229227445642,0.3143904853918058,-1.8009723822886936,-2.224872531658,-0.8940464185077517,-0.5148758646255603,0.3829787234042553,1282.9992188828005,-0.884530070300548,0.4926303854875283,-0.4111805359442081,0.314278450925784,-1.5251080054424937,-1.8427093683481517,-0.8572014138715932,-0.4796778555078329,0.4502164502164502,1740.5842214281456,-0.8433474200714669,2018-12-20,2022-06-22,
SingleAgentDQN,3,AAPL,-0.1392894696611013,0.2529324978770112,-0.4664003312531284,-0.6055765786118382,-0.4903429921832687,-0.2840653825619293,0.4323640960809102,6572.905642902308,-0.4084384921387923,0.5487528344671202,-0.0516444228961945,0.2524845379644042,-0.0838380083199531,-0.1058228740821759,-0.3047252829185648,-0.1694786280992511,0.5021398002853067,9229.043638050043,-0.1693860725754959,2018-12-20,2022-06-22,
SingleAgentDQN,3,MSFT,-0.0278032682779787,0.2082236726128825,-0.0316862699214853,-0.0362123699757492,-0.2496955871697076,-0.111348656951162,0.3883647798742138,10066.92977806168,-0.0939763199744488,0.4217687074829932,0.0472948446220113,0.2081952129341112,0.3256663184037903,0.3297626767214394,-0.1903778064015351,0.2484262504961294,0.4942084942084942,13061.67491074849,0.1755507419673641,2018-12-20,2022-06-22,
SingleAgentDQN,3,JPM,-0.1793994390769656,0.2408441568975169,-0.6998168260691268,-0.8827098952355906,-0.581909739412675,-0.3082942713040593,0.4348341232227488,5561.844259857712,-0.4994340166128059,0.550453514739229,-0.0956074044202851,0.2406196846347966,-0.2969282981388422,-0.3624259981535461,-0.4299914608987186,-0.2223472164318276,0.4852374839537869,7816.40373725253,-0.2965236636472723,2018-12-20,2022-06-22,
SingleAgentDQN,3,BAC,-0.2308186399014972,0.2986691672505787,-0.7279624431656323,-0.8949678650971494,-0.6752383884347588,-0.3418328161651887,0.4485207100591716,4434.63744683731,-0.6008826297846421,0.4319727891156462,-0.1698493376302804,0.2986594972514431,-0.4728459599966518,-0.56159093032436,-0.5807181761293501,-0.29248152479465,0.4961636828644501,5791.708643599343,-0.4787462220760591,2018-12-20,2022-06-22,
SingleAgentDQN,3,MS,0.0643691764571856,0.251255112396805,0.3736936840567192,0.4928454231170404,-0.3578933881980431,0.1798557296106472,0.4341772151898734,13822.30597838099,0.2440075380542889,0.5668934240362812,0.1763342101568328,0.2510561018779218,0.7723072537943291,0.9722529547992054,-0.3288998766984726,0.5361334030492559,0.5138686131386861,19616.207025197447,0.7654586322677703,2018-12-20,2022-06-22,
SingleAgentDQN,3,CAT,-0.3046168388827616,0.2972691790881808,-1.0728417866402886,-1.4309964617291515,-0.763645378442956,-0.3988982942630567,0.3983253588516746,3115.6027986871327,-0.7195957481181581,0.5136054421768708,-0.2386215816278443,0.2974992227965233,-0.7674735922326048,-0.9987473703634202,-0.6799928835597134,-0.3509177631075749,0.4418300653594771,4279.169198710676,-0.6148747721160392,2018-12-20,2022-06-22,
SingleAgentDQN,3,RTX,-0.109495531339313,0.2536502894307958,-0.3314178782319521,-0.4213498831232981,-0.4947693851029665,-0.2213061976672745,0.422279792746114,7404.297354539923,-0.3336132380914069,0.4812925170068027,-0.0305785533511774,0.2537504167481954,0.0032936271578796,0.0039210391432222,-0.4170500469608846,-0.073321064399845,0.5059523809523809,9966.706576077093,-0.1029964081530617,2018-12-20,2022-06-22,
SingleAgentDQN,3,BA,-0.0924374735548703,0.5048778507304055,0.0608904954458537,0.0756823617654089,-0.7032225781909278,-0.13144838692846,0.4661921708185053,7912.713377267853,-0.2878557960458933,0.4914965986394558,-0.010071355253858,0.5046243675263175,0.2327320478920139,0.2754908170392488,-0.6557995559758196,-0.0153573682111937,0.5129198966408268,10724.353229179143,-0.034808209373877,2018-12-20,2022-06-22,
MultiAgentA2C,3,PORTFOLIO,-0.0495015320536394,0.0843851614675408,-0.5595126462106859,-0.8067367008118131,-0.2484746732719831,-0.1992216405873067,0.4948921679909194,83720.14544512359,-0.162798545548764,0.0804358780549256,-0.0013785888113441,0.0840952483884756,0.0255001112702254,0.0368248925198695,-0.1945176636690921,-0.0070872165814685,0.5153234960272418,99518.3248148604,-0.0048167518513959,2018-12-20,2022-06-22,{'rollout_len': 20}
MultiAgentA2C,3,NVDA,0.022450952416599,0.2923770643262402,0.2227399702010223,0.2929123689435406,-0.3472531922424304,0.0646529763243332,0.4935370152761457,12008.981724475778,0.08080835520282,0.2273242630385487,0.064423443936054,0.2919595135502941,0.3604063361934695,0.4696974343011041,-0.334116637368395,0.1928172282693637,0.5242236024844721,13824.772719548466,0.2442295447593618,2018-12-20,2022-06-22,
MultiAgentA2C,3,AAPL,-0.1754969404560393,0.1919052310693119,-0.909056396872236,-1.1678757490645624,-0.5329083212934064,-0.3293191970245385,0.4206642066420664,5654.971766780825,-0.4910525409897257,0.278344671201814,-0.1340270412699928,0.192248077969657,-0.6520360526911861,-0.8217707769471876,-0.4604786921041094,-0.2910602457142376,0.4664914586070959,6714.638684327035,-0.3956825184105669,2018-12-20,2022-06-22,
MultiAgentA2C,3,MSFT,0.0024503591063802,0.1685765012938282,0.0993537328196471,0.0805110360060862,-0.1907922660251615,0.0128430735554925,0.4084507042253521,11206.695085582109,0.0086025577023898,0.2704081632653061,0.0514863390819384,0.1682622547193838,0.3830253242279497,0.2495203509554259,-0.189005976917396,0.2724058779603581,0.572347266881029,13245.556576663605,0.1921000918997244,2018-12-20,2022-06-22,
MultiAgentA2C,3,JPM,0.0411568723849531,0.2036043057312423,0.298700732414204,0.4184815879030389,-0.3390086194664777,0.1214036163733083,0.5073947667804323,12795.701080117611,0.1516130972105851,0.2001133786848072,0.078455302815291,0.2041100785164604,0.4709064635279941,0.659096923079277,-0.3277962098557696,0.2393417021197754,0.5148741418764302,14473.215092155606,0.3025893582940044,2018-12-20,2022-06-22,
MultiAgentA2C,3,BAC,0.096687143439907,0.2316407093920203,0.5119711193585685,0.7420645827415291,-0.3284871501912361,0.2943407173876313,0.4138438880706921,15347.835062731185,0.3813051556458064,0.3622448979591837,0.1689624995764087,0.2318951795147995,0.7869648418664036,1.0988950868270402,-0.2491268718867848,0.6782186855105433,0.4956822107081174,19189.317017578425,0.7270385315820582,2018-12-20,2022-06-22,
MultiAgentA2C,3,MS,-0.1698483525253714,0.1952358233710617,-0.8548996183836873,-1.0672581601601638,-0.5390366976764136,-0.315096083916966,0.4278903456495828,5791.732698355526,-0.4787440571480027,0.2069160997732426,-0.1389408151311829,0.1950902965475763,-0.6684444752122437,-0.8077839173669553,-0.4792551491794585,-0.2899099057549325,0.4750656167979002,6582.229240698642,-0.4075993683371223,2018-12-20,2022-06-22,
MultiAgentA2C,3,CAT,-0.1384191700234236,0.2471940749442954,-0.4802008947136043,-0.6426028465676831,-0.5828712772534331,-0.2374781112489762,0.4212034383954154,6596.196527057361,-0.4063423125648375,0.2998866213151927,-0.0915863168929007,0.2472275475213891,-0.2661629604624032,-0.35195573513638,-0.5465035301837328,-0.1675859566032624,0.4784,7938.717098091536,-0.2855154611717617,2018-12-20,2022-06-22,
MultiAgentA2C,3,RTX,-0.0812232668081393,0.2836407377827704,-0.1562124630117012,-0.2065749860636757,-0.557675286755664,-0.1456461649585808,0.4925883694412771,8260.23591537414,-0.2565787676163273,0.3900226757369615,-0.0156924309623983,0.2833882891456984,0.0864248195094093,0.1138870599986881,-0.5039414768143258,-0.0311393915452213,0.504,10512.726769887931,-0.0538545907100862,2018-12-20,2022-06-22,
MultiAgentA2C,3,BA,-0.159126614582061,0.4034434835885697,-0.2277167222507232,-0.3042873540544902,-0.6238823418798951,-0.255058692801879,0.4593967517401392,6057.795584649061,-0.4547983973815844,0.2426303854875283,-0.1223415311602852,0.4034860196771877,-0.1216171696245188,-0.1596726570509824,-0.6018003805520509,-0.2032925453587407,0.48721071863581,7037.15161590917,-0.3666563545681747,2018-12-20,2022-06-22,
MultiAgentPPO,3,PORTFOLIO,0.0481789389881577,0.12919969270258,0.428775332269307,0.5317444739159825,-0.1726175516260787,0.2791079964598394,0.5141884222474461,117902.76828451926,0.1790276828451926,0.0471151423532375,0.0700378084230575,0.1287181095502725,0.5902802315931779,0.7276698161734693,-0.1669342886615672,0.4195531606154805,0.5232690124858116,126735.10564639913,0.2673510564639911,2018-12-20,2022-06-22,"{'rollout_len': 16, 'clip_eps': 0.17327236865873835, 'gae_lambda': 0.9410462985795333}"
MultiAgentPPO,3,NVDA,0.134820904458613,0.3878236504820007,0.5182911321513467,0.785921764091826,-0.4038250841137709,0.333859657961786,0.5073947667804323,17298.288506355733,0.5568459655720159,0.1213151927437641,0.1593680069849083,0.3877962975636682,0.573511300341566,0.8690933632221316,-0.4017135996436384,0.3967204673336534,0.5091324200913242,18643.698956579978,0.6779329060921979,2018-12-20,2022-06-22,
MultiAgentPPO,3,AAPL,-0.0350219938844094,0.2466176394272428,-0.0209526986805895,-0.0155289754956238,-0.2509288513804328,-0.1395694185492947,0.4576923076923077,9807.728677523331,-0.1173044190229002,0.0555555555555555,-0.0254518363006009,0.2463599602962417,0.0188045772786779,0.0137355495526208,-0.2467159011491277,-0.103162528973828,0.483739837398374,10152.408097133412,-0.0862832712579929,2018-12-20,2022-06-22,
MultiAgentPPO,3,MSFT,0.1929061933414384,0.1244235166198191,1.480229979557352,1.7739061127793332,-0.0731544854006727,2.6369701363474363,0.5294985250737463,20600.583293264368,0.854052496393793,0.1264172335600907,0.2197290061551886,0.124816248059164,1.6542351069929413,1.941540756706072,-0.0728299758922346,3.0170133034276745,0.573228346456693,22267.89792868382,1.0041108135815435,2018-12-20,2022-06-22,
MultiAgentPPO,3,JPM,0.0341086822155323,0.3019600894450841,0.2618445255560074,0.3221231385799741,-0.436309941331532,0.0781753496412191,0.5159453302961275,12495.08273184674,0.1245574458662066,0.0674603174603174,0.0464932801385344,0.301938891725108,0.3012748567694143,0.3692777269203302,-0.4351130836220275,0.1068533259250878,0.5211428571428571,13026.718979049854,0.1724047081144868,2018-12-20,2022-06-22,
MultiAgentPPO,3,BAC,-0.034152497622511,0.3253007102553016,0.0551270697166448,0.079492660443304,-0.4099498475393898,-0.0833089652978332,0.4833524684270953,9838.69402012065,-0.1145175381891414,0.1848072562358276,-0.0021555705822363,0.3253399029862303,0.1553233232975325,0.2233068541933934,-0.3638234693374647,-0.0059247705656859,0.4923976608187134,11027.50899364778,-0.0075241905716998,2018-12-20,2022-06-22,
MultiAgentPPO,3,MS,0.2113971617247687,0.2863071155418551,0.8124375940372147,1.1833346350955751,-0.375061758922626,0.5636329396310948,0.5160183066361556,21740.044154565698,0.9566039739109125,0.0992063492063492,0.2327949334355585,0.2862248853298016,0.8738117365943746,1.269653205939713,-0.374845005044486,0.6210431786544169,0.5237543453070683,23114.01727410952,1.0802615546698568,2018-12-20,2022-06-22,
MultiAgentPPO,3,CAT,-0.3260526427277987,0.2908686319675452,-1.209648260535868,-1.6357393051291416,-0.7972865409632677,-0.4089528995859727,0.4412107101280559,2792.2120815348308,-0.7487009126618652,0.2188208616780045,-0.2994430371617427,0.2906619381246655,-1.0777081331152332,-1.4531693463648452,-0.7686761003759675,-0.3895568458747215,0.4620938628158845,3197.4928289420286,-0.7122256453952174,2018-12-20,2022-06-22,
MultiAgentPPO,3,RTX,-0.1154461980477165,0.2880034760758282,-0.2810938214506429,-0.3141242061747289,-0.5892042751144513,-0.1959357780038025,0.4356846473029045,7232.565540010419,-0.3490691013990623,0.2602040816326531,-0.0738811698028661,0.2880286112174859,-0.1217101229389781,-0.1278923872963238,-0.5660147273019904,-0.1305287057724344,0.4930662557781202,8493.584101326273,-0.2355774308806355,2018-12-20,2022-06-22,
MultiAgentPPO,3,BA,0.1117337841546686,0.16621230992452,0.7193934998768815,0.6583314982553874,-0.1210772383598406,0.9228306300032766,0.526595744680851,16097.569279297502,0.4487812351367752,0.0702947845804988,0.1256087921443072,0.1661797060748613,0.7941526584465739,0.7090922066447914,-0.1195380142718094,1.0507853330965815,0.5657142857142857,16811.778486926472,0.5130600638233824,2018-12-20,2022-06-22,
MultiAgentDQN,3,PORTFOLIO,-0.0807832434570421,0.1067542261606391,-0.7355693377970731,-0.9424804782654186,-0.2725481068706576,-0.2963999434249572,0.4869466515323496,74466.8124034231,-0.255331875965769,0.1047493071302595,0.001511401899285,0.1060487969669624,0.0672110416210429,0.085501368294103,-0.1215545093671919,0.0124339434806104,0.5209988649262202,100529.99081700684,0.0052999081700684,2018-12-20,2022-06-22,"{'rollout_len': 16, 'epsilon_decay_frac': 0.6464704583099741}"
MultiAgentDQN,3,NVDA,-0.3920185330414906,0.4241183349110567,-0.9595604151704752,-1.319712471520283,-0.8314033780766699,-0.4715142413161324,0.4375,1947.034665014713,-0.8247668801486758,0.5470521541950113,-0.3301875885495799,0.4237661633105136,-0.7326379319746921,-1.0017408303640332,-0.7635329137821342,-0.4324470924429531,0.4652014652014652,2732.710703274389,-0.7540560367053051,2018-12-20,2022-06-22,
MultiAgentDQN,3,AAPL,-0.0939517818513929,0.2715436769444003,-0.2265915939586997,-0.291299534637602,-0.5772177691482588,-0.162766614045905,0.4843568945538818,7866.600179814172,-0.2920059838167245,0.4733560090702948,-0.0149813054103949,0.271392911322855,0.0809545293746656,0.1030637111469629,-0.5334938448689355,-0.0280814962618275,0.5077658303464755,10539.333471990978,-0.051459987520812,2018-12-20,2022-06-22,
MultiAgentDQN,3,MSFT,0.1395427616686655,0.2445737378952058,0.6567546960248688,0.7951321750543062,-0.2152405512001792,0.6483107429830318,0.4906542056074766,17551.518029554743,0.5796366226599268,0.3752834467120181,0.2175626458560857,0.2443231415541267,0.9283809525541064,1.050593207272957,-0.2026280333156122,1.0737045723442002,0.5571245186136072,22129.779954175923,0.991680195875833,2018-12-20,2022-06-22,
MultiAgentDQN,3,JPM,-0.0031223449137048,0.2436528496280358,0.1089739575927175,0.142544637138305,-0.4501073236210063,-0.0069368898257117,0.4388235294117647,10990.15975867822,-0.0108856217189603,0.4773242630385487,0.0845138573136061,0.2434301298337687,0.4549634647869576,0.5698551604020822,-0.4178324861153333,0.2022673203305642,0.4941785252263906,14759.796170401862,0.3283816553361676,2018-12-20,2022-06-22,
MultiAgentDQN,3,BAC,-0.203340897508171,0.30424937882158,-0.5958199542488817,-0.8677443679312522,-0.6068324131183824,-0.3350857553294583,0.4312138728323699,5014.311617203541,-0.5487119544516814,0.5799319727891157,-0.1175128595995701,0.304480762504564,-0.2593853559747987,-0.3725897203201725,-0.5123584180099776,-0.229356746115337,0.4713930348258706,7173.5947687862845,-0.3543764708092344,2018-12-20,2022-06-22,
MultiAgentDQN,3,MS,-0.0163682308271267,0.2849113803906486,0.0855481018448097,0.1085781762760241,-0.3674228140619076,-0.0445487601767942,0.4404332129963899,10487.486270330406,-0.0561262356702634,0.503968253968254,0.0750690385759254,0.2850359478784128,0.3974012001978201,0.4787462059653558,-0.3331736989413364,0.2253150198063598,0.5033647375504711,14314.78177194806,0.2883303594753252,2018-12-20,2022-06-22,
MultiAgentDQN,3,CAT,-0.1898797338961135,0.2544581874606447,-0.7001838416423888,-0.8839286474139415,-0.6175029312390186,-0.3074960851037908,0.4296116504854368,5317.172243280371,-0.5214544981047666,0.5958049886621315,-0.1000468987501403,0.2545418018816619,-0.2870550561574278,-0.347177314423398,-0.5281111214982703,-0.1894428931288243,0.5056179775280899,7682.933305576334,-0.3085360024981299,2018-12-20,2022-06-22,
MultiAgentDQN,3,RTX,0.0396919010793628,0.2741661941391847,0.278168157201704,0.3585031463778367,-0.4284516838432227,0.0926403199616942,0.4245398773006135,12732.796669787298,0.1459517002808568,0.5498866213151927,0.1456385628216217,0.2739032263517911,0.63257489624517,0.7423164478843134,-0.3847746839587798,0.3785034954046604,0.5049645390070922,17882.332832248034,0.6094099549023231,2018-12-20,2022-06-22,
MultiAgentDQN,3,BA,-0.3425856313623169,0.5018457368263177,-0.5829881056980222,-0.7292368343430637,-0.8326879980912991,-0.4114213632808413,0.4161781946072684,2559.7329697596247,-0.7696240327216338,0.4183673469387755,-0.2921984023126124,0.5019535862177372,-0.4358372994472541,-0.5184489579268035,-0.7840864407436527,-0.3726609556409138,0.4661558109833972,3314.7278386049984,-0.7016744945255502,2018-12-20,2022-06-22,
GARL_DDAL,3,PORTFOLIO,-0.0674201160281464,0.0736968265140517,-0.9101518131622682,-1.195258988314882,-0.247201746485711,-0.272733170321851,0.4824063564131668,78325.1349372764,-0.216748650627236,0.0884983623078861,-0.0180031976027579,0.0730066460814593,-0.2123433798658688,-0.2790224888213758,-0.1454257347119416,-0.1237965043698664,0.5085130533484676,93839.4076534129,-0.061605923465871,2018-12-20,2022-06-22,{'rollout_len': 20}
GARL_DDAL,3,NVDA,0.0206763530145872,0.3064297412650361,0.2207250178003726,0.2908288313700498,-0.4306896888418841,0.0480075412768426,0.5138568129330254,11936.188718930964,0.0742569847037868,0.1899092970521542,0.0556331646885381,0.3059074187532486,0.3306121522239633,0.4353690338534368,-0.4186639219085795,0.1328826339631108,0.5289940828402366,13429.290896578845,0.2086361806920957,2018-12-20,2022-06-22,
GARL_DDAL,3,AAPL,-0.0970784188867566,0.1989715692694522,-0.4129717232339343,-0.4796121018128207,-0.3440273108498013,-0.2821823030472718,0.4155019059720457,7771.996699127665,-0.3005202970785101,0.4121315192743764,-0.0290116241793948,0.199210459054483,-0.0475358165465393,-0.0512538629875908,-0.2999169720225333,-0.096732185523716,0.5022091310751104,10023.204663939065,-0.0979115802454844,2018-12-20,2022-06-22,
GARL_DDAL,3,MSFT,0.0977020948188864,0.1599824982580176,0.660964570659467,0.6727811334510883,-0.2150052264729914,0.4544173014843414,0.4,15397.606479531883,0.3857845831578694,0.2930839002267573,0.1559074515272598,0.1601161874921846,0.9833032233659972,0.8653392098220696,-0.2045899855697776,0.7620483040411865,0.5821428571428572,18449.653429417103,0.6604688086475392,2018-12-20,2022-06-22,
GARL_DDAL,3,JPM,-0.010811244501146,0.1818747257735238,0.0310146005310037,0.0405852875508173,-0.3510066829241397,-0.030800679950252,0.4988610478359909,10696.324965645588,-0.037330753091897,0.1468253968253968,0.0151248141482471,0.1819941858290441,0.173306481319021,0.2260675308284795,-0.3358382590911073,0.0450360068837305,0.5098039215686274,11710.50286073298,0.0539452574659682,2018-12-20,2022-06-22,
GARL_DDAL,3,BAC,0.0071752954623993,0.231154861890486,0.1454718823353346,0.2013976603148501,-0.3464439827182739,0.0207112717216228,0.4193121693121693,11392.66210256948,0.0253395892312531,0.3265306122448979,0.0668239304380122,0.2314402142006145,0.3941688923217868,0.5259341494258883,-0.2854018462583713,0.2341397973211332,0.4893939393939394,13934.202319513874,0.2540782087562485,2018-12-20,2022-06-22,
GARL_DDAL,3,MS,-0.1971850319371226,0.2063207794766376,-0.9602446003422198,-1.1660527854035712,-0.5845455433111204,-0.3373304855258682,0.4154228855721393,5151.237863869274,-0.5363885922517653,0.2375283446712018,-0.1627467563819479,0.2060008105159066,-0.7583388339085034,-0.882610926866711,-0.5220971920316922,-0.3117173562045683,0.4767277856135402,5967.00533434887,-0.4629695199086017,2018-12-20,2022-06-22,
GARL_DDAL,3,CAT,-0.2150054443668176,0.2245541768539978,-0.9664864397294506,-1.1833805097496577,-0.6429909556988398,-0.3343833104668436,0.3776683087027914,4762.014867258716,-0.5714186619467156,0.3480725623582766,-0.1652433855925047,0.2245488989689388,-0.6930720552565494,-0.8197428535249548,-0.598491603977352,-0.2760997556095337,0.4669260700389105,5904.9609781358795,-0.4685535119677708,2018-12-20,2022-06-22,
GARL_DDAL,3,RTX,-0.1315463001625686,0.2854395596538466,-0.3505338988493917,-0.4556874104400866,-0.5528867807132443,-0.2379262893442109,0.4805936073059361,6782.203779768889,-0.3896016598208,0.4421768707482993,-0.060932571327856,0.2849905677200323,-0.0773928832373986,-0.1001295456657859,-0.5005857573307162,-0.1217225429120637,0.4908466819221967,8916.536906256202,-0.1975116784369418,2018-12-20,2022-06-22,
GARL_DDAL,3,BA,-0.2308056556331128,0.356101824330001,-0.559170037601761,-0.7228322698797737,-0.634251070063206,-0.3639026665104593,0.4396887159533074,4434.8994605739435,-0.6008590485483452,0.3492063492063492,-0.1818448170806436,0.3559822591416499,-0.386315517049238,-0.4890043243341906,-0.5650825207255779,-0.321802233144906,0.4824684431977559,5504.0502644901035,-0.5046354761958907,2018-12-20,2022-06-22,
GARL_DDAL_SECTOR,3,PORTFOLIO,-0.0437156986566084,0.0735876845910047,-0.5705704498574077,-0.724535160192582,-0.2211499930777858,-0.19767442923334,0.4971623155505107,85517.42041152169,-0.1448257958847831,0.0900730662635424,0.0043396805553239,0.0727999082568637,0.0958926561204471,0.1217515777314618,-0.1206542454049074,0.0359679059842469,0.5244040862656073,101527.14544411028,0.0152714544411027,2018-12-20,2022-06-22,{'rollout_len': 20}
GARL_DDAL_SECTOR,3,NVDA,0.1235148571262831,0.3097703488246321,0.5313889607356106,0.7101799748365797,-0.3487552415131645,0.3541591420687532,0.5178365937859609,16702.572282934583,0.5032315054641125,0.1785714285714285,0.1596133315276424,0.3093763792442694,0.6338833759955235,0.8454725474815861,-0.3369149935817986,0.4737495646328081,0.5343601895734598,18657.510260472347,0.6791759234425112,2018-12-20,2022-06-22,
GARL_DDAL_SECTOR,3,AAPL,-0.1017679164911529,0.2143986421355966,-0.392965928568235,-0.4748894523000581,-0.4930967459734867,-0.2063852931948264,0.4098765432098765,7631.632736870656,-0.3131530536816409,0.4143990929705215,-0.0336620163549832,0.2145913787320083,-0.051965561507994,-0.0581644259774557,-0.4026711529533734,-0.0835967913472089,0.4957142857142857,9856.192286655129,-0.1129426942010386,2018-12-20,2022-06-22,
GARL_DDAL_SECTOR,3,MSFT,0.1421884982336678,0.14453712317381,0.9904859537362884,0.9873662597642552,-0.2127951266917123,0.6681943352944542,0.4143646408839779,17694.558437795084,0.5925102594015574,0.2482993197278911,0.1932727681446868,0.1447328309535605,1.291773186949545,1.0911223984863248,-0.1967190720780739,0.9824810889102848,0.6039215686274509,20622.748444200646,0.856047359978058,2018-12-20,2022-06-22,
GARL_DDAL_SECTOR,3,JPM,-0.0202586816352601,0.1790066810998748,-0.0250055890313964,-0.0326271746407417,-0.3663579113656656,-0.0552975137338844,0.4982857142857143,10343.02260680797,-0.0691279653872827,0.123015873015873,0.0012379239446633,0.1790052694433185,0.096219695387214,0.1249170183304794,-0.3564848941664501,0.003472584574889,0.5098722415795587,11159.327138338296,0.0043394424504465,2018-12-20,2022-06-22,
GARL_DDAL_SECTOR,3,BAC,-0.0098677138480824,0.2285818784369319,0.0704209471411623,0.0915786106059025,-0.316725023891104,-0.0311554601112768,0.4246395806028833,10732.076709097975,-0.034113096181182,0.3299319727891156,0.0494352221552214,0.2287498131555493,0.3247956855305191,0.403950287975275,-0.2995647758585359,0.1650234811938181,0.497005988023952,13155.34426358132,0.1839809837223187,2018-12-20,2022-06-22,
GARL_DDAL_SECTOR,3,MS,-0.2063255334939638,0.2083990317257858,-1.0034445101347431,-1.2131388834695702,-0.5970303861033708,-0.345586319049162,0.4154228855721393,4948.868581272371,-0.5546018276854867,0.2409297052154195,-0.1717858998661893,0.2081149235867618,-0.8006002713840673,-0.9300126096254476,-0.5362988553295149,-0.3203174837295521,0.4741258741258741,5744.558553457064,-0.4829897301888642,2018-12-20,2022-06-22,
GARL_DDAL_SECTOR,3,CAT,-0.1849136146115185,0.2249448871162875,-0.79738693967376,-1.0032069941750963,-0.6566332758623818,-0.2816086564736829,0.3940809968847352,5432.130906462301,-0.5111082184183929,0.3696145124716553,-0.1300043802200908,0.2252180825101626,-0.5069225075556012,-0.6168626717281359,-0.6119580642183688,-0.2124400148009171,0.4808743169398907,6824.443172973445,-0.3858001144323899,2018-12-20,2022-06-22,
GARL_DDAL_SECTOR,3,RTX,-0.0602506996276835,0.2813607250746453,-0.0795034915132114,-0.1034845144052234,-0.5049278404222695,-0.119325366526227,0.4925883694412771,8939.218015688368,-0.1954703785880469,0.4263038548752834,0.0132595366102385,0.281032219448002,0.1879885519377322,0.2436831629076105,-0.4815918848267179,0.0275327243419176,0.5045766590389016,11635.363090307672,0.0471826781276905,2018-12-20,2022-06-22,
GARL_DDAL_SECTOR,3,BA,-0.3060401590669896,0.3597761764256301,-0.8351763977625813,-1.0551237746893456,-0.746432425153422,-0.4100038379282439,0.4281984334203655,3093.340134592376,-0.7215993878866862,0.3628117913832199,-0.2600834851285232,0.3597099255311327,-0.6574090794930978,-0.8134257209078585,-0.695713264588175,-0.3738371802965101,0.4711673699015471,3871.658234124357,-0.6515507589288079,2018-12-20,2022-06-22,
GARL_DDAL_TUNED,3,PORTFOLIO,-0.0386491275188048,0.0794895252439425,-0.4562549530288476,-0.6637587736279857,-0.2114305311308711,-0.1827982331221685,0.4880817253121453,87113.75550949312,-0.1288624449050688,0.0882464096749811,0.0112946295268205,0.0790769512938906,0.1813889144156494,0.2645924770831175,-0.1489807588266413,0.0758126728295388,0.5107832009080591,104009.2472498419,0.0400924724984188,2018-12-20,2022-06-22,"{'rollout_len': 20, 'staleness_epochs': 10, 'share_threshold_frac': 0.3, 'minibatch_epochs': 4}"
GARL_DDAL_TUNED,3,NVDA,-0.0151310672468674,0.3041653489976639,0.1025134407360787,0.1382877428667062,-0.3676060469987651,-0.0411610945206193,0.5034722222222222,10533.726152065648,-0.0519646463140918,0.195578231292517,0.0195732098131384,0.3037930367584441,0.2162032322375641,0.2914415897328737,-0.3603471614590665,0.054317646721249,0.5165876777251185,11891.097627078534,0.0701987864370681,2018-12-20,2022-06-22,
GARL_DDAL_TUNED,3,AAPL,-0.1151728835884399,0.192319763475692,-0.5392091224729144,-0.5875411671071115,-0.3506408862774091,-0.3284639301798964,0.3868194842406877,7240.39021862432,-0.3483648803238112,0.3792517006802721,-0.0539749737362821,0.1925976201048601,-0.1910748994608044,-0.1887579959740948,-0.290273155233233,-0.1859454543528612,0.4913494809688581,9149.906993180368,-0.1765083706137669,2018-12-20,2022-06-22,
GARL_DDAL_TUNED,3,MSFT,0.1016600510366767,0.1564076536897818,0.6955214580392762,0.7129963654965867,-0.2403244852200244,0.4230116250685145,0.3733333333333333,15592.799495952722,0.4033519546357449,0.2715419501133786,0.1556727030810005,0.1565649013621961,1.000766314669375,0.8656991796068036,-0.2261892824412,0.6882408459006853,0.549618320610687,18436.542735807267,0.659288846222654,2018-12-20,2022-06-22,
GARL_DDAL_TUNED,3,JPM,0.0765891313709574,0.210375464828409,0.4532522248003868,0.7143523286709343,-0.3749048220281151,0.2042895339586052,0.5022779043280182,14385.748367904913,0.2947173531114422,0.1853741496598639,0.1122240802505711,0.2110555571682662,0.606727201098051,0.9580045295619118,-0.3425755174090059,0.3275893184059186,0.5168018539976825,16122.430667838971,0.4510187601055075,2018-12-20,2022-06-22,
GARL_DDAL_TUNED,3,BAC,0.0377690549767941,0.2373662680780933,0.2739532621823068,0.3715265561894582,-0.3242774133124074,0.1164714328728397,0.4291390728476821,12650.567201783064,0.1385510481604757,0.3469387755102041,0.1031955702076969,0.2376133754197579,0.5312296214345921,0.6927490363709339,-0.305827815105015,0.3374302961039098,0.4962292609351433,15668.999730981075,0.4102099757882966,2018-12-20,2022-06-22,
GARL_DDAL_TUNED,3,MS,-0.2157066884580197,0.2076480746644632,-1.0650372279183284,-1.2775065965322756,-0.6132351988375138,-0.3517519686849786,0.410062893081761,4747.142628211214,-0.5727571634609907,0.2534013605442177,-0.179763009937097,0.2073223165226969,-0.8511043711201272,-0.9753769830164908,-0.5494458705994936,-0.3271714641170382,0.4755747126436782,5553.22433276152,-0.5002098100514633,2018-12-20,2022-06-22,
GARL_DDAL_TUNED,3,CAT,-0.2297193635831714,0.2290305715971333,-1.0256749824471214,-1.268140044848668,-0.6581630517627157,-0.3490310842699676,0.3919354838709677,4456.859285335554,-0.5988826643198002,0.3129251700680272,-0.1859793899166545,0.2291656464144856,-0.7841966294446493,-0.9484930961068724,-0.6197414234827744,-0.300091913933237,0.4623853211009174,5407.311560294508,-0.5133419595734943,2018-12-20,2022-06-22,
GARL_DDAL_TUNED,3,RTX,-0.0124718868690674,0.2827080005382577,0.0975864442173863,0.1272362975210049,-0.39515714262066,-0.0315618409080361,0.4960091220068415,10633.607569085596,-0.0429753187822964,0.3764172335600907,0.0554139308967405,0.2824453621885158,0.332766903290852,0.432431915469991,-0.3752169390245459,0.1476850459917947,0.5080091533180778,13419.531952051118,0.2077578756846005,2018-12-20,2022-06-22,
GARL_DDAL_TUNED,3,BA,-0.1282433414006187,0.3559357935939185,-0.2087273637164366,-0.2771713787107391,-0.4804586276604953,-0.2669185940630852,0.4424320827943079,6872.914590530088,-0.381437686852292,0.3174603174603174,-0.0780600247405091,0.3561176469428931,-0.051369371909025,-0.0667822829496413,-0.4480597429220228,-0.1742178938715637,0.4811715481171548,8360.201649848541,-0.2475818515136313,2018-12-20,2022-06-22,
RandomForest,4,NVDA,0.091478012926478,0.1803641080584406,0.5741496829316813,0.8699593232106354,-0.2352451756247168,0.3888624397229365,0.4633867276887872,135942.16331249828,0.3594216331249826,0.2689607497061697,0.1444280688566701,0.180709516163293,0.8355988932300059,1.2574782555079986,-0.2172228944113849,0.6648841930222456,0.4959908361970218,160518.37022827382,0.6051837022827382,2022-06-23,2025-12-30,"{'n_estimators': 150, 'max_depth': 7, 'min_samples_leaf': 21, 'max_features': 'sqrt'}"
RandomForest,4,AAPL,-0.0160768460242216,0.1198988239428806,-0.0765529883117991,-0.1167012460065968,-0.2327988655090365,-0.0690589534835925,0.4462242562929062,94473.12224212653,-0.0552687775787348,0.2449250706804685,0.0273797403378819,0.1197885985312174,0.2840518180974415,0.4271335599664415,-0.1764202440779774,0.1551961368207842,0.4873853211009174,109938.95224982344,0.0993895224982344,2022-06-23,2025-12-30,"{'n_estimators': 100, 'max_depth': 9, 'min_samples_leaf': 32, 'max_features': 0.5}"
RandomForest,4,MSFT,-0.0363395506521617,0.1025669533192376,-0.3104683153274476,-0.4582238021544549,-0.1853448270463153,-0.1960645529269665,0.44279176201373,87822.64957135737,-0.1217735042864263,0.2029540512157286,-0.0011975557532781,0.1024464692244793,0.0386280313916011,0.0565516914280187,-0.1312956241198115,-0.0091210637163761,0.4805491990846682,99580.53552088546,-0.0041946447911453,2022-06-23,2025-12-30,"{'n_estimators': 500, 'max_depth': 7, 'min_samples_leaf': 24, 'max_features': 0.5}"
RandomForest,4,JPM,-0.0280233403410263,0.0940230817330048,-0.2551284711198446,-0.2985546274934701,-0.1965411514648768,-0.1425825590832276,0.4794050343249428,90510.1859658344,-0.0948981403416561,0.2368447715724288,0.0134534196096249,0.093961341327135,0.1893486444698159,0.2170738707751865,-0.1257839055458603,0.1069566058649682,0.5177548682703322,104799.53009320491,0.047995300932049,2022-06-23,2025-12-30,"{'n_estimators': 100, 'max_depth': 7, 'min_samples_leaf': 50, 'max_features': 'log2'}"
RandomForest,4,BAC,0.0230298078803545,0.102537340321262,0.2732911576326091,0.3408013982941752,-0.2199647229948239,0.1046977331946836,0.4759725400457666,108314.72116362378,0.0831472116362377,0.2100858206962008,0.0616485694101145,0.1025347823321613,0.6347279013763766,0.7702575105620157,-0.1778150178563045,0.3467005776752437,0.521889400921659,123349.93435501982,0.2334993435501982,2022-06-23,2025-12-30,"{'n_estimators': 300, 'max_depth': 4, 'min_samples_leaf': 49, 'max_features': 'log2'}"
RandomForest,4,MS,-0.081379804438582,0.1088928284506188,-0.7238449563057104,-0.7069369426950497,-0.3119928104635768,-0.2608387171411523,0.44279176201373,74247.76584123429,-0.2575223415876572,0.1629140733911979,-0.0545719000919129,0.1087428175737317,-0.460568184852095,-0.4432235039364935,-0.2451975895550311,-0.2225629550068029,0.4696449026345933,82130.85561139142,-0.1786914438860857,2022-06-23,2025-12-30,"{'n_estimators': 400, 'max_depth': 6, 'min_samples_leaf': 5, 'max_features': 'log2'}"
RandomForest,4,CAT,0.0401238059380768,0.1175114395375062,0.3930651849231896,0.5308265802129836,-0.1499938858148353,0.2675029433373634,0.5022883295194508,114797.70955393848,0.1479770955393848,0.2035608621457283,0.0781481970468171,0.1174789066563198,0.6988300634690163,0.9293187668812064,-0.1379452893650943,0.5665158803646093,0.5411899313501144,130206.89012289066,0.3020689012289066,2022-06-23,2025-12-30,"{'n_estimators': 100, 'max_depth': 9, 'min_samples_leaf': 32, 'max_features': 0.5}"
RandomForest,4,RTX,-0.0389360384538718,0.0856669408593844,-0.420700516539169,-0.5185352184350104,-0.1887885923211527,-0.2062414787628524,0.4336384439359267,86995.3692911167,-0.130046307088833,0.2500624934675057,0.0044160418932597,0.085601871780457,0.0942841249837847,0.1136660149323465,-0.1293924606204179,0.0341290510442837,0.4775086505190311,101557.71687716104,0.0155771687716104,2022-06-23,2025-12-30,"{'n_estimators': 500, 'max_depth': 7, 'min_samples_leaf': 49, 'max_features': 'log2'}"
RandomForest,4,BA,-0.0291763681261412,0.1388660502795772,-0.144452120436014,-0.2246181811219254,-0.3478732103712392,-0.0838706955761414,0.4370709382151029,90134.1001192784,-0.0986589988072159,0.1795707913025599,0.0020715773216055,0.1388656204177151,0.0836549185562886,0.1294800366353778,-0.3126442985222336,0.0066259878443241,0.4616265750286369,100728.58587067656,0.0072858587067656,2022-06-23,2025-12-30,"{'n_estimators': 400, 'max_depth': 7, 'min_samples_leaf': 42, 'max_features': 'log2'}"
LSTM,4,NVDA,-0.0169443752817715,0.2100652794182231,0.0222946026239638,0.0308718780696699,-0.382034366411406,-0.044353013161974,0.5068649885583524,94181.2433284178,-0.058187566715822,0.0921796828792187,-0.0008321462038148,0.2100959449140254,0.0996869216023468,0.1375143800635357,-0.3630002875349548,-0.0022924119687777,0.5200458190148912,99708.39287313278,-0.0029160712686722,2022-06-23,2025-12-30,"{'lookback': 20, 'hidden_size': 16, 'num_layers': 2, 'dropout': 0.2302877993102374, 'lr': 0.00020858990358496647, 'epochs': 18}"
LSTM,4,AAPL,-0.0541217254178819,0.1214746028138874,-0.3983858801836005,-0.6080794801002115,-0.3000072002351955,-0.180401421617389,0.4553775743707093,82268.123805792,-0.17731876194208,0.1106146953446251,-0.0354748458576543,0.1214295679927889,-0.2378443305084232,-0.3596768319418361,-0.2546533779811112,-0.1393064020548186,0.4793577981651376,88099.40153182326,-0.1190059846817674,2022-06-23,2025-12-30,"{'lookback': 20, 'hidden_size': 64, 'num_layers': 2, 'dropout': 0.18621631405273467, 'lr': 0.0004351651822510994, 'epochs': 16}"
LSTM,4,MSFT,-0.0551093752223852,0.1080504358874804,-0.4711934382099647,-0.6802572127021409,-0.2286240014251671,-0.2410480740379463,0.4530892448512585,81967.18213106194,-0.1803281786893805,0.1749762276088859,-0.025485648008526,0.1080731175329311,-0.1854933982966786,-0.2658739131592967,-0.1701993678085871,-0.149739968700637,0.477116704805492,91341.86107024252,-0.0865813892975747,2022-06-23,2025-12-30,"{'lookback': 20, 'hidden_size': 16, 'num_layers': 1, 'dropout': 0.2088353410074963, 'lr': 0.003846366714412294, 'epochs': 10}"
LSTM,4,JPM,-0.0219979693740469,0.0831571137960235,-0.2259623414457362,-0.2937044242427166,-0.1745721797274546,-0.126010738987109,0.4874141876430206,92493.76952449196,-0.0750623047550802,0.0950571569618469,-0.0054581180711918,0.0831434261027942,-0.0243229530937172,-0.0313944315152159,-0.1587925026515502,-0.0343726434186193,0.5120274914089347,98098.39551833332,-0.0190160448166667,2022-06-23,2025-12-30,"{'lookback': 20, 'hidden_size': 16, 'num_layers': 2, 'dropout': 0.13204574812188039, 'lr': 0.000161190447276092, 'epochs': 20}"
LSTM,4,BAC,-0.0642142933981879,0.0978911978650976,-0.6287902441297889,-0.7483677277672868,-0.2347106700182896,-0.2735891529481132,0.465675057208238,79229.81962613795,-0.2077018037386204,0.1151925649767681,-0.0449976587478482,0.0978728803684845,-0.4212920023055493,-0.4955590532011865,-0.2114148442797705,-0.2128405831725879,0.488479262672811,85085.75013632695,-0.1491424986367304,2022-06-23,2025-12-30,"{'lookback': 20, 'hidden_size': 16, 'num_layers': 2, 'dropout': 0.1554111493483545, 'lr': 0.000796447318536244, 'epochs': 16}"
LSTM,4,MS,-0.135493216951272,0.0946290537109128,-1.4907748929767497,-1.8021801802581985,-0.436857824575534,-0.3101540348577294,0.4588100686498856,60005.01933385829,-0.3999498066614171,0.0863903956173185,-0.1222090521101215,0.0946144813021296,-1.3299375518391163,-1.602876260678458,-0.4088025891358788,-0.2989439288250237,0.4707903780068728,63302.311070532094,-0.3669768892946791,2022-06-23,2025-12-30,"{'lookback': 20, 'hidden_size': 16, 'num_layers': 2, 'dropout': 0.13204574812188039, 'lr': 0.000161190447276092, 'epochs': 20}"
LSTM,4,CAT,-0.0552527469361348,0.1125689441493469,-0.4483800642595441,-0.5225107972449776,-0.3545872924377445,-0.1558226933522599,0.4736842105263157,81923.56159167491,-0.1807643840832509,0.0821608021025046,-0.0414512032741507,0.1125100083748304,-0.3197982600851052,-0.3703188263567719,-0.3334291309826148,-0.1243178817399492,0.4862700228832952,86199.326663745,-0.1380067333625499,2022-06-23,2025-12-30,"{'lookback': 20, 'hidden_size': 64, 'num_layers': 2, 'dropout': 0.12958350559263473, 'lr': 0.0003124565071260876, 'epochs': 22}"
LSTM,4,RTX,-0.1303703102880872,0.0810676743332517,-1.6819564326215644,-1.83948066613918,-0.4095239705020203,-0.3183459813799692,0.4610983981693364,61261.66288804528,-0.3873833711195471,0.1248835177725755,-0.1109917833914642,0.0810936424191219,-1.4097633350409622,-1.5190834226897172,-0.3651055313053596,-0.3039991834542631,0.4913494809688581,66185.7816986975,-0.338142183013025,2022-06-23,2025-12-30,"{'lookback': 20, 'hidden_size': 32, 'num_layers': 2, 'dropout': 0.0030149555604089898, 'lr': 0.0006504432419562287, 'epochs': 10}"
LSTM,4,BA,0.0398042922479453,0.1343258286441837,0.3577387188641254,0.4528856412660593,-0.1566254699025814,0.2541367778350673,0.4736842105263157,114674.05159227464,0.1467405159227464,0.1083397766902723,0.059863425864947,0.1343290109460826,0.5000013473236626,0.6255295971944702,-0.1435460204966059,0.4170329881514376,0.4948453608247423,122623.88340247973,0.2262388340247971,2022-06-23,2025-12-30,"{'lookback': 20, 'hidden_size': 64, 'num_layers': 2, 'dropout': 0.07185882911732645, 'lr': 0.0016425558700645434, 'epochs': 23}"
TCN,4,NVDA,-0.1651375774049478,0.1755447430575783,-0.9406248081168662,-1.3209430910933666,-0.546664477504696,-0.3020821439847977,0.4210526315789473,53092.1233022266,-0.469078766977734,0.2897006881746518,-0.1213340168670225,0.1755607710101193,-0.64945339556454,-0.9043722566332364,-0.4734572219782629,-0.2562723963952822,0.4593356242840778,63523.95127986148,-0.3647604872013852,2022-06-23,2025-12-30,"{'lookback': 20, 'n_channels': 16, 'n_layers': 2, 'kernel_size': 3, 'dropout': 0.15427033152408348, 'lr': 0.0010150667045928582, 'epochs': 10}"
TCN,4,AAPL,0.0268085251832024,0.1295671576606193,0.2667591864723472,0.4445522804259703,-0.1539078051663064,0.1741856116668952,0.448512585812357,109724.67837064592,0.0972467837064592,0.239324886298105,0.071102755610952,0.1293931915999951,0.5933862405328423,0.9767653825684788,-0.1253883560946772,0.5670602743787815,0.4885321100917431,127246.46706526134,0.2724646706526135,2022-06-23,2025-12-30,"{'lookback': 20, 'n_channels': 64, 'n_layers': 1, 'kernel_size': 3, 'dropout': 0.2911159037474375, 'lr': 0.004904794405354666, 'epochs': 30}"
TCN,4,MSFT,-0.0972672427878937,0.0928056089721107,-1.0564201227077137,-1.4500108613422455,-0.3369131516903153,-0.2887012344276193,0.4267734553775744,69840.04359555319,-0.3015995640444681,0.2845586323585489,-0.0507705183337904,0.0926823453011484,-0.5162317582142629,-0.6962736234037945,-0.2545333563048514,-0.1994650880766417,0.4862700228832952,83295.1415471816,-0.167048584528184,2022-06-23,2025-12-30,"{'lookback': 20, 'n_channels': 64, 'n_layers': 2, 'kernel_size': 3, 'dropout': 0.2140902507017694, 'lr': 0.0002552426925805199, 'epochs': 26}"
TCN,4,JPM,-0.0145560574880566,0.087251956638454,-0.1244127865415616,-0.1504334818468595,-0.1937584467623296,-0.0751247634943708,0.44279176201373,94986.34891796572,-0.0501365108203427,0.2877411506669041,0.036760118071039,0.0871714282476058,0.4577449368812447,0.5352963077259544,-0.1249147188030214,0.2942817181456916,0.5063001145475372,113500.6685039353,0.1350066850393529,2022-06-23,2025-12-30,"{'lookback': 20, 'n_channels': 32, 'n_layers': 1, 'kernel_size': 5, 'dropout': 0.10266824627884982, 'lr': 0.00033529741564246166, 'epochs': 29}"
TCN,4,BAC,0.0677529400750009,0.1022447922700793,0.6922298044324418,0.8789250785179309,-0.0927839128520723,0.7302229232671096,0.482837528604119,125855.92743278586,0.2585592743278586,0.3127156684817951,0.1282980441150072,0.1021585407093102,1.2327891099766246,1.5178027382557622,-0.0855239934736047,1.5001409417885034,0.5403225806451613,152721.255522322,0.5272125552232201,2022-06-23,2025-12-30,"{'lookback': 20, 'n_channels': 32, 'n_layers': 1, 'kernel_size': 5, 'dropout': 0.10266824627884982, 'lr': 0.00033529741564246166, 'epochs': 29}"
TCN,4,MS,-0.0429578559334833,0.1029844266617997,-0.3751403580166462,-0.5012940018514176,-0.2965509218336174,-0.1448582781933999,0.44279176201373,85724.97726500685,-0.1427502273499314,0.2891378562869958,0.0071257906378492,0.102997049640066,0.1201034709655154,0.1571745002689576,-0.2183746525654276,0.0326310336576918,0.4971363115693012,102522.09813431044,0.0252209813431043,2022-06-23,2025-12-30,"{'lookback': 20, 'n_channels': 32, 'n_layers': 2, 'kernel_size': 5, 'dropout': 0.20714400689340723, 'lr': 0.0004622659555661011, 'epochs': 10}"
TCN,4,CAT,-0.0517435797795025,0.1075680263889389,-0.4399891023579445,-0.5006983165068775,-0.3269673945790265,-0.1582530265628559,0.477116704805492,82995.99630050741,-0.1700400369949258,0.2696674171931096,-0.0055126032477044,0.1073317380127188,0.0022413968508653,0.0024990613090728,-0.235978401905949,-0.023360626240284,0.5194508009153318,98079.54431496552,-0.0192045568503448,2022-06-23,2025-12-30,"{'lookback': 20, 'n_channels': 16, 'n_layers': 3, 'kernel_size': 2, 'dropout': 0.07201997494159604, 'lr': 0.00019169498372680174, 'epochs': 22}"
TCN,4,RTX,-0.009938733679226,0.074829375722586,-0.0961915229372906,-0.1362913425233156,-0.1874223992559552,-0.0530285265724995,0.4324942791762013,96556.78959560853,-0.0344321040439147,0.2884232786533706,0.0417418878496893,0.0747341205751387,0.5844708468782458,0.8156966440989365,-0.0871822329247629,0.4787889280802436,0.4809688581314879,115425.40279266732,0.1542540279266731,2022-06-23,2025-12-30,"{'lookback': 20, 'n_channels': 64, 'n_layers': 2, 'kernel_size': 2, 'dropout': 0.12826230550756487, 'lr': 0.00011045524260304731, 'epochs': 12}"
TCN,4,BA,0.0043758723042124,0.114214588219169,0.095071081741365,0.1309280686167913,-0.2490512446427343,0.017570168382373,0.4405034324942792,101543.46977227466,0.0154346977227466,0.2641260216292634,0.0522593160523674,0.1143556170160695,0.5023831462513115,0.6817381070204835,-0.1872442924871066,0.2790969773135592,0.4879725085910653,119565.3406587823,0.195653406587823,2022-06-23,2025-12-30,"{'lookback': 20, 'n_channels': 64, 'n_layers': 2, 'kernel_size': 2, 'dropout': 0.12826230550756487, 'lr': 0.00011045524260304731, 'epochs': 12}"
TFT,4,NVDA,-0.0962374327167528,0.2013183278981537,-0.401173449860933,-0.4651135414720888,-0.518989549369143,-0.1854323132975108,0.5160183066361556,70119.92582465142,-0.2988007417534858,0.0738762135555907,-0.0843852659410858,0.2013614318036165,-0.3363693009393578,-0.3893360054156592,-0.5112228555554544,-0.1650655189298989,0.5200458190148912,73399.11738873852,-0.2660088261126148,2022-06-23,2025-12-30,"{'d_model': 32, 'lookback': 20, 'n_heads': 4, 'lstm_layers': 1, 'dropout': 0.13682099526511077, 'lr': 0.0014447746112718689, 'epochs': 13}"
TFT,4,AAPL,-0.0367414173470127,0.1102388795547753,-0.2847699933370953,-0.4106379329463148,-0.2332517301593782,-0.1575183057459327,0.4713958810068649,87694.24244650868,-0.1230575755349131,0.0787393316576977,-0.0232621059675177,0.1101939931669852,-0.158839029141639,-0.2278984450372681,-0.2012173425735547,-0.1156068640505692,0.485091743119266,92075.0584823627,-0.0792494151763729,2022-06-23,2025-12-30,"{'d_model': 32, 'lookback': 20, 'n_heads': 2, 'lstm_layers': 1, 'dropout': 0.010316556334565519, 'lr': 0.0022038218939289863, 'epochs': 14}"
TFT,4,MSFT,0.0211366296403667,0.1063761770815317,0.2499409462070137,0.2870892466411711,-0.1906881800074272,0.1108439423961333,0.5183066361556065,107613.2103089164,0.0761321030891639,0.0887998986670394,0.0372524805476515,0.1064109843529565,0.397064877610398,0.4520524074446683,-0.177025003678531,0.2104362647849466,0.5320366132723112,113689.8660166633,0.1368986601666331,2022-06-23,2025-12-30,"{'d_model': 32, 'lookback': 20, 'n_heads': 2, 'lstm_layers': 1, 'dropout': 0.055021352956030146, 'lr': 0.0002814509271606064, 'epochs': 18}"
TFT,4,JPM,0.0327915914999203,0.0890544715439183,0.4067335494676966,0.5560010711929322,-0.1479488343183578,0.2216414319923542,0.4736842105263157,111983.91304386617,0.1198391304386616,0.0583142416569173,0.0434693269260806,0.0890494305752952,0.5222725539607291,0.7103591231059685,-0.1412707461377678,0.3077022533999301,0.4833906071019473,116098.22234307988,0.1609822234307987,2022-06-23,2025-12-30,"{'d_model': 24, 'lookback': 20, 'n_heads': 2, 'lstm_layers': 2, 'dropout': 0.16793356278305682, 'lr': 0.0006852548357046635, 'epochs': 10}"
TFT,4,BAC,0.0059354336834573,0.1037913261742581,0.1088793835463872,0.1316460513717531,-0.1866265658827491,0.031803798432354,0.5148741418764302,102097.65556036412,0.0209765556036412,0.0740134275744626,0.01915426454412,0.1037957960840572,0.2346598335805969,0.2812645948004049,-0.18004375801105,0.1063867181829457,0.5299539170506913,106882.1392175822,0.068821392175822,2022-06-23,2025-12-30,"{'d_model': 16, 'lookback': 20, 'n_heads': 4, 'lstm_layers': 2, 'dropout': 0.2406495260743038, 'lr': 0.0005909994641910849, 'epochs': 11}"
TFT,4,MS,-0.1148256220192721,0.1187952351261774,-0.9673355543092632,-1.1958567859954052,-0.4320830512750502,-0.2657489611787106,0.4736842105263157,65189.92997807759,-0.3481007002192241,0.0866436554027066,-0.1011856377921862,0.1187905403538399,-0.8387108393502823,-1.028870171490009,-0.4140663047073936,-0.2443706156280711,0.4902634593356242,68782.39812308394,-0.3121760187691605,2022-06-23,2025-12-30,"{'d_model': 24, 'lookback': 20, 'n_heads': 2, 'lstm_layers': 1, 'dropout': 0.07224238125027302, 'lr': 0.0001289843199496357, 'epochs': 21}"
TFT,4,CAT,-0.0478865485006223,0.1173175560486863,-0.3594747943732139,-0.4356822658813395,-0.3726766137356814,-0.1284935698556754,0.4805491990846682,84186.27932266473,-0.1581372067733526,0.0714230446755907,-0.0358152090922789,0.1173397404515473,-0.252034640117574,-0.3040839150135003,-0.3571280784857872,-0.1002867353475381,0.4897025171624714,87990.39272607259,-0.1200960727392741,2022-06-23,2025-12-30,"{'d_model': 16, 'lookback': 20, 'n_heads': 2, 'lstm_layers': 2, 'dropout': 0.2131204105352315, 'lr': 0.00070278144758503, 'epochs': 10}"
TFT,4,RTX,0.0610958660068625,0.1031778080983579,0.625952478159186,0.8602952550099077,-0.1248298696244198,0.4894330675076718,0.482837528604119,123124.8120797606,0.231248120797606,0.077145114635387,0.0756338056956582,0.1031502449802209,0.7580476702394238,1.0280688876801698,-0.1137755851505105,0.6647630561126483,0.5028835063437139,129144.77969526204,0.2914477969526203,2022-06-23,2025-12-30,"{'d_model': 32, 'lookback': 20, 'n_heads': 4, 'lstm_layers': 1, 'dropout': 0.2960660809801552, 'lr': 0.0013826083091896747, 'epochs': 13}"
TFT,4,BA,0.050564808311843,0.1394379627345631,0.4233407297848145,0.5589358472411159,-0.204937089129221,0.246733319608926,0.4954233409610984,118891.27741190462,0.1889127741190461,0.0975874364806343,0.0688078397497056,0.1394021233469146,0.5469370972865399,0.7146470984965161,-0.1958759538406898,0.3512827297099905,0.5177548682703322,126292.64810600992,0.2629264810600993,2022-06-23,2025-12-30,"{'d_model': 24, 'lookback': 20, 'n_heads': 4, 'lstm_layers': 1, 'dropout': 0.003953019739002195, 'lr': 0.0005706570311488099, 'epochs': 20}"
SingleAgentA2C,4,PORTFOLIO,-0.0417863194157471,0.0667826138106287,-0.6057035050957686,-0.8190287218142002,-0.1614923307483357,-0.2587511073876665,0.4813137032842582,86093.65797539132,-0.1390634202460867,0.0553041729512317,-0.0099658241816583,0.0667518187149189,-0.1166675296798727,-0.1590288330073793,-0.1099474635728877,-0.0906416924757131,0.5039637599093998,96547.52183878294,-0.0345247816121706,2022-06-23,2025-12-30,{'rollout_len': 20}
SingleAgentA2C,4,NVDA,-0.4435395510588675,0.4576786446811506,-1.0442306594514927,-1.2372243309307127,-0.9046019515001305,-0.4903146077933302,0.4858490566037736,1421.5337794678876,-0.8720619598478901,0.1244343891402715,-0.4311811703689923,0.4577671588944979,-0.9960781105597132,-1.1746602602080207,-0.8979261893696976,-0.480196674819855,0.4969915764139591,1535.4006317933104,-0.861813943138602,2022-06-23,2025-12-30,
SingleAgentA2C,4,AAPL,0.0225569069711149,0.1992889391656303,0.212783438157373,0.2622393689494685,-0.2722028864822698,0.0828679932921437,0.5,12015.464878108538,0.0813918390297683,0.1204751131221719,0.0445119769483408,0.1993235855607152,0.3193660972838517,0.3931068064654006,-0.246798019735248,0.1803579177664835,0.5022727272727273,12945.075323768982,0.1650567791392083,2022-06-23,2025-12-30,
SingleAgentA2C,4,MSFT,0.1004574937634528,0.2026702990382116,0.5732253604901398,0.8329539303282556,-0.2408828207263417,0.4170388467742951,0.48642266824085,15545.113229266704,0.3990601906340034,0.290158371040724,0.1582469716033101,0.2025819030173836,0.8261334768093567,1.1952659508801322,-0.2196038079035036,0.7206021294168342,0.5190651906519065,18602.356190564737,0.6742120571508263,2022-06-23,2025-12-30,
SingleAgentA2C,4,JPM,-0.1629064833529305,0.1882045445924895,-0.8503278604265323,-1.145521968380718,-0.514040303503442,-0.3169138338815873,0.460093896713615,5954.6125672757435,-0.4640848689451831,0.2714932126696832,-0.121833347042211,0.1883154751702934,-0.5955122111421677,-0.7952590400171405,-0.4382155087389117,-0.2780215319006412,0.4809069212410501,7044.15629433498,-0.3660259335098518,2022-06-23,2025-12-30,
SingleAgentA2C,4,BAC,-0.124992534825571,0.1995192297790571,-0.5691454848737457,-0.6873224802936637,-0.5289041329190327,-0.2363236114940806,0.4643962848297213,6955.661204432102,-0.3739904916011108,0.1029411764705882,-0.1089181397849159,0.1993424032553141,-0.4785567129069055,-0.5760235957717942,-0.5006785924193748,-0.217541036173731,0.4800637958532695,7414.325034981371,-0.3327107468516767,2022-06-23,2025-12-30,
SingleAgentA2C,4,MS,-0.1580948711731793,0.1966218075195721,-0.7762059317958064,-0.8428779100777084,-0.4834053505461826,-0.3270441069685172,0.4642857142857143,6075.5469913214865,-0.4532007707810662,0.1397058823529411,-0.1370651175845244,0.196569484520814,-0.6510415183822467,-0.6878973770002141,-0.4492008852579917,-0.305131005041994,0.5015197568389058,6624.795346179671,-0.4037684188438296,2022-06-23,2025-12-30,
SingleAgentA2C,4,CAT,-0.1656132658463064,0.1917700768727187,-0.8479031234836271,-1.0556999570131864,-0.5123131506601916,-0.323265693322315,0.4424657534246575,5887.342332357537,-0.4701391900878217,0.296945701357466,-0.1206831026045293,0.191621029884913,-0.5752042221974021,-0.7088202770634956,-0.444960995506686,-0.271221756116185,0.4874446085672083,7076.575853960066,-0.3631081731435941,2022-06-23,2025-12-30,
SingleAgentA2C,4,RTX,0.0956163897456956,0.1554946407838034,0.6659627458148593,0.5284165875981585,-0.179099663855653,0.5338725248683801,0.4739454094292804,15306.541106550809,0.3775886995895725,0.0967194570135746,0.1145050346137408,0.1552734969667164,0.7767903248738312,0.5752941846196963,-0.1631573539500499,0.7018073769987478,0.5287671232876713,16252.42905333537,0.4627186148001834,2022-06-23,2025-12-30,
SingleAgentA2C,4,BA,0.1275926351116543,0.1927543342561418,0.7181724401439825,1.1557756068229348,-0.2121450068820858,0.6014406701665748,0.463903743315508,16931.841886610517,0.5238657697949465,0.1906108597285067,0.1661669396035694,0.1926067521924314,0.8932947795374941,1.4404165803952462,-0.1868637976996719,0.8892409425962401,0.4861495844875346,19052.40810986445,0.7147167298878003,2022-06-23,2025-12-30,
SingleAgentPPO,4,PORTFOLIO,-0.0062432592059961,0.0703984613340209,-0.0537927107738446,-0.0763464793842798,-0.1426256227615698,-0.0437737559711349,0.4869762174405436,97826.99647464504,-0.0217300352535497,0.060708898944193,0.0298832933757509,0.0703471546582052,0.4537373799186883,0.6427244213045588,-0.133617721114195,0.2236476803118911,0.5107587768969423,110881.6138000242,0.1088161380002421,2022-06-23,2025-12-30,"{'rollout_len': 32, 'clip_eps': 0.21973169683940733, 'gae_lambda': 0.9140416776398192}"
SingleAgentPPO,4,NVDA,-0.0436210918076768,0.3422464287051028,0.0389384805624267,0.0542800621694017,-0.4928205861085959,-0.0885131283823128,0.4839537869062901,9501.862122395967,-0.144832408984363,0.1747737556561086,-0.0136448284321623,0.3421771453286238,0.1290461593132514,0.1795427885945664,-0.4803126623774191,-0.0284082213544486,0.5039893617021277,10588.313145260932,-0.0470518169265161,2022-06-23,2025-12-30,
SingleAgentPPO,4,AAPL,-0.0805034761705221,0.2247391895748909,-0.2608108370960658,-0.3281824679725458,-0.3811725565091075,-0.2111995598733473,0.5023980815347722,8277.392069183445,-0.2550347137734899,0.3619909502262443,-0.0197937918537557,0.2244830840522017,0.023346023958634,0.0291900477537413,-0.3198075674275862,-0.0618928189003458,0.5265104808877928,10358.566350349049,-0.0677290284685856,2022-06-23,2025-12-30,
SingleAgentPPO,4,MSFT,-0.0759959415869832,0.1161368446026271,-0.6225907811919437,-0.8946775429324342,-0.343861109559622,-0.2210076669743493,0.4170096021947874,8420.611611145934,-0.2421449549968659,0.1849547511312217,-0.0453614358322208,0.1163002742339088,-0.3411832944345747,-0.4893869017646454,-0.2821349736165419,-0.1607792017088705,0.4549483013293944,9441.345548068222,-0.1502789006738599,2022-06-23,2025-12-30,
SingleAgentPPO,4,JPM,0.1417100560839814,0.1561482362787394,0.9264486602255508,1.1903483757921691,-0.1651026243741917,0.8583149820974806,0.5481220657276995,17687.22395529217,0.5918501559762954,0.1001131221719457,0.1620301358972358,0.1562093076187422,1.0391396103254755,1.3246709565520145,-0.1595309643265622,1.015665746027572,0.5644391408114559,18816.37491751089,0.6934737425759796,2022-06-23,2025-12-30,
SingleAgentPPO,4,BAC,0.0554179249098878,0.1852505794922269,0.3840666088269766,0.4370621558793421,-0.3036330086465035,0.1825161406426883,0.4929577464788732,13425.455501185386,0.2082909951066847,0.1979638009049773,0.0930316296143718,0.1846943128006395,0.5742969272851516,0.6448133017338316,-0.2892722976718995,0.3216057339852529,0.5284280936454849,15180.240526705606,0.3662216474035045,2022-06-23,2025-12-30,
SingleAgentPPO,4,MS,-0.0159931103521673,0.2215900234594137,0.0392230582149783,0.0470419090327333,-0.4252868749505515,-0.0376054642034905,0.4948921679909194,10500.147684695265,-0.0549867083774262,0.1804298642533936,0.015847782574869,0.2215615078387728,0.1828804418220106,0.2190650561468436,-0.3776766636774574,0.0419612438337025,0.5028571428571429,11741.184576281708,0.0567066118653536,2022-06-23,2025-12-30,
SingleAgentPPO,4,CAT,0.0257123496479536,0.1898699521660816,0.2288540545318609,0.2553344733387186,-0.321920509185586,0.0798717351466743,0.4429429429429429,12146.035353528034,0.093143181817523,0.2437782805429864,0.0707529213525728,0.1900070186374381,0.4550094922531791,0.4786199230511745,-0.2984803175798273,0.23704384237547,0.5067796610169492,14122.30405067153,0.2710073645604376,2022-06-23,2025-12-30,
SingleAgentPPO,4,RTX,-0.0927101852317725,0.1749157379613061,-0.4689252596945498,-0.6165101133011706,-0.4244520114287651,-0.2184232439368046,0.464922711058264,7898.293461682264,-0.2891535884485963,0.253393665158371,-0.0512348873446472,0.1750033964533849,-0.2132745196415342,-0.2773812697856361,-0.3420917511449376,-0.1497694322449183,0.4914004914004914,9239.142893875003,-0.1684771395512497,2022-06-23,2025-12-30,
SingleAgentPPO,4,BA,-0.0304198246334902,0.2562152935419746,0.0069933453418025,0.0087794764565603,-0.3789114103439092,-0.0802821551504096,0.4768824306472919,9969.974715536564,-0.1027022756017093,0.2154977375565611,0.0071962919820203,0.2560531664089084,0.1554583506731546,0.1928174637038798,-0.3407885156401954,0.021116591820888,0.4993141289437586,11394.141791301272,0.0254727612171143,2022-06-23,2025-12-30,
SingleAgentDQN,4,PORTFOLIO,-0.1548858690500175,0.0828548428323171,-1.9889833251718805,-2.798149625451767,-0.4707003885637881,-0.3290540496951976,0.4405436013590034,55414.54037952419,-0.4458545962047581,0.1046380090497737,-0.0852101890628774,0.0828765119267452,-1.0330279109002476,-1.4517333619800348,-0.3152649198724373,-0.2702812260157434,0.4609286523216308,73167.40323574688,-0.2683259676425311,2022-06-23,2025-12-30,"{'rollout_len': 32, 'epsilon_decay_frac': 0.41649165607921673}"
SingleAgentDQN,4,NVDA,-0.3287574185121038,0.3450613754839033,-0.9813537963812088,-1.3072569411734578,-0.7946143754534581,-0.4137320298597589,0.3982737361282367,2744.490707529631,-0.7529958363223331,0.417420814479638,-0.277329940546794,0.3449398215340747,-0.7682333050527909,-1.0042226366384008,-0.7383511143338388,-0.3756071266947419,0.4412955465587044,3555.7251577702664,-0.6799847358006761,2022-06-23,2025-12-30,
SingleAgentDQN,4,AAPL,-0.2654559398226228,0.2196127810908577,-1.2938961167624583,-1.643605558944532,-0.7028442555408689,-0.3776881403382077,0.4433962264150943,3764.9275160058583,-0.6611565235594727,0.4722850678733031,-0.2015298426231777,0.21941648634892,-0.9153598346872917,-1.138632651964387,-0.6065489695235866,-0.3322565081290455,0.4818523153942428,5045.302123381741,-0.5459228088956434,2022-06-23,2025-12-30,
SingleAgentDQN,4,MSFT,-0.1426610964481162,0.216312622243834,-0.6032758165719854,-0.8139352194873967,-0.5023043322938132,-0.2840132709917966,0.4725400457665903,6475.313720810227,-0.4172217651270795,0.4564479638009049,-0.070747853450736,0.2163822629934857,-0.2309743521168434,-0.3087743083764752,-0.381210557602018,-0.1855873402241826,0.502375296912114,8589.583143622598,-0.2269375170739661,2022-06-23,2025-12-30,
SingleAgentDQN,4,JPM,-0.0625255973801043,0.1744797031989389,-0.2829569284573039,-0.3599372889352139,-0.4548511693586698,-0.1374638598121316,0.4058171745152354,8859.167447294332,-0.2026749297435101,0.4106334841628959,0.007869773281057,0.17473058834052,0.1320061125535176,0.1594439339883762,-0.3472641380513589,0.0226622113219568,0.4870967741935484,11420.89087365788,0.0278801786292093,2022-06-23,2025-12-30,
SingleAgentDQN,4,BAC,-0.1241488124659083,0.1512737143839334,-0.8002782640774544,-0.9736475863011635,-0.5083920525999442,-0.2441989638331375,0.4250325945241199,6979.217283423713,-0.3718704444918659,0.3648190045248868,-0.0658427847472771,0.1508545564160655,-0.3759050737130648,-0.4443128962853587,-0.4241846331249086,-0.1552219943995202,0.4868035190615836,8749.689316557748,-0.2125279615098027,2022-06-23,2025-12-30,
SingleAgentDQN,4,MS,-0.2509281479056092,0.2347978040072964,-1.111612760924229,-1.315965727475572,-0.6754436585445969,-0.3715012269806386,0.4178921568627451,4032.6805231359313,-0.6370587529177663,0.4802036199095023,-0.184623939705952,0.2347321689301239,-0.7510530722013699,-0.8468259660530683,-0.5778204347179244,-0.319517844321446,0.4806629834254143,5430.087517654713,-0.5112921234110759,2022-06-23,2025-12-30,
SingleAgentDQN,4,CAT,-0.1463275986443736,0.2228125165577967,-0.5995471183446206,-0.8594320339066701,-0.5105688154453114,-0.2865972112236205,0.4318181818181818,6378.690454183917,-0.4259178591234475,0.4423076923076923,-0.076948227935651,0.2225151217365504,-0.2497067384752767,-0.3532985344490885,-0.4050058824297776,-0.1899928649776902,0.4842931937172774,8390.207822261551,-0.2448812959964604,2022-06-23,2025-12-30,
SingleAgentDQN,4,RTX,-0.0764503020161412,0.1795850065309353,-0.3539278114029713,-0.5183343154128958,-0.3537403542927937,-0.2161198209036187,0.463905325443787,8406.095369975823,-0.2434514167021759,0.5231900452488688,0.0129312122790694,0.179188291889264,0.1603374604261159,0.2329485571961126,-0.2685145052288625,0.0481583379193903,0.508641975308642,11623.357979773602,0.0461022181796242,2022-06-23,2025-12-30,
SingleAgentDQN,4,BA,-0.0968048415449427,0.2673141622667195,-0.2471256761111155,-0.3083329650048534,-0.5579076201132545,-0.1735141053016832,0.4577723378212974,7773.957357164749,-0.3003438378551726,0.4638009049773756,-0.0196860957011926,0.2669822909502068,0.0590087323683495,0.07106017061607,-0.4909201703044561,-0.0401004010264719,0.5154362416107383,10362.559301066774,-0.0673696629039902,2022-06-23,2025-12-30,
MultiAgentA2C,4,PORTFOLIO,-0.045150253686315,0.0827080797494763,-0.5170518406809725,-0.6154451055620254,-0.1766362484378092,-0.2556114845374547,0.5005662514156285,85038.0678326628,-0.149619321673372,0.0860985419808949,-0.0039716476831965,0.0802856181724245,-0.0092829658205748,-0.0109792808942868,-0.1252631579211691,-0.0317064310776519,0.5152887882219706,98613.6960899065,-0.013863039100935,2022-06-23,2025-12-30,{'rollout_len': 20}
MultiAgentA2C,4,NVDA,0.3160437136040834,0.3432774918900642,0.9706288934274084,1.3550060795705223,-0.4648478039639687,0.6798864292980087,0.5263761467889908,29117.23843981046,1.6205514595829411,0.1148190045248868,0.3429923467451037,0.3431846242711307,1.0299095574012056,1.4344257484857534,-0.4577085126256865,0.7493685113643547,0.5367561260210035,31263.04886557018,1.813674397901316,2022-06-23,2025-12-30,
MultiAgentA2C,4,AAPL,-0.1360470694751431,0.1563638083093066,-0.8565606623944302,-1.1176428118761166,-0.4924186654931769,-0.2762833316622686,0.4541284403669725,6652.252584649089,-0.401297267381582,0.3704751131221719,-0.0776276135373552,0.1560751521111923,-0.4394247023787847,-0.5691727323296555,-0.4039078451917852,-0.1921913982643634,0.4881516587677725,8368.56500197853,-0.2468291498219323,2022-06-23,2025-12-30,
MultiAgentA2C,4,MSFT,-0.1026274707878714,0.1602393088096107,-0.5943465768978797,-0.5764147318203355,-0.3889786767380779,-0.2638382948096061,0.3927444794952681,7599.568878882062,-0.3160388009006144,0.377262443438914,-0.0408118380149647,0.1599934549317841,-0.1793110203481877,-0.1520078295578477,-0.3377035365212956,-0.1208510826844456,0.5120967741935484,9600.132024889415,-0.1359881177599526,2022-06-23,2025-12-30,
MultiAgentA2C,4,JPM,-0.1291349996217018,0.1325361855559932,-0.9767846789155148,-1.2973280847197204,-0.4219502038741791,-0.3060432212996594,0.4152334152334152,6840.830642626639,-0.3843252421636025,0.1940045248868778,-0.0988153763331216,0.1326699945770825,-0.7178482034806987,-0.9365612748157144,-0.3686174566408686,-0.2680702569910955,0.4554973821989528,7713.421700191661,-0.3057920469827505,2022-06-23,2025-12-30,
MultiAgentA2C,4,BAC,-0.0323637719596785,0.1405411186787352,-0.1637439388803914,-0.200346650645785,-0.2636654583131992,-0.1227455889244116,0.4619565217391304,9900.030081319816,-0.1089972926812165,0.2539592760180995,0.012019481484421,0.1402356191173479,0.1553504029832109,0.1858313115934269,-0.2500423596042624,0.0480697810700715,0.5128205128205128,11586.69905093034,0.0428029145837305,2022-06-23,2025-12-30,
MultiAgentA2C,4,MS,-0.2021808312162625,0.1420446769979521,-1.5181664614386663,-1.9352234903670769,-0.5534310997502945,-0.3653224968880237,0.4106728538283062,5030.887292748129,-0.5472201436526685,0.1408371040723982,-0.182078827651553,0.1419140143258782,-1.344502869516918,-1.672193006031351,-0.513039848122339,-0.3549019210066012,0.4541984732824427,5489.778225729188,-0.5059199596843731,2022-06-23,2025-12-30,
MultiAgentA2C,4,CAT,-0.2329667602995235,0.1693288190580995,-1.4796191149232945,-1.3000125979961334,-0.6133583821134199,-0.3798215971171716,0.3571428571428571,4382.2077626086375,-0.6056013013652226,0.3540723981900452,-0.1834562713059967,0.1691588017643427,-1.1118770314242932,-0.8579927225302417,-0.5218534419821774,-0.3515474969546377,0.5,5457.415015823003,-0.5088326485759298,2022-06-23,2025-12-30,
MultiAgentA2C,4,RTX,-0.0655897076314349,0.2268376157592508,-0.1845674557357289,-0.2208495799130237,-0.3997773793597305,-0.1640655800397738,0.5181818181818182,8758.007429128944,-0.2117793313783951,0.3139140271493212,-0.0124313099715883,0.2270971171897289,0.0594793670234549,0.0709630246116474,-0.3031814965332441,-0.0410028649958367,0.523972602739726,10634.08109671302,-0.0429327012958281,2022-06-23,2025-12-30,
MultiAgentA2C,4,BA,-0.1321890203145637,0.2649912227987677,-0.4002163156692384,-0.4511941715212474,-0.5602653747102297,-0.2359400139316696,0.4235588972431077,6757.04472088903,-0.3918659751199873,0.3704751131221719,-0.0735036820920197,0.2647903731597157,-0.1537140509783844,-0.1623008278924226,-0.5121641962406652,-0.143515854156819,0.4836879432624113,8500.555108081175,-0.2349500402726942,2022-06-23,2025-12-30,
MultiAgentPPO,4,PORTFOLIO,0.0381858902280127,0.131484260359728,0.3501613623834639,0.4817042613026399,-0.1842954515866365,0.2071993090402545,0.5164212910532276,114049.1611322026,0.1404916113220258,0.0679361488185017,0.0688936696698041,0.1297822131749806,0.5776889991231554,0.7953935938321838,-0.167262593580086,0.4118892825658451,0.5266138165345413,126328.22865166308,0.2632822865166306,2022-06-23,2025-12-30,"{'rollout_len': 32, 'clip_eps': 0.14246782213565523, 'gae_lambda': 0.9163642470486391}"
MultiAgentPPO,4,NVDA,0.3917037292247183,0.4362412765970895,0.9766910404848,1.298791106766263,-0.4618362805543526,0.8481441275132117,0.528,35425.053861573986,2.1882548475416588,0.1018099547511312,0.4170570185534437,0.4359880802014156,1.018450371750981,1.3490520394627912,-0.4507043138352254,0.9253450782499432,0.537122969837587,37741.10541983643,2.3966994877852787,2022-06-23,2025-12-30,
MultiAgentPPO,4,AAPL,-0.0098834994331129,0.1783971335965684,0.0323136182282899,0.037641421922333,-0.422939924628822,-0.0233685657408362,0.4614285714285714,10730.631933018289,-0.0342431260283542,0.1346153846153846,0.013885292574423,0.1785313633669451,0.1652976270256751,0.1813561821326256,-0.4008185147642105,0.0346423432624896,0.5167464114832536,11661.80840981556,0.0495627568834005,2022-06-23,2025-12-30,
MultiAgentPPO,4,MSFT,0.109163725180305,0.2128170806772964,0.5926280326874807,0.8425317610445994,-0.2376945455124088,0.4592605393824913,0.5,15980.832547854185,0.4382749293068766,0.1391402714932126,0.1367328975969381,0.2127329838018648,0.7082386052357951,0.9983389526737876,-0.2298592636784657,0.5948548490445196,0.5225334957369062,17418.21813801805,0.5676396324216244,2022-06-23,2025-12-30,
MultiAgentPPO,4,JPM,0.0407301280225389,0.212142635856892,0.2945669754622524,0.3954715069734282,-0.3226293655001002,0.126244329803656,0.4845005740528129,12781.40332842403,0.1503262995581626,0.1900452488687782,0.0762377798345474,0.2119945631107757,0.4529087685198598,0.6021407859786215,-0.3062607121324456,0.248930982050279,0.5005847953216375,14377.704286037044,0.2939933857433339,2022-06-23,2025-12-30,
MultiAgentPPO,4,BAC,0.0148175096915736,0.1020385699108984,0.1945806248228537,0.2153696699109188,-0.1221136748875653,0.1213419357432059,0.3984168865435356,11699.465481389903,0.0529518933250914,0.1968325791855203,0.0506895189649225,0.1018512535951626,0.5358401956891661,0.5836866887003644,-0.1047344262505253,0.4839814450663335,0.5202702702702703,13215.643731620585,0.1894079358458524,2022-06-23,2025-12-30,
MultiAgentPPO,4,MS,-0.231428459312753,0.2015190576724169,-1.204267773215083,-1.51513105972715,-0.642659185617052,-0.3601107157451518,0.478310502283105,4413.115252717848,-0.6028196272553936,0.1702488687782805,-0.2079796031216574,0.2015910338484513,-1.0548634149618874,-1.328753340649217,-0.6047371950973546,-0.3439173326988354,0.4873271889400922,4903.781290132101,-0.5586596838881108,2022-06-23,2025-12-30,
MultiAgentPPO,4,CAT,-0.0283230736573509,0.222704757709711,-0.0170159193856279,-0.0187767749119127,-0.4770178189190875,-0.0593752948716475,0.4899866488651535,10045.812613890304,-0.0958768647498726,0.2782805429864253,0.0206169020035567,0.2225665156684211,0.2035308925189254,0.2177277651252381,-0.4070046281533981,0.0506552028587406,0.5406976744186046,11935.688519310112,0.0742119667379102,2022-06-23,2025-12-30,
MultiAgentPPO,4,RTX,-0.2191488565174641,0.1996857409277194,-1.136851104681688,-1.2336315735964856,-0.6490929368281497,-0.3376232340292509,0.4754098360655737,4665.452098787876,-0.5801093111090911,0.2149321266968326,-0.1889602821431185,0.1997784764997699,-0.946543047712929,-1.0099463781819875,-0.6116678754088813,-0.3089262813038928,0.4975961538461538,5329.457858090537,-0.5203487927718516,2022-06-23,2025-12-30,
MultiAgentPPO,4,BA,-0.0795546375381764,0.2719111433316472,-0.1699060191697195,-0.2009744304703218,-0.5255198031112938,-0.1513827586842213,0.4440842787682333,8307.39401454615,-0.2523345386908465,0.2579185520361991,-0.0367127781486378,0.271981764108799,-0.0025829207869269,-0.0029793922698682,-0.4888621679117858,-0.0750984235606928,0.5045537340619308,9744.820998802646,-0.1229661101077618,2022-06-23,2025-12-30,
MultiAgentDQN,4,PORTFOLIO,-0.0873597993345394,0.0934791516073825,-0.931092247826504,-1.301048085392087,-0.3038341453867305,-0.2875246270406668,0.4835787089467723,72566.05270415405,-0.2743394729584595,0.11236802413273,-0.0008355419943002,0.0942874579623601,0.0381446745347284,0.0537383807580859,-0.1742338789112927,-0.0047955196745958,0.5243488108720272,99707.20414094148,-0.0029279585905853,2022-06-23,2025-12-30,"{'rollout_len': 32, 'epsilon_decay_frac': 0.5394633936788146}"
MultiAgentDQN,4,NVDA,-0.1490882624918464,0.4071529907995487,-0.1920426639648728,-0.2529614778101978,-0.6490441484338481,-0.2297043473107313,0.4612676056338028,6306.622251084406,-0.4324039974024034,0.6481900452488688,-0.0459580654520422,0.4072484530781743,0.0887663997597812,0.1151864388836378,-0.5872715374108268,-0.0782569263524382,0.51213282247765,9420.66266541753,-0.1521403601124222,2022-06-23,2025-12-30,
MultiAgentDQN,4,AAPL,-0.2403342208633528,0.2438520347948791,-1.005650491775848,-1.3803310373388626,-0.648826134533893,-0.3704139030034685,0.3955659276546091,4236.32256769917,-0.6187309689070748,0.7816742081447964,-0.1277632103908582,0.2431717026934239,-0.4414271364896447,-0.5824176716090322,-0.4831546195111925,-0.2644354524026207,0.4608355091383812,6878.705829947491,-0.3809164753047258,2022-06-23,2025-12-30,
MultiAgentDQN,4,MSFT,-0.0495231422061082,0.1939970092083505,-0.1653488645098624,-0.2323403407554256,-0.2415760443827511,-0.205000219838206,0.5011389521640092,9297.74943981489,-0.1632025504166598,0.4694570135746606,0.0327526259903998,0.1929742526504393,0.2629108873688104,0.3679744779927306,-0.2105862991253912,0.1555306595273687,0.531615925058548,12441.01031439988,0.119690928295989,2022-06-23,2025-12-30,
MultiAgentDQN,4,JPM,-0.2074530678422067,0.1726910358386756,-1.2590734667487868,-1.5446929598478911,-0.6073187326020619,-0.3415884554612245,0.4359267734553775,4915.226820988427,-0.5576295861110416,0.4315610859728507,-0.1446879257687169,0.1725650529300368,-0.8188409136438431,-0.9838371968329728,-0.503666557335287,-0.2872692730170673,0.4767025089605735,6421.772367742065,-0.4220404869032141,2022-06-23,2025-12-30,
MultiAgentDQN,4,BAC,-0.1073433375192082,0.1788831739882816,-0.5452691682780556,-0.7031014676543063,-0.4438450260067517,-0.2418486886852604,0.4364303178484107,7460.392468126627,-0.3285646778686035,0.5192307692307693,-0.0216584504804253,0.1787266222458917,-0.0332752431198485,-0.0415454455909865,-0.3155754041764015,-0.0686316176539494,0.5089163237311386,10289.606385057208,-0.0739354253448513,2022-06-23,2025-12-30,
MultiAgentDQN,4,MS,-0.2076781745178728,0.1912892245764491,-1.1197237623066645,-1.3121410726361191,-0.5944143710198315,-0.3493828289540867,0.4133811230585424,4910.331242837965,-0.5580701881445831,0.5096153846153846,-0.1330745654066585,0.1912379065009943,-0.6499492629860278,-0.7236359696776014,-0.4587513115059192,-0.2900799672262985,0.4833110814419226,6732.887984149082,-0.3940400814265826,2022-06-23,2025-12-30,
MultiAgentDQN,4,CAT,0.2299864627358714,0.2512979252571631,0.9496418752082816,1.204650510670655,-0.310487191187161,0.7407276991250696,0.4655172413793103,22967.94533726632,1.0671150803539686,0.4502262443438914,0.3315474468815151,0.2513404631463401,1.2654665249591623,1.4995553194537852,-0.2492250853147049,1.3303133047897608,0.5541125541125541,30338.402570162292,1.7304562313146064,2022-06-23,2025-12-30,
MultiAgentDQN,4,RTX,-0.1052499188642898,0.1551931285509149,-0.6390677728682869,-0.7962604879030258,-0.3785062237692107,-0.2780665475357271,0.4590361445783132,7521.947252936406,-0.3230247472357235,0.5214932126696833,-0.0189899630194569,0.1550892490040635,-0.046344439467719,-0.0558019694098834,-0.3030451889421174,-0.0626637996984803,0.5200517464424321,10388.395718975247,-0.0650443852922277,2022-06-23,2025-12-30,
MultiAgentDQN,4,BA,-0.2058809026171651,0.2663070440475776,-0.7327815080613876,-0.9123331099101172,-0.6336018712083054,-0.3249373336359339,0.3771428571428571,4949.515323399844,-0.554543620894014,0.5113122171945701,-0.1307744812961646,0.2659640762403298,-0.3945999163307978,-0.4646776826816597,-0.5124117042689977,-0.2552136889275908,0.4590443686006826,6795.760305090662,-0.3883815725418404,2022-06-23,2025-12-30,
GARL_DDAL,4,PORTFOLIO,-0.0566655918563132,0.0813142498594441,-0.6766067207203849,-0.8634762638336008,-0.2413742547701105,-0.2347623689621855,0.4960362400906002,81494.59365503058,-0.1850540634496942,0.0891779788838612,-0.0078280843664246,0.0801950111931281,-0.0578542657889905,-0.073605503022695,-0.1242106334389029,-0.0630226587667728,0.5152887882219706,97280.80736426404,-0.0271919263573594,2022-06-23,2025-12-30,{'rollout_len': 20}
GARL_DDAL,4,NVDA,0.2202432412574779,0.3486832878306189,0.7440529707994501,1.040510496624306,-0.3593420825667801,0.6129068983078205,0.5233219567690558,22336.031382775534,1.0102428244497983,0.2200226244343891,0.2685873691888769,0.3485182706612366,0.8557681253348719,1.198535691469299,-0.3368253405160314,0.7974084395710522,0.5298165137614679,25597.575584709524,1.303781802623857,2022-06-23,2025-12-30,
GARL_DDAL,4,AAPL,-0.0588327928099865,0.1622519191027496,-0.2925186830923593,-0.3956410856213083,-0.2646476981522078,-0.2223060817107497,0.4456140350877193,8982.190270331328,-0.1916028756701805,0.4230769230769231,0.0141124620496171,0.162219315165797,0.1674834559488594,0.2226601875763822,-0.1986887754000335,0.0710279784109775,0.4949748743718593,11670.97696270936,0.0503879266438425,2022-06-23,2025-12-30,
GARL_DDAL,4,MSFT,-0.0949909057594292,0.1548480616031999,-0.5669557059194691,-0.532001913919321,-0.3119441188826261,-0.3045125713531117,0.3864541832669322,7828.86434830542,-0.2954022086525122,0.2737556561085973,-0.0501993218713214,0.154896500376458,-0.2550186365924553,-0.2115551692261588,-0.2582839696165829,-0.1943570944253385,0.5238095238095238,9274.566812209554,-0.1652889869011401,2022-06-23,2025-12-30,
GARL_DDAL,4,JPM,-0.0730019273460956,0.1277265331609113,-0.5296704531098324,-0.7267730979039091,-0.332619272286373,-0.2194759396961331,0.4313487241798299,8516.715121337027,-0.2334956390796675,0.1657239819004524,-0.045506989069516,0.1278399614774143,-0.3005262192060009,-0.4089493928930104,-0.2866477460832485,-0.1587557889127787,0.4654731457800511,9436.29677934566,-0.1507332898588905,2022-06-23,2025-12-30,
GARL_DDAL,4,BAC,-0.0397067068212599,0.1558202924304444,-0.1827800685594082,-0.2366863371768685,-0.3576357711019172,-0.1110255461832551,0.4536784741144414,9638.988761179296,-0.1324910114938634,0.2997737556561086,0.0124962332923843,0.1555016762771588,0.1569066478798969,0.1968773107765276,-0.3032147747734409,0.0412124814884809,0.5267295597484277,11605.857990312066,0.0445272191280858,2022-06-23,2025-12-30,
GARL_DDAL,4,MS,-0.1948065462575645,0.1370379725307025,-1.5116362995324455,-1.870958184532525,-0.533320112048833,-0.3652713292757413,0.394047619047619,5195.908456775402,-0.5323682388902138,0.1442307692307692,-0.1740339765247729,0.1369809240185018,-1.3265297142753198,-1.5728907870843554,-0.4898803808554476,-0.3552581065215721,0.453551912568306,5681.5404100469605,-0.4886613630957735,2022-06-23,2025-12-30,
GARL_DDAL,4,CAT,-0.2045750934444481,0.1702635226042749,-1.2577437120227255,-1.1865902594158495,-0.5797948126493919,-0.3528405031939409,0.3634686346863469,4978.124396507997,-0.5519688043142803,0.3812217194570135,-0.1492264506926938,0.1704732902891998,-0.861720703465859,-0.7339744191833681,-0.501834680652254,-0.2973617735999002,0.506426735218509,6303.030166558077,-0.4327272850097731,2022-06-23,2025-12-30,
GARL_DDAL,4,RTX,-0.0461776282693915,0.2209287812611418,-0.1024035246462901,-0.1190351116001417,-0.4446997755397892,-0.1038400080443931,0.5181818181818182,9413.059417145025,-0.1528246524569477,0.379524886877828,0.0199102176080803,0.2207669859572836,0.2007741508817584,0.2312611416225153,-0.3266284647861913,0.0609567743004682,0.5326460481099656,11906.722765591774,0.0716050489032595,2022-06-23,2025-12-30,
GARL_DDAL,4,BA,-0.2220604681817496,0.2543542825835052,-0.8579381623788188,-0.9848566422896836,-0.6578947299318849,-0.3375319151815377,0.410941475826972,4604.711500673555,-0.5855759649393801,0.372737556561086,-0.1689877994932611,0.2536464134027119,-0.6011097841680324,-0.6525508789799749,-0.5813338830070989,-0.2906897472053896,0.4735336194563662,5804.239892781086,-0.4776184096497022,2022-06-23,2025-12-30,
GARL_DDAL_SECTOR,4,PORTFOLIO,0.0555409706206926,0.1075303998382395,0.556545694924985,0.6958188661164926,-0.1260622676456759,0.4405836231409227,0.5311438278595696,120878.52247233284,0.2087852247233284,0.0874183006535947,0.105738491375505,0.1051249133988217,1.0089344732382528,1.2528043553029051,-0.1026974023073596,1.029612132340444,0.5560588901472253,142275.44264556427,0.4227544264556426,2022-06-23,2025-12-30,{'rollout_len': 20}
GARL_DDAL_SECTOR,4,NVDA,0.5967704981831232,0.3419575408627265,1.5392508387502848,2.1610007784394747,-0.2721383314516098,2.1928939411067043,0.5449374288964732,57374.547893873256,4.163709310448593,0.2019230769230769,0.6545312488479968,0.3420301298819139,1.6430647865823709,2.304278815494576,-0.266939655112555,2.451982072772267,0.5510907003444316,64991.328610724166,4.849219574965175,2022-06-23,2025-12-30,
GARL_DDAL_SECTOR,4,AAPL,-0.0615750152645984,0.1654144287956844,-0.3013036047614736,-0.3957983493420224,-0.3075855171866575,-0.2001882787843738,0.4534883720930232,8890.719454445254,-0.1998352490999271,0.4660633484162896,0.0188490459689276,0.1654100430214787,0.1957173240123629,0.2517496024572451,-0.2016821560895194,0.0934591653242801,0.4975124378109453,11863.32164318127,0.0676989478863143,2022-06-23,2025-12-30,
GARL_DDAL_SECTOR,4,MSFT,-0.0425962131928026,0.1521340594316925,-0.2097451611668051,-0.1967611598704374,-0.2269479682271974,-0.1876915379571037,0.3988095238095238,9537.62944316475,-0.1416133501151726,0.2647058823529412,0.0031748314014106,0.1521694858084903,0.0971596555909059,0.0805016732740048,-0.2141053580096609,0.0148283603498954,0.5284974093264249,11235.35017912588,0.0111815161213291,2022-06-23,2025-12-30,
GARL_DDAL_SECTOR,4,JPM,-0.0837186692919991,0.1236444796248403,-0.6453577096020074,-0.916251191679932,-0.3649530565266966,-0.2293957203393774,0.4212454212454212,8176.304645253389,-0.264132581927195,0.1634615384615384,-0.0569242498463893,0.1238232732413064,-0.411556740966558,-0.580767095852556,-0.3192880639221531,-0.1782849291236526,0.4569961489088575,9046.248244259144,-0.1858376580166771,2022-06-23,2025-12-30,
GARL_DDAL_SECTOR,4,BAC,0.0279109969781186,0.1552889816951294,0.2541795137819465,0.3340258946118093,-0.2289743116631288,0.1218957566697777,0.4630404463040446,12237.611695457996,0.1013850525912196,0.2828054298642534,0.0804999976341487,0.155186994952762,0.5758095626390338,0.7341566483906443,-0.193641603727012,0.4157164374017182,0.5335463258785943,14578.439865137923,0.312059587862413,2022-06-23,2025-12-30,
GARL_DDAL_SECTOR,4,MS,-0.18188615282562,0.1380383920191001,-1.3844652524942964,-1.725817221708607,-0.5065180953187298,-0.3590911252857945,0.4033214709371293,5494.316056892831,-0.5055115548796453,0.1385746606334841,-0.1616163266997684,0.1379575359191557,-1.2080875902462522,-1.449023553520332,-0.4624663413596853,-0.3494661389293855,0.4577181208053691,5986.868743544483,-0.4611818130809966,2022-06-23,2025-12-30,
GARL_DDAL_SECTOR,4,CAT,-0.2264034635211335,0.167328416420139,-1.4487923777244194,-1.3121915906346573,-0.6148123964151293,-0.3682480458124382,0.3472485768500948,4515.163626582553,-0.5936352736075703,0.3902714932126697,-0.1712166288428654,0.167340966357873,-1.0372848123290008,-0.8303785166818808,-0.5362148729634459,-0.3193060048793861,0.5083333333333333,5749.814022873975,-0.4825167379413423,2022-06-23,2025-12-30,
GARL_DDAL_SECTOR,4,RTX,-0.0569259400789308,0.2208025739002331,-0.1539297648582972,-0.1808593385173034,-0.4858436898395561,-0.117169248606954,0.5102272727272728,9046.191369557611,-0.1858427767398149,0.4304298642533937,0.0175193087115295,0.2206285555889981,0.1900920742637555,0.2207612931476749,-0.3632567254035791,0.0482284497061011,0.529276693455798,11809.09619601601,0.0628186576414409,2022-06-23,2025-12-30,
GARL_DDAL_SECTOR,4,BA,-0.1771779396130445,0.2541988465898399,-0.6383137082065817,-0.7567053346057842,-0.5864527521270758,-0.3021180120144659,0.4280487804878048,5606.038287105205,-0.4954565541605316,0.3614253393665158,-0.1228719339914142,0.2537610855312326,-0.388172908064817,-0.4393730728891278,-0.5119580074436212,-0.2400039304101429,0.4824324324324324,7014.975140701427,-0.3686522373368716,2022-06-23,2025-12-30,
GARL_DDAL_TUNED,4,PORTFOLIO,-0.0204930659748791,0.0910525529413895,-0.1818329509719037,-0.2293999954419288,-0.1814461742931591,-0.1129429488095397,0.5107587768969423,92994.00086924084,-0.0700599913075916,0.0860985419808949,0.0313942876384893,0.0902287126028929,0.3877594489582331,0.4875115802076386,-0.1371277906375252,0.2289418322320603,0.5345413363533409,111453.33581631652,0.1145333581631653,2022-06-23,2025-12-30,"{'rollout_len': 20, 'staleness_epochs': 2, 'share_threshold_frac': 0.5, 'minibatch_epochs': 2}"
GARL_DDAL_TUNED,4,NVDA,0.3302521189597769,0.3659131399448814,0.9615224134099192,1.3534357451615953,-0.2944791173473178,1.121478908028196,0.5294784580498866,30234.99849065309,1.7211498641587784,0.2539592760180995,0.3911301873697215,0.365944620433095,1.0838582658719866,1.5233903962639594,-0.2846985328268807,1.3738398420463924,0.5348571428571428,35373.86728040234,2.18364805523621,2022-06-23,2025-12-30,
GARL_DDAL_TUNED,4,AAPL,-0.1358059717294685,0.1656569883531377,-0.7978655671370769,-1.057781395045068,-0.5265379988613309,-0.25792245198477,0.4595210946408209,6658.767000717954,-0.4007109699353841,0.3919683257918552,-0.073910178891813,0.1656800364075421,-0.3804247974564302,-0.5006403614461383,-0.4135462624267189,-0.1787228796558403,0.4819136522753792,8487.479150768875,-0.2361268764308012,2022-06-23,2025-12-30,
GARL_DDAL_TUNED,4,MSFT,0.0184606418572081,0.1405100213606166,0.2003306967230233,0.206709804249348,-0.2735338460785347,0.0674894245149755,0.3972332015810276,11847.464520469726,0.0662718068422754,0.256787330316742,0.0656528910951135,0.1405160104140784,0.5226860293512425,0.4807150842607443,-0.2229236938901377,0.2945083582163718,0.533678756476684,13887.748709892612,0.2498973838903351,2022-06-23,2025-12-30,
GARL_DDAL_TUNED,4,JPM,-0.116972659243051,0.1351290766144296,-0.852864693701318,-1.130411353502761,-0.439782772317894,-0.2659782661029253,0.4283995186522262,7181.881601945729,-0.3536306558248844,0.209841628959276,-0.0836940386855176,0.135433375066215,-0.5776327670357712,-0.7599954061755023,-0.3698547604952241,-0.2262889318321977,0.4620253164556962,8177.075672447431,-0.2640631894797312,2022-06-23,2025-12-30,
GARL_DDAL_TUNED,4,BAC,-0.1027406198680741,0.1429316669575192,-0.6865915436137258,-0.7913079548467075,-0.4233098862172491,-0.2427078204720834,0.4380165289256198,7596.208020065858,-0.3163412781940727,0.3042986425339366,-0.0531914599379124,0.1425655270862466,-0.3118383119206981,-0.3469889995533202,-0.3543328129624434,-0.150117228752253,0.4969040247678019,9172.477982473223,-0.1744769815774099,2022-06-23,2025-12-30,
GARL_DDAL_TUNED,4,MS,-0.20099585875836,0.1440147894179363,-1.4851502034254094,-1.9009206966487373,-0.5483382350865431,-0.3665545203621214,0.4275782155272306,5057.148144901501,-0.5448566669588649,0.1227375565610859,-0.1834750319164365,0.1438679144257339,-1.3361748489248628,-1.6848538986905572,-0.5126290611144969,-0.3579099310475044,0.4609665427509293,5456.97517684719,-0.5088722340837529,2022-06-23,2025-12-30,
GARL_DDAL_TUNED,4,CAT,-0.0319387622390828,0.1457808213355015,-0.1492841242889711,-0.1288867016616796,-0.2954243413931525,-0.1081114781824242,0.3599088838268792,9915.29217681641,-0.1076237040865231,0.3552036199095023,0.0306907152762803,0.1456311335411556,0.2808132801443987,0.1954216471728414,-0.2308322917266352,0.1329567672127347,0.5638297872340425,12354.095588574224,0.1118686029716802,2022-06-23,2025-12-30,
GARL_DDAL_TUNED,4,RTX,-0.0416857069218158,0.2200959884147736,-0.0823063373911684,-0.0966768967288454,-0.4204733046847018,-0.0991399607475068,0.5056818181818182,9569.4859258949,-0.138746266669459,0.3964932126696832,0.0277412854083702,0.2201316170300107,0.2354323687494537,0.2733983454415782,-0.3027127857718483,0.0916422652503307,0.5263761467889908,12230.525478982392,0.1007472931084152,2022-06-23,2025-12-30,
GARL_DDAL_TUNED,4,BA,-0.2066484061023403,0.2277127823280782,-0.9004779629453239,-1.0287615806853267,-0.6158757006094446,-0.335535897743408,0.3949685534591195,4932.754987775651,-0.5560520511001914,0.3976244343891402,-0.1488395589014223,0.2271248294676678,-0.5939878632263778,-0.6337478707513271,-0.5170684362837239,-0.2878527259779431,0.4712643678160919,6313.090775928229,-0.4318218301664593,2022-06-23,2025-12-30,
ARIMAX,0,NVDA,-0.20353553596048546,0.24570921140327687,-0.799002759954663,-0.8418060659823513,-0.5968469572774822,-0.3410179669657913,0.481651376146789,45090.226053104256,-0.5490977394689575,0.16405429051365766,-0.18008614288628688,0.24552990878000813,-0.681722084460456,-0.7147381654141574,-0.5576138744468442,-0.32295850433229134,0.4884526558891455,49910.140477262365,-0.5008985952273763,2008-06-18,2011-12-14,"{'p': 1, 'd': 0, 'q': 1, 'trend': 'n', 'window_size': 252, 'refit_every': 20}"
ARIMAX,0,AAPL,-0.15101661340776162,0.17917929089143197,-0.8239060872381221,-0.981800718302363,-0.4968991063006313,-0.3039180620228251,0.44724770642201833,56382.869057232056,-0.43617130942767945,0.18100061967088804,-0.12343135506561465,0.17903796033433128,-0.6462227281100824,-0.7587226254701146,-0.46162579301820383,-0.2673840087196931,0.4718714121699196,63059.53460630496,-0.36940465393695043,2008-06-18,2011-12-14,"{'p': 2, 'd': 0, 'q': 0, 'trend': 'n', 'window_size': 252, 'refit_every': 20}"
ARIMAX,0,MSFT,-0.0015688244347840108,0.15188426350429124,0.06475565169948728,0.08211999832099717,-0.1925633710775334,-0.008147055309663965,0.49311926605504586,99451.98738277423,-0.005480126172257682,0.16502118438384955,0.02793271847314882,0.15181749908991474,0.2565257735431583,0.3191203204785678,-0.16480688026393098,0.16948757496298578,0.5202780996523755,110122.58911530169,0.10122589115301683,2008-06-18,2011-12-14,"{'p': 0, 'd': 0, 'q': 0, 'trend': 'n', 'window_size': 252, 'refit_every': 20}"
ARIMAX,0,JPM,0.30830243969204885,0.2973255807839924,1.0490929764799926,1.4741740100061063,-0.2385398938941401,1.2924565139148934,0.5114678899082569,256140.66304140678,1.561406630414068,0.13185286442057184,0.3390536256635095,0.2973450810809998,1.1272459009362368,1.5671970415239074,-0.23796189214608665,1.424823204277439,0.5264976958525346,277838.7996961054,1.778387996961054,2008-06-18,2011-12-14,"{'p': 0, 'd': 1, 'q': 2, 'trend': 'n', 'window_size': 252, 'refit_every': 20}"
ARIMAX,0,BAC,-0.21618643627905176,0.44168855772898197,-0.3281161683325239,-0.36075588049326857,-0.6943543629992672,-0.31134885556883857,0.4805045871559633,42632.883855276785,-0.5736711614472321,0.1134933640975075,-0.20028153251060832,0.44159393540944464,-0.2828501881841756,-0.3076424162868522,-0.6779296646426911,-0.29543113829687406,0.4901506373117034,45738.291472797195,-0.542617085272028,2008-06-18,2011-12-14,"{'p': 0, 'd': 1, 'q': 2, 'trend': 'n', 'window_size': 252, 'refit_every': 20}"
ARIMAX,0,MS,-0.16063577767472037,0.39665984649707625,-0.23042737482352624,-0.23075802583792057,-0.7156200087939234,-0.22447077457413372,0.46559633027522934,54178.45143098152,-0.4582154856901848,0.11107631104873535,-0.1439064368065862,0.39642610546998935,-0.18113697576019838,-0.17838422851371047,-0.7138503804229668,-0.20159187520684593,0.4838337182448037,58052.952311328474,-0.41947047688671524,2008-06-18,2011-12-14,"{'p': 0, 'd': 1, 'q': 0, 'trend': 'n', 'window_size': 252, 'refit_every': 20}"
ARIMAX,0,CAT,-0.0858381453502649,0.1879019226019169,-0.3823238682129675,-0.4302341200489526,-0.39644893487643096,-0.21651753302608764,0.481651376146789,73043.37540237486,-0.26956624597625134,0.16394308586043566,-0.05896583896466756,0.1877123867127811,-0.22864676273979365,-0.2542978958073993,-0.3493371447332648,-0.1687934989269198,0.5040183696900115,80838.61469168628,-0.19161385308313716,2008-06-18,2011-12-14,"{'p': 0, 'd': 0, 'q': 0, 'trend': 'n', 'window_size': 252, 'refit_every': 20}"
ARIMAX,0,RTX,-0.031289657342355004,0.13573877650518654,-0.16636557939647983,-0.20201406188283946,-0.2244571260388073,-0.13940148791241855,0.4541284403669725,89470.27621710382,-0.10529723782896183,0.15649343128063578,-0.004169922321842656,0.1357212650954,0.03701100984078417,0.04390645705521096,-0.16326054071035923,-0.025541519730971133,0.48904267589388695,98548.11869489957,-0.01451881305100422,2008-06-18,2011-12-14,"{'p': 1, 'd': 1, 'q': 2, 'trend': 'n', 'window_size': 252, 'refit_every': 10}"
ARIMAX,0,BA,-0.12351417822320332,0.1503030606180493,-0.8017051420720707,-0.9797125880049583,-0.40275408285718195,-0.3066739320107697,0.4598623853211009,63038.683295411094,-0.3696131670458891,0.14662047606080106,-0.10051910733105063,0.15017203938387463,-0.6301764627942896,-0.7600119596352752,-0.3562315094644636,-0.28217354349749924,0.4885057471264368,69019.4982517204,-0.309805017482796,2008-06-18,2011-12-14,"{'p': 2, 'd': 1, 'q': 2, 'trend': 'c', 'window_size': 252, 'refit_every': 10}"
ARIMAX,1,NVDA,0.011250561237257317,0.11372738424216433,0.1549461859244163,0.20814052146934164,-0.24767325043668886,0.045425015488837484,0.46674311926605505,103993.38499821622,0.039933849982162206,0.1337915276856167,0.035408237537222,0.11364956367352479,0.3627154260410915,0.47747008630217563,-0.21784753764149867,0.16253678109270922,0.5011655011655012,112951.14958921833,0.12951149589218325,2011-12-15,2015-06-19,"{'p': 1, 'd': 0, 'q': 1, 'trend': 'c', 'window_size': 252, 'refit_every': 20}"
ARIMAX,1,AAPL,0.00640847009451484,0.10201458375910413,0.11311513713323183,0.16475895149528733,-0.16653359661656297,0.03848154501382738,0.4644495412844037,102260.98961506347,0.02260989615063469,0.14624500903459822,0.032708665181369945,0.10200442860151904,0.3660332569584897,0.526261536808051,-0.15229245192306196,0.21477535339633472,0.4936854190585534,111923.78119695536,0.11923781196955363,2011-12-15,2015-06-19,"{'p': 2, 'd': 1, 'q': 2, 'trend': 'c', 'window_size': 252, 'refit_every': 10}"
ARIMAX,1,MSFT,-0.011303387717159108,0.09504840873797364,-0.071536521014602,-0.07512349519545305,-0.1467496834658093,-0.07702495467250971,0.48394495412844035,96099.39670425931,-0.0390060329574069,0.13473484359881677,0.012475655953403386,0.09506545014953441,0.17848538975046174,0.18338827306704433,-0.12050049224838133,0.10353199161782653,0.5104408352668214,104434.99837125756,0.04434998371257559,2011-12-15,2015-06-19,"{'p': 1, 'd': 0, 'q': 1, 'trend': 'c', 'window_size': 252, 'refit_every': 20}"
ARIMAX,1,JPM,0.01919171636500261,0.0864431613201309,0.2630235587357028,0.34742226784557273,-0.22053276957275592,0.08702432931932629,0.4610091743119266,106879.79157998848,0.06879791579988481,0.14724923061656173,0.046006963037195536,0.08646699837766561,0.5633519506111239,0.7310421665629783,-0.1847859390088602,0.24897437155642874,0.4953810623556582,117049.89121434379,0.17049891214343793,2011-12-15,2015-06-19,"{'p': 1, 'd': 1, 'q': 2, 'trend': 'n', 'window_size': 252, 'refit_every': 10}"
ARIMAX,1,BAC,-0.020379279632317893,0.11314928524533611,-0.1252126824894752,-0.1398773878712489,-0.1962947089709901,-0.10381981123765131,0.5022935779816514,93047.10572314037,-0.06952894276859634,0.11200439682855441,-0.0008307221414723953,0.11315228977420559,0.049401122013316374,0.05404736165748455,-0.16735512454992696,-0.004963828527548712,0.5294117647058824,99709.54904352591,-0.0029045095647408647,2011-12-15,2015-06-19,"{'p': 0, 'd': 1, 'q': 2, 'trend': 'n', 'window_size': 252, 'refit_every': 20}"
ARIMAX,1,MS,-0.00041707870675067316,0.10900893523759718,0.05058982853439323,0.06706578476303007,-0.19405793418918094,-0.0021492484112712253,0.48394495412844035,99854.09854192552,-0.0014590145807448218,0.12398596149172827,0.021681443573400738,0.10904743458040564,0.25113719598176176,0.33008043662094,-0.1730682007099783,0.1252768763092057,0.507514450867052,107796.40299211323,0.07796402992113238,2011-12-15,2015-06-19,"{'p': 0, 'd': 1, 'q': 2, 'trend': 'n', 'window_size': 252, 'refit_every': 20}"
ARIMAX,1,CAT,0.014942729682405176,0.08327023049225993,0.21970430803226243,0.2728536364350825,-0.15192394207237314,0.09835664792904594,0.4701834862385321,105328.37386927776,0.05328373869277758,0.14795093163351486,0.041771835584178296,0.08333871700187152,0.532686058859582,0.649735441188525,-0.13658948239254232,0.3058202934258942,0.5080645161290323,115399.55714880857,0.15399557148808563,2011-12-15,2015-06-19,"{'p': 1, 'd': 0, 'q': 1, 'trend': 'c', 'window_size': 252, 'refit_every': 20}"
ARIMAX,1,RTX,-0.03108024825818989,0.06167781914781259,-0.4810871447723195,-0.6265627151486586,-0.14930785872781438,-0.20816217259433503,0.463302752293578,89537.98823455305,-0.10462011765446955,0.15213996771717708,-0.004722821651299114,0.0616799559632049,-0.04596169955091724,-0.058480613934273805,-0.11633213743920423,-0.04059773812517874,0.5132641291810842,98356.74784883302,-0.01643252151166974,2011-12-15,2015-06-19,"{'p': 1, 'd': 1, 'q': 2, 'trend': 'n', 'window_size': 252, 'refit_every': 10}"
ARIMAX,1,BA,-0.04672946567596015,0.08042069954568652,-0.5548364621034859,-0.6868378727697312,-0.2705722696872045,-0.17270604164270723,0.4552752293577982,84577.8404565062,-0.15422159543493807,0.10559597659526072,-0.028802422438247044,0.08040785706667565,-0.32326699271264103,-0.39602856865637937,-0.24299065644622309,-0.11853304509517791,0.4747126436781609,90276.88527655623,-0.09723114723443771,2011-12-15,2015-06-19,"{'p': 0, 'd': 1, 'q': 2, 'trend': 'n', 'window_size': 252, 'refit_every': 20}"
ARIMAX,2,NVDA,-0.11745641758394043,0.20659720069069593,-0.5018246966858804,-0.5978676122751206,-0.4712633563643084,-0.24923732345771688,0.4690366972477064,64576.80652612586,-0.35423193473874137,0.16589344303023168,-0.09126844339447482,0.20678144324670358,-0.35985808520278706,-0.4229022803082663,-0.419535447417577,-0.21754644084611147,0.4936854190585534,71535.99689525427,-0.2846400310474573,2015-06-22,2018-12-19,"{'p': 1, 'd': 0, 'q': 1, 'trend': 'c', 'window_size': 252, 'refit_every': 20}"
ARIMAX,2,AAPL,-0.052836383781074914,0.10289145876937429,-0.4759694255742104,-0.5524289245929788,-0.22059281628392213,-0.2395199656595793,0.45871559633027525,82696.57526826966,-0.17303424731730332,0.15311815827950154,-0.026898006572820377,0.10287126005252012,-0.21350127718115305,-0.2433168382565481,-0.17326524579056346,-0.1552417881040822,0.4896551724137931,90897.98746192992,-0.09102012538070081,2015-06-22,2018-12-19,"{'p': 0, 'd': 0, 'q': 0, 'trend': 'n', 'window_size': 252, 'refit_every': 20}"
ARIMAX,2,MSFT,0.03958909377426467,0.10472649025390007,0.42277967610169154,0.5443901433932469,-0.15886675854179533,0.24919683725937802,0.46215596330275227,114555.51484210875,0.14555514842108752,0.19811478982410335,0.07657416336900091,0.10455805236727432,0.7577004234499201,0.9484771835201268,-0.14420029710582516,0.5310263911093398,0.5034802784222738,129465.4351841209,0.29465435184120903,2015-06-22,2018-12-19,"{'p': 1, 'd': 0, 'q': 1, 'trend': 'n', 'window_size': 252, 'refit_every': 20}"
ARIMAX,2,JPM,-0.0020602874959156914,0.09376670208215798,0.024787360351227233,0.031198596551640593,-0.1335517172989672,-0.015426888830665933,0.46788990825688076,99280.75455709687,-0.007192454429031381,0.1102889034214585,0.01754700435131995,0.09374279832025136,0.2323292240818133,0.2863543006874766,-0.13120699002787328,0.13373528611236574,0.5057870370370371,106277.34104183888,0.0627734104183888,2015-06-22,2018-12-19,"{'p': 0, 'd': 1, 'q': 2, 'trend': 'n', 'window_size': 252, 'refit_every': 20}"
ARIMAX,2,BAC,-0.06618488542681189,0.11383526662234303,-0.5446105927856318,-0.6827052786421555,-0.27259336809336454,-0.24279712265099293,0.4426605504587156,78688.84064893787,-0.21311159351062137,0.16809196651636965,-0.038076103807024864,0.11384941624425483,-0.2840986823527015,-0.3470639496130845,-0.26014883653542253,-0.1463627679989271,0.48417350527549824,87295.62883514023,-0.12704371164859762,2015-06-22,2018-12-19,"{'p': 0, 'd': 0, 'q': 0, 'trend': 'c', 'window_size': 252, 'refit_every': 20}"
ARIMAX,2,MS,-0.00724469093678537,0.11796770505910163,-0.0026964223812489035,-0.0032208383892300863,-0.21265117931248045,-0.0340684258615827,0.49426605504587157,97487.23749637385,-0.025127625036261425,0.11375241653907986,0.012888144328249806,0.11787961948620673,0.16752544335807337,0.19667414668758226,-0.20733484925171786,0.062161013330676355,0.522543352601156,104583.99017863933,0.0458399017863933,2015-06-22,2018-12-19,"{'p': 0, 'd': 1, 'q': 0, 'trend': 'n', 'window_size': 252, 'refit_every': 20}"
ARIMAX,2,CAT,-0.027955511024822077,0.11314747845846966,-0.1937119986742183,-0.21117721631732692,-0.30948249523282156,-0.09032986180297964,0.5126146788990825,90552.7196280313,-0.09447280371968703,0.14289918618612713,-0.0031343530885533655,0.11310616932330247,0.029082341536050244,0.031319459853729546,-0.2918780339638869,-0.010738571334015387,0.5333333333333333,98907.267759867,-0.010927322401329986,2015-06-22,2018-12-19,"{'p': 1, 'd': 0, 'q': 1, 'trend': 'c', 'window_size': 252, 'refit_every': 20}"
ARIMAX,2,RTX,-0.020140519036739635,0.06692938146448622,-0.27060837708884683,-0.35791942876780825,-0.1425393632147799,-0.14129794452913108,0.44724770642201833,93126.50342133257,-0.06873496578667426,0.15638443103800848,0.007266098117787667,0.06694792030807493,0.1415213839928192,0.1824071979784087,-0.11876589199065746,0.06118000712156689,0.49710982658959535,102566.31666431644,0.02566316664316437,2015-06-22,2018-12-19,"{'p': 1, 'd': 1, 'q': 2, 'trend': 'n', 'window_size': 252, 'refit_every': 10}"
ARIMAX,2,BA,0.006774627188134819,0.09682428004582246,0.11812479477059094,0.14452608165506062,-0.15699382999364808,0.04315218749939993,0.4793577981651376,102391.26690175953,0.023912669017595256,0.15585943676129357,0.03483856380848005,0.09681199976260658,0.4021294152520148,0.4850362646226255,-0.15013630319453775,0.23204623443630618,0.5091954022988506,112733.79211770513,0.12733792117705134,2015-06-22,2018-12-19,"{'p': 2, 'd': 1, 'q': 2, 'trend': 'c', 'window_size': 252, 'refit_every': 10}"
ARIMAX,3,NVDA,-0.029716014566379068,0.23226577959014638,-0.013477867721910232,-0.015934373649067756,-0.3421970083056459,-0.08683890812931103,0.5022935779816514,89980.00684913104,-0.10019993150868967,0.21002049051435356,0.006894140733381349,0.2323392399680407,0.14598122589087872,0.17058674380553057,-0.30445800396787104,0.02264397927968048,0.5229885057471264,102433.81501154056,0.024338150115405632,2018-12-20,2022-06-22,"{'p': 0, 'd': 0, 'q': 0, 'trend': 'c', 'window_size': 252, 'refit_every': 20}"
ARIMAX,3,AAPL,-0.04094076160021354,0.13659922068755828,-0.2385834668492923,-0.3210301947503742,-0.2266303828102878,-0.18064992474766736,0.481651376146789,86389.11322278563,-0.1361088677721437,0.15043472047033538,-0.01515658683899046,0.1366821148116378,-0.044289854293845264,-0.05859526190324163,-0.19020909390508423,-0.07968381809627731,0.5143513203214696,94794.93783657749,-0.052050621634225136,2018-12-20,2022-06-22,"{'p': 1, 'd': 1, 'q': 2, 'trend': 'n', 'window_size': 252, 'refit_every': 10}"
ARIMAX,3,MSFT,0.012584483727687612,0.15356404624073597,0.15713417939235466,0.2051544812547578,-0.1618144698632542,0.07777106545738757,0.45642201834862384,104474.29249571945,0.04474292495719445,0.13770101857134404,0.037480259283474426,0.15357127891148056,0.31529736816284937,0.40400561731895734,-0.15902463108575415,0.23568839007878703,0.4827188940092166,113744.24874800655,0.1374424874800655,2018-12-20,2022-06-22,"{'p': 2, 'd': 1, 'q': 2, 'trend': 'c', 'window_size': 252, 'refit_every': 10}"
ARIMAX,3,JPM,0.10635771661790416,0.17983738020339565,0.6498875138877924,0.8488077297161034,-0.2671272162934074,0.39815380137485834,0.4908256880733945,142440.82900560557,0.42440829005605574,0.12076899852518916,0.13017038632195632,0.17984356310192925,0.7683217396332799,0.9838363130802564,-0.25786196425907215,0.5048064637837593,0.5172413793103449,153463.0169357935,0.5346301693579352,2018-12-20,2022-06-22,"{'p': 0, 'd': 1, 'q': 2, 'trend': 'n', 'window_size': 252, 'refit_every': 20}"
ARIMAX,3,BAC,-0.026835876485799104,0.17205649835653605,-0.0743871392210075,-0.09986947843457547,-0.29655226197983486,-0.09049290774799049,0.49426605504587157,90918.30170161246,-0.0908169829838753,0.14391999121569735,-0.0018337405283587183,0.17220491343607913,0.07310299980491052,0.09632105502639667,-0.27346903489690544,-0.006705477748330873,0.5202312138728323,99359.66060593205,-0.006403393940679569,2018-12-20,2022-06-22,"{'p': 2, 'd': 1, 'q': 2, 'trend': 'c', 'window_size': 252, 'refit_every': 10}"
ARIMAX,3,MS,-0.09523108261461488,0.16890280960991352,-0.5102814298721281,-0.6709270556477245,-0.3471984733514789,-0.27428427808266814,0.46788990825688076,70450.13881264254,-0.2954986118735745,0.1528709671503576,-0.0704941525477264,0.16893556058474773,-0.3505569128658054,-0.4532742696702609,-0.3263712251756171,-0.2159937736845342,0.49539170506912444,77425.2188858933,-0.22574781114106712,2018-12-20,2022-06-22,"{'p': 1, 'd': 1, 'q': 2, 'trend': 'n', 'window_size': 252, 'refit_every': 10}"
ARIMAX,3,CAT,-0.05543763991009487,0.13210700365778966,-0.36565216421708235,-0.42674509840139563,-0.3626043580050281,-0.1528874065802765,0.4701834862385321,81904.39822362056,-0.18095601776379433,0.14903454491521673,-0.030280206775932905,0.13218047489687143,-0.16655650609393924,-0.19181394599438464,-0.3448946712885549,-0.08779551931841556,0.4919724770642202,89797.01716697875,-0.10202982833021246,2018-12-20,2022-06-22,"{'p': 2, 'd': 1, 'q': 2, 'trend': 'c', 'window_size': 252, 'refit_every': 10}"
ARIMAX,3,RTX,-0.0846476827559729,0.18767447966847858,-0.37635329374540394,-0.42043917664567343,-0.4204008072068808,-0.2013499529612403,0.4506880733944954,73376.8389521709,-0.2662316104782909,0.16399614617327413,-0.0577633334691654,0.18762779559918255,-0.22226444785029956,-0.24215484177345648,-0.3844456881401507,-0.15025095937116514,0.4815242494226328,81200.74275616543,-0.18799257243834566,2018-12-20,2022-06-22,"{'p': 0, 'd': 0, 'q': 1, 'trend': 'c', 'window_size': 252, 'refit_every': 20}"
ARIMAX,3,BA,-0.1833960447777504,0.30598978808399746,-0.5018880678294841,-0.4867706341659734,-0.6081734945175803,-0.30155218277512263,0.4896788990825688,49208.50566592604,-0.5079149433407396,0.11665828793681278,-0.16641165877140307,0.3060240552196531,-0.4345870831282158,-0.41524963174355695,-0.5961422451624564,-0.27914756942959773,0.506896551724138,52884.78114908134,-0.4711521885091866,2018-12-20,2022-06-22,"{'p': 0, 'd': 1, 'q': 2, 'trend': 'n', 'window_size': 252, 'refit_every': 20}"
ARIMAX,4,NVDA,0.07198239307963838,0.19579373876440123,0.45125957201221767,0.6565456127307231,-0.22713633765229313,0.3169127134110576,0.49084668192219677,127613.42580713588,0.27613425807135883,0.15920722316632885,0.10249251889374911,0.19586017958355653,0.5944952831739957,0.8556486798840578,-0.21271814966605784,0.48182310279893914,0.5154639175257731,140815.7050069425,0.40815705006942493,2022-06-23,2025-12-30,"{'p': 2, 'd': 1, 'q': 2, 'trend': 'c', 'window_size': 252, 'refit_every': 10}"
ARIMAX,4,AAPL,-0.07188296405663286,0.1070968992494883,-0.642441236209906,-0.6791857342160813,-0.29963403310223646,-0.23990253481020987,0.494279176201373,76975.49392063079,-0.2302450607936921,0.1550463137104944,-0.04612988197048806,0.10699535254220226,-0.3874307960545046,-0.4031314157689373,-0.27011270544014976,-0.17078012637472656,0.5229357798165137,84732.412067391,-0.15267587932609006,2022-06-23,2025-12-30,"{'p': 1, 'd': 0, 'q': 1, 'trend': 'c', 'window_size': 252, 'refit_every': 20}"
ARIMAX,4,MSFT,-0.03752348853411902,0.10323148795369128,-0.31927793512618274,-0.4486865784675562,-0.22594459334705974,-0.16607385013405243,0.4576659038901602,87444.73471688847,-0.12555265283111527,0.14846978195501123,-0.011963632971877303,0.10307203414676018,-0.06567704647562513,-0.09121741181974065,-0.18879669702311752,-0.06336780865616731,0.4931350114416476,95865.8154390827,-0.04134184560917298,2022-06-23,2025-12-30,"{'p': 1, 'd': 0, 'q': 1, 'trend': 'c', 'window_size': 252, 'refit_every': 20}"
ARIMAX,4,JPM,-0.06821493119034305,0.09690705124030849,-0.6803270302455172,-0.7693318036861256,-0.2460311449465996,-0.2772613654468377,0.459954233409611,78047.9658061272,-0.21952034193872794,0.14525221122370482,-0.04402783973248903,0.09693125063075264,-0.4158204506599046,-0.4599432650863983,-0.21965920071359557,-0.20043703878306962,0.49942726231386025,85389.24251254524,-0.14610757487454762,2022-06-23,2025-12-30,"{'p': 0, 'd': 0, 'q': 0, 'trend': 'c', 'window_size': 252, 'refit_every': 20}"
ARIMAX,4,BAC,-0.09384749270813297,0.10927927610540014,-0.8472626614197792,-1.0736446727795053,-0.32133783546816064,-0.2920524206911568,0.45537757437070936,70772.5534968263,-0.29227446503173704,0.1574813290974093,-0.06832735391004563,0.10943335618050286,-0.5922192841404584,-0.7409545432058133,-0.26322631038237343,-0.2595764603120049,0.4827188940092166,78014.93752705569,-0.21985062472944306,2022-06-23,2025-12-30,"{'p': 0, 'd': 0, 'q': 0, 'trend': 'c', 'window_size': 252, 'refit_every': 20}"
ARIMAX,4,MS,-0.13335828886843237,0.1041001942249942,-1.322171870921664,-1.4913203481825625,-0.45657531772831084,-0.29208387683319403,0.4439359267734554,60526.45246531675,-0.3947354753468325,0.09970463380280603,-0.11796931080895123,0.10406700010221356,-1.1535880830718845,-1.2894793514982432,-0.429023883921527,-0.2749714298668954,0.4616265750286369,64381.37792182958,-0.35618622078170414,2022-06-23,2025-12-30,"{'p': 0, 'd': 1, 'q': 2, 'trend': 'n', 'window_size': 252, 'refit_every': 20}"
ARIMAX,4,CAT,-0.04913389971939497,0.11201810767980497,-0.39367556532407294,-0.480645048215062,-0.25450865604263306,-0.1930539435608213,0.4782608695652174,83800.01951783085,-0.16199980482169152,0.10502232497497953,-0.031350311614651405,0.11201511393077436,-0.2282982433745308,-0.2762929802261131,-0.21094604377150783,-0.14861767992486924,0.5,89428.06072824246,-0.10571939271757536,2022-06-23,2025-12-30,"{'p': 0, 'd': 1, 'q': 2, 'trend': 'n', 'window_size': 252, 'refit_every': 20}"
ARIMAX,4,RTX,0.039049185059102376,0.09142766598325523,0.46455875422970644,0.6180493775327875,-0.17623450657229722,0.22157513768782341,0.4816933638443936,114382.18904967877,0.14382189049678762,0.11588527705162405,0.06050188448178351,0.09145498647619228,0.6879415536253516,0.8985912429425773,-0.14838887302200132,0.4077252104530305,0.5132641291810842,122883.20439362075,0.22883204393620749,2022-06-23,2025-12-30,"{'p': 0, 'd': 1, 'q': 0, 'trend': 'n', 'window_size': 252, 'refit_every': 20}"
ARIMAX,4,BA,-0.07147288912954186,0.13604000953837994,-0.4765123772365935,-0.5200626999690426,-0.3326525778428434,-0.21485746358264546,0.47254004576659037,77094.86669486645,-0.22905133305133552,0.17271121083994911,-0.042735555436702044,0.13599888544015695,-0.25263803185632644,-0.269822439931722,-0.30411872034014453,-0.14052260705590253,0.5074455899198167,85794.8479444907,-0.14205152055509296,2022-06-23,2025-12-30,"{'p': 2, 'd': 1, 'q': 2, 'trend': 'c', 'window_size': 252, 'refit_every': 10}"
