baseline,fold,ticker,CAGR,AnnVol,Sharpe,Sortino,MaxDrawdown,Calmar,WinRate,FinalEquity,TotalReturn,Turnover,Gross_CAGR,Gross_AnnVol,Gross_Sharpe,Gross_Sortino,Gross_MaxDrawdown,Gross_Calmar,Gross_WinRate,Gross_FinalEquity,Gross_TotalReturn,test_start,test_end
ARIMAX,0,NVDA,0.056012637826188705,0.19783214319366382,0.37428732098396783,0.4785936148398093,-0.2985330169394289,0.18762627464269196,0.5013673655423884,127050.1095120367,0.270501095120367,0.18949103116476293,0.09188981064610613,0.19788196782110004,0.5431130585637811,0.6847066254041989,-0.27101121613679613,0.33906275893660304,0.5267034990791897,147134.3491326767,0.4713434913267669,2003-12-30,2008-05-22
ARIMAX,0,AAPL,-0.12637296705858592,0.16043766348744137,-0.7617142641498479,-0.9621870162351007,-0.5052407599506997,-0.2501242517941686,0.4667274384685506,55240.01420004624,-0.4475998579995376,0.16937912035340275,-0.09985086919616559,0.16035712850932954,-0.575772220500602,-0.7198157222297009,-0.4521876489544787,-0.2208173297679289,0.4894592117323556,62995.56532563511,-0.37004434674364894,2003-12-30,2008-05-22
ARIMAX,0,MSFT,-0.04541295505510634,0.07794761893311651,-0.5570770714641227,-0.642388583574866,-0.19238600020062813,-0.2360512459729285,0.45031905195989064,81532.83312637737,-0.1846716687362263,0.369960907748503,0.018963134804834914,0.07799869566001058,0.2799825389281518,0.30930624118677286,-0.1216740196963968,0.15585196291001208,0.5191053122087604,108602.29465427758,0.08602294654277576,2003-12-30,2008-05-22
ARIMAX,0,JPM,-0.054389088574567035,0.08755558897272618,-0.5947206263824151,-0.6597821325478053,-0.26596384595620204,-0.20449805265458387,0.4603463992707384,78218.2998447868,-0.21781700155213202,0.38687925505267234,0.01242417929414974,0.0873524835937872,0.18516228971079646,0.19712157948587872,-0.11630554249469094,0.1068236218812777,0.5339449541284403,105573.94119349793,0.05573941193497922,2003-12-30,2008-05-22
ARIMAX,0,BAC,0.026002281912947955,0.08106970586115735,0.3568662255795568,0.5232544899521606,-0.08238843311052135,0.3156059768495264,0.4621695533272562,111936.83071615365,0.11936830716153657,0.16942592817283333,0.057132642865410865,0.08097031158335516,0.7264116009811045,1.0370780767796701,-0.06428800094617582,0.8886983888835543,0.5096596136154554,127643.10902689195,0.27643109026891954,2003-12-30,2008-05-22
ARIMAX,0,MS,0.0602496310939209,0.1173220073655686,0.5568769888729981,0.8127973987808375,-0.18485853082625336,0.3259229142665258,0.47219690063810393,129304.692390331,0.29304692390331,0.16844449046595317,0.09221608348609944,0.11733472352749644,0.8100546151301415,1.1627569876302657,-0.1386721389064105,0.664993590012597,0.5082417582417582,147327.58307344126,0.4732758307344125,2003-12-30,2008-05-22
ARIMAX,0,CAT,-0.14033372580885228,0.08502252125714986,-1.735280477534183,-1.9770924057605106,-0.5195452287894717,-0.27010877596898847,0.43482224247948953,51466.02000190551,-0.4853397999809449,0.3514471418527713,-0.08530634606161236,0.08480877928340695,-1.0086531864770634,-1.124897890518093,-0.38295127383299443,-0.22276031414590508,0.4945054945054945,67591.1028685134,-0.324088971314866,2003-12-30,2008-05-22
ARIMAX,0,RTX,-0.06148508357232696,0.07118511748592646,-0.8555508490794623,-0.9832163600622509,-0.341267265575818,-0.18016695351247236,0.44849589790337285,75672.49244557871,-0.2432750755442129,0.39629061307294394,0.006489857969188106,0.07103417517522873,0.12674429479827745,0.1412256448000312,-0.18686539341003638,0.03473012231295012,0.5191956124314442,102882.45196876631,0.028824519687663086,2003-12-30,2008-05-22
ARIMAX,0,BA,-0.018139140931560216,0.08030432262021966,-0.18781397592062918,-0.23182791162986668,-0.2556006796065827,-0.07096671636194296,0.49316317228805834,92273.40687502254,-0.07726593124977454,0.4045151794479735,0.054469087842212494,0.08043398367919578,0.6996321823888659,0.8570330090223425,-0.14638906249585393,0.3720844092689997,0.5521023765996343,126236.34876707845,0.26236348767078455,2003-12-30,2008-05-22
RandomForest,0,NVDA,0.09322765126748789,0.21643700463831386,0.5160818068601455,0.801868919095002,-0.2290431862870812,0.40703088696398493,0.48495897903372837,147927.92666903668,0.4792792666903667,0.1867843024403955,0.12984440424426769,0.2164031112994229,0.6684190005728914,1.0280173319307095,-0.208819978058169,0.6218006794737723,0.5082872928176796,170963.46337409926,0.7096346337409927,2003-12-30,2008-05-22
RandomForest,0,AAPL,-0.09865534165016498,0.16737303189328404,-0.5370733374137655,-0.6730292323837811,-0.4548595346589699,-0.2168918844894208,0.4658158614402917,63363.9322447848,-0.36636067755215196,0.20546161197547677,-0.06536455111275086,0.16731005129415746,-0.32065117465770565,-0.39644593426997776,-0.3794672291548482,-0.17225348090882892,0.4940421631530706,74308.00361387577,-0.2569199638612423,2003-12-30,2008-05-22
RandomForest,0,MSFT,-0.04145315372930847,0.09288890166175584,-0.40911725219518885,-0.4669750227074091,-0.19761016026017453,-0.20977238050275876,0.4402917046490428,83029.0446609685,-0.16970955339031502,0.2300988251988377,-0.0017390008936498669,0.09286508398963417,0.027857408259890845,0.03029519061616781,-0.15160127555711933,-0.011470885632454046,0.5004659832246039,99238.33225446581,-0.0076166774553418914,2003-12-30,2008-05-22
RandomForest,0,JPM,-0.0977018464984114,0.09762878284068585,-1.003784212072121,-1.126771072286928,-0.3819785828217904,-0.25577833651472953,0.4284412032816773,63658.914665891156,-0.36341085334108847,0.2912579942659346,-0.050109563031180415,0.09755986321240562,-0.47786373551268946,-0.5188849995120263,-0.2527662017595802,-0.1982447126330694,0.48256880733944957,79785.31110079393,-0.20214688899206068,2003-12-30,2008-05-22
RandomForest,0,BAC,0.008365609707457589,0.07474247279444807,0.1488467373483833,0.18792754188272623,-0.1305584589731984,0.0640755855518708,0.44940747493163175,103727.39467070853,0.03727394670708528,0.2767535304029447,0.058812499440847654,0.07469313931565866,0.8025435338385434,0.9747686346667745,-0.09455175159250118,0.6220138543209391,0.515179392824287,128536.53346040695,0.28536533460406943,2003-12-30,2008-05-22
RandomForest,0,MS,0.14761131904997615,0.12689502906195552,1.147476498229019,1.931344443641706,-0.08353987486911085,1.766956429863602,0.4603463992707384,183092.31495127603,0.8309231495127603,0.22987633763411536,0.19505845666681165,0.12701054601992537,1.4656991516289974,2.4201846853620212,-0.08182661294839344,2.383802159693833,0.5027472527472527,218755.75034661382,1.187557503466138,2003-12-30,2008-05-22
RandomForest,0,CAT,-0.008655987116258701,0.09550797223514647,-0.043228395954033966,-0.053975230182154096,-0.16817262170012026,-0.051470846019715175,0.4658158614402917,96253.00037564927,-0.03746999624350733,0.24126081949421982,0.034443888158412594,0.09550552367022772,0.4023825077482135,0.4920347016441428,-0.13883362578002767,0.24809471023242285,0.510989010989011,116039.40082025879,0.16039400820258787,2003-12-30,2008-05-22
RandomForest,0,RTX,-0.011657541620204936,0.06876561815119409,-0.13625768046493628,-0.18492489819266242,-0.14539942098383496,-0.08017598379226686,0.4658158614402917,94979.3443346286,-0.050206556653714096,0.2610808948741016,0.03493732959985962,0.0685645264939584,0.535040903899552,0.7132663593342142,-0.10120169364015696,0.3452247521082636,0.5219378427787934,116282.75155947225,0.16282751559472253,2003-12-30,2008-05-22
RandomForest,0,BA,0.05497418164819723,0.08505984796050792,0.6715678254542266,0.9129284516897057,-0.14781940951417738,0.37190096908704434,0.4949863263445761,126502.190152358,0.26502190152357996,0.31095573776113045,0.11444183294547372,0.0850456270949402,1.316658517249394,1.7723939368078045,-0.1054973354384876,1.084784108241306,0.5347349177330896,160959.4434012072,0.6095944340120718,2003-12-30,2008-05-22
LSTM,0,NVDA,0.10407255188099263,0.1978122539146404,0.599454846246235,0.7758640786438493,-0.18350058076940268,0.5671510762779337,0.5150410209662717,154483.59659409279,0.5448359659409279,0.07493042975475157,0.11875455978925298,0.19782670624171655,0.6662257314425605,0.8554786170267243,-0.18032678960898696,0.6585519547414745,0.5294659300184162,163713.72688375012,0.6371372688375012,2003-12-30,2008-05-22
LSTM,0,AAPL,-0.11486757455273477,0.16979156479265284,-0.6328730730190303,-0.7297511862502223,-0.4768350276990081,-0.24089584002885475,0.48587055606198726,58507.941132538464,-0.41492058867461534,0.11823107285086486,-0.09619998039135169,0.1697652342715618,-0.5101194511569694,-0.5830941342251791,-0.4387383306049927,-0.21926504634025923,0.5041246562786434,64125.69619949586,-0.35874303800504137,2003-12-30,2008-05-22
LSTM,0,MSFT,-0.0852402775667479,0.09667487480390687,-0.8731800965711871,-1.035913378572029,-0.35765737278166043,-0.238329429374813,0.43391066545123064,67612.55194388451,-0.323874480561155,0.15479803168438502,-0.05990650278419407,0.09665701416272468,-0.5908335181139995,-0.6783689711518688,-0.27649326425633536,-0.2166653243626763,0.4762348555452004,76233.21736618402,-0.23766782633815975,2003-12-30,2008-05-22
LSTM,0,JPM,-0.011474916354904163,0.09837990038536766,-0.06859447147177117,-0.09173853198063106,-0.17833580218513612,-0.06434443456839746,0.4430264357338195,95056.46411592502,-0.04943535884074979,0.1777244719530241,0.0199856472631752,0.09860368597416692,0.24950669276784626,0.32535722249040583,-0.1633328672341673,0.12236145487192207,0.4853211009174312,109081.84642193142,0.09081846421931417,2003-12-30,2008-05-22
LSTM,0,BAC,0.03699958555217364,0.07517760945744922,0.5208248484585395,0.6750857529671764,-0.1511737262717836,0.24474878316920584,0.4968094804010939,117304.0644667927,0.1730406446679269,0.1093006081376872,0.05718998363455419,0.07510308947020937,0.7780637885984475,0.9944554979501788,-0.12905730866572263,0.4431363417215265,0.5188592456301748,127673.52617181973,0.2767352617181973,2003-12-30,2008-05-22
LSTM,0,MS,-0.10062807820699127,0.1496804761677342,-0.6317941454223795,-0.675212368537127,-0.4031174691853251,-0.24962470222477395,0.4639927073837739,62756.979705566104,-0.37243020294433893,0.09473933417249025,-0.08546154270836881,0.1496577243431353,-0.5202219285405855,-0.5472998479346448,-0.37357783090706986,-0.22876502735952758,0.48626373626373626,67540.73909357496,-0.32459260906425047,2003-12-30,2008-05-22
LSTM,0,CAT,-0.08880220061685096,0.10483827633782339,-0.8344897993931775,-1.0550855420781045,-0.4003949537839754,-0.22178651298578128,0.4621695533272562,66463.65105338681,-0.3353634894661318,0.11192393003113542,-0.07061814134992528,0.10474830327375398,-0.6467225607973961,-0.808654968357586,-0.3621367511451149,-0.19500407270630007,0.489010989010989,72490.58828965422,-0.2750941171034579,2003-12-30,2008-05-22
LSTM,0,RTX,0.01649806230404116,0.07329719454420953,0.2597625440462066,0.35446632501065384,-0.10309410802106722,0.16002914832601095,0.49134001823154055,107452.88524658036,0.07452885246580365,0.15532946430514494,0.04473608632471948,0.07324907307880084,0.6340009678992302,0.858498988341737,-0.07136175403163192,0.6268916302826539,0.5191956124314442,121197.38819173658,0.21197388191736577,2003-12-30,2008-05-22
LSTM,0,BA,-0.004655782842373779,0.08086359487322613,-0.01732885959129468,-0.023949649124829418,-0.19876635081219007,-0.02342339547589182,0.4576116681859617,97970.87477291611,-0.020291252270838833,0.14560936961006488,0.021240200294419642,0.080870640638541,0.3002847352990634,0.4107870132033876,-0.15765879369613822,0.13472258537862902,0.49177330895795246,109672.4562212355,0.09672456221235493,2003-12-30,2008-05-22
TCN,0,NVDA,0.04482706986857932,0.18447475932066254,0.3296828884084611,0.4462275647223505,-0.20721908088428465,0.21632694092303048,0.4995442114858706,121243.76071793961,0.21243760717939608,0.15342947526302145,0.07348972484581018,0.1844582153106943,0.4764392346508491,0.6403688577504115,-0.19169762639762777,0.38336272715956593,0.5156537753222836,136549.6964893295,0.3654969648932951,2003-12-30,2008-05-22
TCN,0,AAPL,-0.13817342113532127,0.16532687481049127,-0.8158014388073194,-0.9446428440906823,-0.5607883276619141,-0.24639139996263035,0.47037374658158615,52036.583473630904,-0.47963416526369096,0.15750054916649356,-0.11387165773304753,0.1652766819376869,-0.6479486653254729,-0.7413359372600917,-0.5164054162025862,-0.2205082560334255,0.4940421631530706,58797.67924534378,-0.4120232075465622,2003-12-30,2008-05-22
TCN,0,MSFT,-0.08207085494452837,0.0963258853396112,-0.8406303334648721,-1.018856186055958,-0.36393715971284757,-0.2255083130540548,0.44667274384685507,68647.69348317989,-0.31352306516820116,0.10051335730730093,-0.06564746749504324,0.09635401157670645,-0.6563702315080123,-0.7776538719844632,-0.314072173405038,-0.2090203241609121,0.4808946877912395,74209.24488272874,-0.2579075511727126,2003-12-30,2008-05-22
TCN,0,JPM,-0.03552147066280609,0.08836443909705224,-0.3653489229698143,-0.48655161985222023,-0.21419752988404206,-0.16583510875235577,0.45214220601640837,85309.90884413352,-0.1469009115586648,0.2623639934279916,0.010178659657436917,0.08824102371065215,0.15862413194179947,0.20522660311112886,-0.09359812226122044,0.10874854549997888,0.5055045871559632,104549.17710598189,0.04549177105981883,2003-12-30,2008-05-22
TCN,0,BAC,-0.03453942373756569,0.07756931612124097,-0.41420386082887456,-0.4689726033984127,-0.176056354900467,-0.19618390802815644,0.47128532360984504,85692.14904901183,-0.14307850950988166,0.1432906140484093,-0.009824811837397696,0.07760040103395906,-0.08831199078642754,-0.09709807062369495,-0.13444284186948463,-0.07307798392818485,0.516099356025759,95755.47222926213,-0.042445277707378715,2003-12-30,2008-05-22
TCN,0,MS,-0.016400930887836673,0.11772358297627099,-0.08172001077966012,-0.10304776855357184,-0.1896733097460943,-0.08646936624763778,0.463081130355515,92993.15428378225,-0.07006845716217747,0.22421775255961846,0.023288279731481287,0.11767602515398659,0.2543563061592892,0.31345135697164733,-0.145297810953959,0.16027963242240947,0.5036630036630036,110641.94086192976,0.10641940861929755,2003-12-30,2008-05-22
TCN,0,CAT,-0.024737282049881792,0.11073564211523654,-0.17083242636386686,-0.2215597644232189,-0.222205123223996,-0.11132633528411107,0.4649042844120328,89580.36785206645,-0.10419632147933544,0.14408829292467773,0.0003758533446227563,0.11068925079507717,0.05872238178249161,0.0752172077880354,-0.16321325988776547,0.002302835841163972,0.4899267399267399,100165.21231012858,0.0016521231012858184,2003-12-30,2008-05-22
TCN,0,RTX,0.04459034302017173,0.07430838815768692,0.6241517249133616,0.8784629615738268,-0.09776744404973703,0.4560858008877411,0.4986326344576117,121123.13423883212,0.2112313423883212,0.15470010814925003,0.07349023990981762,0.07421086627132088,0.9926956983946333,1.3871492940786192,-0.08486432065942262,0.8659733482666827,0.5237659963436929,136549.98429641628,0.3654998429641627,2003-12-30,2008-05-22
TCN,0,BA,-0.10523833550126527,0.07876680353078398,-1.3720136281985598,-1.719035169705735,-0.4070825949690029,-0.258518386199436,0.41841385597082953,61356.04677521099,-0.38643953224789007,0.3135396194909366,-0.05432835823616744,0.0786380267261517,-0.67093162445958,-0.8265386458369544,-0.24499316674910288,-0.22175458588118513,0.47989031078610606,78240.36952267431,-0.21759630477325687,2003-12-30,2008-05-22
TFT,0,NVDA,0.15730644755288048,0.24098387869073654,0.7241013209991045,1.086913655596473,-0.25743836587585234,0.6110450826460742,0.512306289881495,189985.14166791041,0.8998514166791041,0.04122741151383267,0.16574922540910908,0.24098427314618504,0.7542785175040286,1.1279761627049112,-0.2540483437840959,0.6524318282900194,0.5220994475138122,196149.33743396157,0.9614933743396157,2003-12-30,2008-05-22
TFT,0,AAPL,0.01380055642164102,0.17241296859585467,0.16507202874765042,0.24331881501014266,-0.2910318041515919,0.04741940992281593,0.4667274384685506,106205.88765292402,0.06205887652924025,0.05062900514228102,0.022894011917913293,0.17241875457166292,0.21686454648458747,0.3182913416739653,-0.2870896899886254,0.07974515531651577,0.47937671860678277,110454.79668487799,0.10454796684877987,2003-12-30,2008-05-22
TFT,0,MSFT,-0.1289853450627253,0.10200610346670157,-1.3020838963630128,-1.469684422066947,-0.4755056194457813,-0.27125934960150905,0.4658158614402917,54518.063724023035,-0.45481936275976964,0.04273582546422166,-0.12238967096183784,0.10199537609100273,-1.2283096532833329,-1.372301706025206,-0.4584945721781053,-0.2669381021904328,0.4771668219944082,56355.01661895291,-0.43644983381047087,2003-12-30,2008-05-22
TFT,0,JPM,-0.0697112283823087,0.11488830414298587,-0.5709310347777722,-0.6027225000194347,-0.3650314296278997,-0.19097322236983783,0.5059252506836828,72801.84521810181,-0.2719815478189819,0.04124865416815706,-0.06291473055976038,0.11488082130413538,-0.5076307351474008,-0.5321156381011835,-0.3540829647469631,-0.17768358498896122,0.5146788990825688,75167.42384458365,-0.24832576155416353,2003-12-30,2008-05-22
TFT,0,BAC,0.03817452599057991,0.07854072081110389,0.5162198476715232,0.6780225681782202,-0.11048033557488723,0.3455323138904113,0.5050136736554239,117889.0324710255,0.1788903247102549,0.04400944486585295,0.0462645943104405,0.07853673340554694,0.6150949105306721,0.8011295472728868,-0.1060759129033021,0.4361460867427548,0.5188592456301748,121978.25917192579,0.21978259171925796,2003-12-30,2008-05-22
TFT,0,MS,-0.015773709945118508,0.13265020327732274,-0.05341550608947844,-0.06501253724053419,-0.207023332577276,-0.07619290902502801,0.4731084776663628,93253.9318908471,-0.06746068109152892,0.05727189578276557,-0.005779374982903374,0.1326499336004151,0.022745466908699847,0.027394831025234306,-0.20454022297430507,-0.028255444816002742,0.489010989010989,97485.97973986676,-0.02514020260133243,2003-12-30,2008-05-22
TFT,0,CAT,-0.014319487102415596,0.10636148125824409,-0.08242793814519489,-0.10619606271386255,-0.22040692220272395,-0.0649684091557022,0.4986326344576117,93860.72231727604,-0.06139277682723954,0.09429890874472639,0.0022133324868698345,0.10637309436744942,0.07395826878184043,0.09470468732414952,-0.19838034824273765,0.011157014827706658,0.5155677655677655,100975.94249091182,0.009759424909118186,2003-12-30,2008-05-22
TFT,0,RTX,0.017205061096382757,0.07592301710772578,0.2626352339381466,0.34170397371424194,-0.0911770306756825,0.1886995109281559,0.5113947128532361,107781.57766532144,0.07781577665321437,0.05642779012924165,0.0273803191827513,0.07591786968412219,0.3937666014939277,0.5095944046853259,-0.07892661707939652,0.34690856134386155,0.5255941499085923,112598.77615508423,0.12598776155084224,2003-12-30,2008-05-22
TFT,0,BA,0.009551781171635243,0.089376891588934,0.15101612775868073,0.20877734741784507,-0.26577121656729397,0.03593986322148135,0.479489516864175,104264.47173415717,0.0426447173415716,0.0579656893295345,0.019925467256110663,0.08939446678167748,0.2653687697979572,0.3657343523096417,-0.25386972254974804,0.07848697771435145,0.48720292504570384,109053.57717330211,0.09053577173302108,2003-12-30,2008-05-22
SingleAgentA2C,0,PORTFOLIO,0.06746887300335702,0.1321878965864198,0.5601683675561298,0.7303349723958923,-0.2446095047542236,0.2758227774965153,0.5334538878842676,133217.2397235673,0.33217239723567293,0.008079895613770956,0.0686546139453863,0.1318425133187995,0.5697112699711884,0.7431084400002237,-0.24380842886293064,0.2815924546398025,0.5334538878842676,133868.5087730203,0.338685087730203,2003-12-30,2008-05-22
SingleAgentA2C,0,NVDA,0.28269901236656225,0.5036054059971009,0.7546043560877068,1.005514247743918,-0.6538193874941075,0.4323808956630397,0.5187214611872146,33169.132742055845,1.985221946785026,0.0009033423667570009,0.28290834839107326,0.5035974821085615,0.7549326519989824,1.0059394437872944,-0.6538193874941074,0.4327010697485978,0.5187214611872146,33192.91869988883,1.9873626829899949,2003-12-30,2008-05-22
SingleAgentA2C,0,AAPL,-0.31370244014964666,0.19853989902376284,-1.794947601644086,-2.433636697850688,-0.8150434631851342,-0.38489044366262254,0.45545454545454545,2126.082239835555,-0.8086525984148001,0.0013550135501355014,-0.3135390060541293,0.1985462910480873,-1.7936859425234226,-2.432001988564562,-0.814849900151171,-0.38478130266195226,0.45586897179253866,2128.307254078819,-0.8084523471329064,2003-12-30,2008-05-22
SingleAgentA2C,0,MSFT,0.02989170391334328,0.1066077538077742,0.3295240550291204,0.47552633531412497,-0.1405421235791905,0.21268857444366399,0.4939981532779317,12645.877931878616,0.1381290138690754,0.012195121951219513,0.03211076110871525,0.10659617480931324,0.3497408693245324,0.5050967159022625,-0.14054212357919038,0.2284778420230857,0.4944547134935305,12766.010363029629,0.1489409326726665,2003-12-30,2008-05-22
SingleAgentA2C,0,JPM,-0.0332493800160113,0.03943192150129126,-0.8377799462220152,-0.4204310197143897,-0.1746772457746344,-0.1903475170367014,0.3194444444444444,9577.364317065343,-0.13803721146411918,0.028906955736224028,-0.028303964481200983,0.039371015033497464,-0.7095597118627538,-0.3479360559132614,-0.16066956089755124,-0.17616258065987134,0.41964285714285715,9794.459044170108,-0.11849868602469038,2003-12-30,2008-05-22
SingleAgentA2C,0,BAC,-0.01999146901906601,0.03255633325894266,-0.6037648783639845,-0.18043812357034086,-0.10764445984104465,-0.1857175840594752,0.3548387096774194,10167.905515698882,-0.08488850358710065,0.023486901535682024,-0.015922670527081628,0.032563187150440334,-0.47640549088447476,-0.11640362527350401,-0.09747219895364712,-0.16335602046542164,0.5074626865671642,10354.66088428171,-0.06808052041464618,2003-12-30,2008-05-22
SingleAgentA2C,0,MS,0.0,0.0,0.0,0.0,0.0,0.0,0.0,11111.111111111111,0.0,0.0,0.0,0.0,0.0,0.0,0.0,0.0,0.0,11111.111111111111,0.0,2003-12-30,2008-05-22
SingleAgentA2C,0,CAT,0.18670099186401434,0.25682296848981934,0.7961844451421785,1.0712700136703672,-0.2743562059514977,0.6805058089228003,0.5376930063578564,23568.298217278847,1.121146839555096,0.0009033423667570009,0.18689256730194193,0.2568144902125667,0.7968312149791477,1.0721131494573979,-0.27435620595149735,0.6812040815835678,0.5376930063578564,23585.016542256013,1.122651488803041,2003-12-30,2008-05-22
SingleAgentA2C,0,RTX,-0.06784715175385225,0.09216863450948033,-0.7160679875995293,-1.030942320260877,-0.34285458886983344,-0.1978890000495539,0.48322756119673616,8160.538455657842,-0.2655515389907942,0.005871725383920506,-0.06688287479750843,0.09219219586417744,-0.7046500592195885,-1.015304212133881,-0.3400943699644021,-0.19665975301063968,0.48322756119673616,8197.687072897246,-0.2622081634392478,2003-12-30,2008-05-22
SingleAgentA2C,0,BA,0.17649662026380608,0.22120023361395388,0.8452962095116111,1.4121832435914563,-0.31626549811643623,0.558064731420141,0.5158658204895739,22690.929192985266,1.042183627368674,0.0027100271002710027,0.17705573174417788,0.22121225232988592,0.8474113247483998,1.4160803621820957,-0.31626549811643434,0.5598325862247362,0.5163339382940109,22738.337801306814,1.046450402117613,2003-12-30,2008-05-22
SingleAgentPPO,0,PORTFOLIO,0.05316477437448541,0.10846265598234352,0.5317988084435022,0.7703553240023208,-0.19625065205727632,0.27090240881833666,0.5253164556962026,125551.85695136737,0.2555185695136737,0.002559470039144837,0.05359799312866298,0.10845247645277614,0.5356311382175208,0.7759776802529738,-0.1957784642156689,0.2737685850350711,0.5253164556962026,125778.88744854424,0.2577888744854424,2003-12-30,2008-05-22
SingleAgentPPO,0,NVDA,0.17100574945079328,0.25180270299855045,0.7546043560877068,1.005514247743918,-0.3928116235029665,0.43533780371827985,0.5187214611872146,22229.38787237631,1.0006449085138676,0.00045167118337850043,0.1711001627497335,0.25179874105428074,0.7549326519989824,1.0059394437872944,-0.3928116235029663,0.43557815632826213,0.5187214611872146,22237.262102992903,1.0013535892693612,2003-12-30,2008-05-22
SingleAgentPPO,0,AAPL,-0.3159617785851577,0.19865229905400023,-1.8103944510675634,-2.4574969715164565,-0.8177033292581731,-0.38640148239557826,0.45545454545454545,2095.5069808281396,-0.8114043717254674,0.00045167118337850043,-0.3159071507330147,0.19865195281453163,-1.8099965291462565,-2.456824304228471,-0.8176393677919548,-0.38636489774963484,0.45545454545454545,2096.242220250884,-0.8113382001774204,2003-12-30,2008-05-22
SingleAgentPPO,0,MSFT,0.02750527802212477,0.10246730277078017,0.3160382213306969,0.45117122240531515,-0.1405421235791906,0.19570842763469773,0.4944547134935305,12517.661085523585,0.1265894976971227,0.00045167118337850043,0.027587385719725965,0.10246494526374268,0.3168230737392146,0.45225996045150646,-0.14054212357919094,0.19629264890238668,0.4944547134935305,12522.055782702966,0.12698502044326698,2003-12-30,2008-05-22
SingleAgentPPO,0,JPM,0.020381031825261076,0.1129459790971032,0.23471669259326278,0.36058399689911286,-0.17902959288914688,0.11384169229430569,0.4924953095684803,12140.857451323833,0.09267717061914493,0.018518518518518517,0.023716406863666828,0.11297520320784694,0.26357087640961463,0.40417504198951315,-0.17385227674067072,0.136417004759988,0.5019120458891013,12316.159337798048,0.10845434040182433,2003-12-30,2008-05-22
SingleAgentPPO,0,BAC,0.00964061348208789,0.09985769990577617,0.14577294794062307,0.21483597415743616,-0.16627070579746694,0.05798143115980422,0.510036496350365,11589.4199638987,0.04304779675088288,0.00045167118337850043,0.00972110869929077,0.0998571665287416,0.14657161419025783,0.21598369177057092,-0.16627070579746706,0.05846555262195116,0.510036496350365,11593.479447426966,0.04341315026842696,2003-12-30,2008-05-22
SingleAgentPPO,0,MS,-0.007499748847140997,0.3090847931291429,0.12825436838768012,0.1926462560760663,-0.5025198330818357,-0.014924284283760116,0.5022706630336058,10749.681447539342,-0.03252866972145918,0.0009033423667570009,-0.007341252806637111,0.3090836410004414,0.12877040138935758,0.193404331476689,-0.5025198330818359,-0.014608881726348858,0.5022706630336058,10757.224517227854,-0.031849793449493125,2003-12-30,2008-05-22
SingleAgentPPO,0,CAT,0.09850561859009899,0.12841148424490967,0.7961844451421785,1.0712700136703672,-0.144134970012058,0.6834262260009367,0.5376930063578564,16787.88899900721,0.5109100099106487,0.00045167118337850043,0.098593710868641,0.12840724510628335,0.7968312149791477,1.0721131494573979,-0.14413497001205855,0.6840374050821427,0.5376930063578564,16793.80376832915,0.5114423391496237,2003-12-30,2008-05-22
SingleAgentPPO,0,RTX,0.06194314060405026,0.09204060725387614,0.6989758461440442,1.1481120067761854,-0.0950344742703978,0.6517965304654174,0.5167724388032638,14468.270330906294,0.30214432978156647,0.00045167118337850043,0.062027692910346266,0.09204101271383183,0.6998384115123676,1.1495338888507431,-0.09503447427039846,0.6526862318810847,0.5167724388032638,14473.33144990791,0.3025998304917119,2003-12-30,2008-05-22
SingleAgentPPO,0,BA,0.17981216491694507,0.2212696629518377,0.857827429473112,1.4340413211756082,-0.3162654981164361,0.5685481533326963,0.5167724388032638,22973.182819963957,1.067586453796756,0.0009033423667570009,0.18000087355521655,0.22126648033056376,0.8585599386768568,1.435062138408704,-0.3162654981164359,0.569144831248547,0.5167724388032638,22989.32882190754,1.0690395939716786,2003-12-30,2008-05-22
SingleAgentDQN,0,PORTFOLIO,-0.055317755632531496,0.05905507959765519,-0.9339943635980547,-1.3328875444973898,-0.2522453602986783,-0.21930138008100897,0.4918625678119349,77881.41658299255,-0.22118583417007454,0.05911873933554149,-0.024637284650167568,0.05963009322599167,-0.3885230286256598,-0.5560151369219241,-0.17877375280032426,-0.13781265014716904,0.5027124773960217,89620.72333486688,-0.10379276665133119,2003-12-30,2008-05-22
SingleAgentDQN,0,NVDA,-0.20263395836997322,0.24566838151043627,-0.7964909077847657,-0.7707548352493238,-0.6468587812021509,-0.31325841784722985,0.41884057971014493,4109.168718108961,-0.6301748153701936,0.23577235772357724,-0.16871692953237838,0.24557115767924625,-0.627444972597628,-0.5805275587039387,-0.6035011956897938,-0.2795635381294269,0.49829351535836175,4934.30545401751,-0.555912509138424,2003-12-30,2008-05-22
SingleAgentDQN,0,AAPL,0.11411006011107339,0.24023973323989242,0.5707448668012433,0.7290125421575869,-0.511531353363746,0.2230753977458164,0.5200364298724954,17861.005797324517,0.6074905217592064,0.1784101174345077,0.14977084008235808,0.2400762376742081,0.7022233474542966,0.8966414720328828,-0.48510551065404595,0.30873869043546587,0.5265567765567766,20512.29383916082,0.8461064455244736,2003-12-30,2008-05-22
SingleAgentDQN,0,MSFT,-0.13376654441625468,0.11977819732147083,-1.138389749664046,-1.4010119513371102,-0.544571287800875,-0.245636425226236,0.45085066162570886,5912.848456328663,-0.46784363893042036,0.21002710027100271,-0.10103837161137452,0.11964538393827977,-0.8299985198544952,-1.019652713246822,-0.4720995486679549,-0.21401920822940365,0.47093023255813954,6959.034521138662,-0.37368689309752046,2003-12-30,2008-05-22
SingleAgentDQN,0,JPM,0.07868296641331374,0.16242605179654745,0.5466520882919049,0.7135248000226663,-0.21191918974528234,0.37128759555888846,0.45420326223337515,15497.275233201512,0.39475477098813605,0.25112917795844625,0.12756381975250775,0.16222317407929734,0.8204113139495426,1.0326450533873637,-0.200267208583652,0.636968082067335,0.5309352517985612,18828.08002286735,0.6945272020580615,2003-12-30,2008-05-22
SingleAgentDQN,0,BAC,0.004023347466221239,0.10003587898827224,0.08991764941057685,0.13284000114628902,-0.1702309823472199,0.023634636954716168,0.5072992700729927,11308.833433149915,0.0177950089834924,0.0076784101174345075,0.005388412656414321,0.0999937648633825,0.10350107983434628,0.15293260379623688,-0.1677916804627574,0.0321137057663018,0.5072992700729927,11376.531470728485,0.023887832365563577,2003-12-30,2008-05-22
SingleAgentDQN,0,MS,-0.15120552767216622,0.2435474552456112,-0.5474911792649931,-0.5757083457984231,-0.6295913127439106,-0.24016457122506363,0.4604105571847507,5407.508755816571,-0.5133242119765087,0.1915085817524842,-0.12192324913457098,0.2431496979860502,-0.40945133998883826,-0.41329761666052,-0.5863212107876938,-0.20794616822879913,0.4989495798319328,6276.300585608923,-0.4351329472951969,2003-12-30,2008-05-22
SingleAgentDQN,0,CAT,-0.1084249646762756,0.2388453728908798,-0.3620064313369803,-0.5682416377758408,-0.5787307256213008,-0.18734959088248712,0.4913714804722979,6711.32488960568,-0.39598075993548876,0.21951219512195122,-0.0731869288482333,0.23874024178051442,-0.19997303138344288,-0.3138664987716742,-0.5159961479488584,-0.14183619226453417,0.5013623978201635,7957.171557900611,-0.283854559788945,2003-12-30,2008-05-22
SingleAgentDQN,0,RTX,-0.07239693235892264,0.0921760451550329,-0.7691014347910778,-1.1113597262917645,-0.34074299637261063,-0.21246785151749636,0.470479704797048,7987.009356348041,-0.28116915792867625,0.16847335140018066,-0.04441368088321607,0.09223154697807416,-0.4464202406243851,-0.6476781804906697,-0.25323890555211037,-0.17538253368448878,0.49291784702549574,9100.936471543315,-0.1809157175611017,2003-12-30,2008-05-22
SingleAgentDQN,0,BA,-0.25292751211135767,0.19953309447600914,-1.3604008844889663,-1.8070953747270118,-0.7477088787808132,-0.338270039702848,0.4581712062256809,3086.4419431086853,-0.7222202251202183,0.22493224932249323,-0.222596274559694,0.19916825598384652,-1.1636741421699903,-1.5546838310257538,-0.7011753173848049,-0.31746165194450676,0.4888663967611336,3676.0694119011896,-0.6691537529288929,2003-12-30,2008-05-22
MultiAgentA2C,0,PORTFOLIO,-0.007662259606143529,0.0492266928659182,-0.13164473507238889,-0.18743370566910214,-0.1091217477985087,-0.07021753005910197,0.4755877034358047,96677.5639827828,-0.03322436017217201,0.015557562983037237,-0.004790374863022917,0.049533003360062146,-0.07218325701233964,-0.10228639177185932,-0.10438800828629402,-0.045890087776029403,0.4810126582278481,97912.69253036064,-0.020873074696393545,2003-12-30,2008-05-22
MultiAgentA2C,0,NVDA,0.17100574945079328,0.25180270299855045,0.7546043560877068,1.005514247743918,-0.3928116235029665,0.43533780371827985,0.5187214611872146,22229.38787237631,1.0006449085138676,0.00045167118337850043,0.1711001627497335,0.25179874105428074,0.7549326519989824,1.0059394437872944,-0.3928116235029663,0.43557815632826213,0.5187214611872146,22237.262102992903,1.0013535892693612,2003-12-30,2008-05-22
MultiAgentA2C,0,AAPL,-0.30920747751080346,0.19874307181655795,-1.760117784932329,-2.394076128033027,-0.8096625724177348,-0.3818967160449056,0.4572727272727273,2187.935778467252,-0.8030857799379474,0.022131887985546522,-0.30650190459779836,0.1987482121323424,-1.7404289909557717,-2.367098242461638,-0.8063659600594688,-0.38010273223239,0.4581818181818182,2225.8304596027833,-0.7996752586357495,2003-12-30,2008-05-22
MultiAgentA2C,0,MSFT,-0.03708461432187404,0.10246285986172042,-0.31760711881013165,-0.4293497122483023,-0.2855069745924932,-0.12989039716036802,0.5055452865064695,9411.578581359143,-0.15295792767767713,0.00045167118337850043,-0.03700808636777109,0.10246494526374268,-0.3168230737392146,-0.42829853624289005,-0.28550697459249275,-0.12962235483246298,0.5055452865064695,9414.864827453604,-0.15266216552917566,2003-12-30,2008-05-22
MultiAgentA2C,0,JPM,-0.055690333130672065,0.11997695727934977,-0.4172154770297525,-0.49334463828461883,-0.2748853864262293,-0.20259473904633205,0.4968152866242038,8638.508423938083,-0.22253424184557258,0.00045167118337850043,-0.05561494537071565,0.11997579245492118,-0.41655543709712944,-0.4925343793672595,-0.2748853864262293,-0.20232048743573708,0.4968152866242038,8641.538343240827,-0.22226154910832563,2003-12-30,2008-05-22
MultiAgentA2C,0,BAC,0.0,0.0,0.0,0.0,0.0,0.0,0.0,11111.111111111111,0.0,0.0,0.0,0.0,0.0,0.0,0.0,0.0,0.0,11111.111111111111,0.0,2003-12-30,2008-05-22
MultiAgentA2C,0,MS,-0.017613308592443033,0.26439051891484716,0.0655825816549923,0.08685597588963627,-0.5824889129454894,-0.030238015181056888,0.4619771863117871,10276.742751567199,-0.07509315235895209,0.13730803974706413,0.006498082036278996,0.264296578039416,0.15724967502501194,0.20396218612275885,-0.5611864630267778,0.011579185287598307,0.49948717948717947,11431.793878181295,0.0288614490363166,2003-12-30,2008-05-22
MultiAgentA2C,0,CAT,0.0,0.0,0.0,0.0,0.0,0.0,0.0,11111.111111111111,0.0,0.0,0.0,0.0,0.0,0.0,0.0,0.0,0.0,11111.111111111111,0.0,2003-12-30,2008-05-22
MultiAgentA2C,0,RTX,0.06194314060405026,0.09204060725387614,0.6989758461440442,1.1481120067761854,-0.0950344742703978,0.6517965304654174,0.5167724388032638,14468.270330906294,0.30214432978156647,0.00045167118337850043,0.062027692910346266,0.09204101271383183,0.6998384115123676,1.1495338888507431,-0.09503447427039846,0.6526862318810847,0.5167724388032638,14473.33144990791,0.3025998304917119,2003-12-30,2008-05-22
MultiAgentA2C,0,BA,-0.09281874720413508,0.11066807677107787,-0.8246948990687487,-1.2350622620210558,-0.447798270367735,-0.20727803867556632,0.48322756119673616,7242.918021946302,-0.3481373780248328,0.0040650406504065045,-0.09216572139460377,0.11064800955613445,-0.8183637970115177,-1.2254723912943257,-0.44779827036773345,-0.2058197351207207,0.48322756119673616,7265.849246759097,-0.3460735677916813,2003-12-30,2008-05-22
MultiAgentPPO,0,PORTFOLIO,0.04479041805835493,0.09660918110850744,0.5018353062679584,0.7288576550490581,-0.19077698587653324,0.23477893757762963,0.5298372513562387,121225.07836177155,0.21225078361771543,0.013851249623607339,0.04698006061559212,0.09659186745324426,0.5235848265745257,0.7612358356023202,-0.18969193234646564,0.24766504318056445,0.530741410488246,122345.10278398721,0.22345102783987203,2003-12-30,2008-05-22
MultiAgentPPO,0,NVDA,0.17100574945079328,0.25180270299855045,0.7546043560877068,1.005514247743918,-0.3928116235029665,0.43533780371827985,0.5187214611872146,22229.38787237631,1.0006449085138676,0.00045167118337850043,0.1711001627497335,0.25179874105428074,0.7549326519989824,1.0059394437872944,-0.3928116235029663,0.43557815632826213,0.5187214611872146,22237.262102992903,1.0013535892693612,2003-12-30,2008-05-22
MultiAgentPPO,0,AAPL,-0.3159617785851577,0.19865229905400023,-1.8103944510675634,-2.4574969715164565,-0.8177033292581731,-0.38640148239557826,0.45545454545454545,2095.5069808281396,-0.8114043717254674,0.00045167118337850043,-0.3159071507330147,0.19865195281453163,-1.8099965291462565,-2.456824304228471,-0.8176393677919548,-0.38636489774963484,0.45545454545454545,2096.242220250884,-0.8113382001774204,2003-12-30,2008-05-22
MultiAgentPPO,0,MSFT,-0.0033328033683928115,0.17111483732783778,0.06646896333226153,0.08019788265626727,-0.23115563296269348,-0.014418006282938808,0.4443127962085308,10949.355851927341,-0.014557973326539297,0.12014453477868112,0.018030327664082968,0.17102660317428164,0.19042254934878247,0.22375065169259967,-0.21755043498789928,0.08287883986573441,0.48774193548387096,12018.470658307078,0.0816623592476371,2003-12-30,2008-05-22
MultiAgentPPO,0,JPM,-0.055690333130672065,0.11997695727934977,-0.4172154770297525,-0.49334463828461883,-0.2748853864262293,-0.20259473904633205,0.4968152866242038,8638.508423938083,-0.22253424184557258,0.00045167118337850043,-0.05561494537071565,0.11997579245492118,-0.41655543709712944,-0.4925343793672595,-0.2748853864262293,-0.20232048743573708,0.4968152866242038,8641.538343240827,-0.22226154910832563,2003-12-30,2008-05-22
MultiAgentPPO,0,BAC,0.009377945563406431,0.19971539981155234,0.14577294794062307,0.21483597415743616,-0.32228315594018997,0.02909846633482394,0.510036496350365,11576.18089853514,0.04185628086816262,0.0009033423667570009,0.009538998839651924,0.1997143330574832,0.14657161419025783,0.21598369177057092,-0.32228315594018986,0.029598192346801385,0.510036496350365,11584.296966776905,0.04258672700992139,2003-12-30,2008-05-22
MultiAgentPPO,0,MS,0.007997520363983712,0.15454239656457144,0.12825436838768012,0.1926462560760663,-0.27961902388114457,0.028601488743423817,0.5022706630336058,11506.796184289087,0.03561165658601784,0.00045167118337850043,0.008077918982656307,0.1545418205002207,0.12877040138935758,0.193404331476689,-0.2796190238811449,0.028889017887745415,0.5022706630336058,11510.828452273992,0.03597456070465932,2003-12-30,2008-05-22
MultiAgentPPO,0,CAT,0.09850561859009899,0.12841148424490967,0.7961844451421785,1.0712700136703672,-0.144134970012058,0.6834262260009367,0.5376930063578564,16787.88899900721,0.5109100099106487,0.00045167118337850043,0.098593710868641,0.12840724510628335,0.7968312149791477,1.0721131494573979,-0.14413497001205855,0.6840374050821427,0.5376930063578564,16793.80376832915,0.5114423391496237,2003-12-30,2008-05-22
MultiAgentPPO,0,RTX,0.06194314060405026,0.09204060725387614,0.6989758461440442,1.1481120067761854,-0.0950344742703978,0.6517965304654174,0.5167724388032638,14468.270330906294,0.30214432978156647,0.00045167118337850043,0.062027692910346266,0.09204101271383183,0.6998384115123676,1.1495338888507431,-0.09503447427039846,0.6526862318810847,0.5167724388032638,14473.33144990791,0.3025998304917119,2003-12-30,2008-05-22
MultiAgentPPO,0,BA,0.17981216491694507,0.2212696629518377,0.857827429473112,1.4340413211756082,-0.3162654981164361,0.5685481533326963,0.5167724388032638,22973.182819963957,1.067586453796756,0.0009033423667570009,0.18000087355521655,0.22126648033056376,0.8585599386768568,1.435062138408704,-0.3162654981164359,0.569144831248547,0.5167724388032638,22989.32882190754,1.0690395939716786,2003-12-30,2008-05-22
MultiAgentDQN,0,PORTFOLIO,0.13928086892817237,0.15796543918746422,0.904764915569771,1.1946197444053792,-0.21309624118825476,0.6536054702397497,0.530741410488246,177325.43536165534,0.7732543536165535,0.056860383418649,0.19078615128498622,0.1625964448057292,1.1556665586693078,1.516717415678621,-0.19793420320083366,0.9638867270019286,0.5370705244122965,215341.106896305,1.1534110689630501,2003-12-30,2008-05-22
MultiAgentDQN,0,NVDA,0.6015051323742628,0.4917850168304738,1.2127772214697645,1.5901266301750423,-0.5652926611892122,1.0640596874349475,0.5154545454545455,87947.04401391986,6.915233961252787,0.3134598012646793,0.6922273101227328,0.49200346862113414,1.3246247573044407,1.7214297877973632,-0.5462650856090948,1.267200354477877,0.5328330206378987,112032.47262329505,9.082922536096554,2003-12-30,2008-05-22
MultiAgentDQN,0,AAPL,-0.017026333982653963,0.21001043220259222,0.023451580315198135,0.02053049307565748,-0.4492107495174914,-0.03790277503586541,0.4149184149184149,10303.743736366248,-0.07266306372703768,0.14453477868112014,0.008320573247754925,0.21021327019157948,0.14471499087309633,0.12567450421633194,-0.4071771346490859,0.0204347752850262,0.5142857142857142,11523.005018345215,0.03707045165106937,2003-12-30,2008-05-22
MultiAgentDQN,0,MSFT,-0.026294675208920038,0.19876472609254228,-0.034680971847179505,-0.05097925059679802,-0.32281074951455824,-0.08145538910479866,0.4727608494921514,9883.740830769406,-0.11046332523075353,0.15356820234869015,0.00047415527096816845,0.19862365867238874,0.10168011786447187,0.1493988411858885,-0.30649184417069175,0.001547040418811606,0.4818941504178273,11134.273026923689,0.0020845724231319807,2003-12-30,2008-05-22
MultiAgentDQN,0,JPM,-0.08710800329875634,0.12355947665478467,-0.6756243249222248,-0.8660927610404082,-0.3891374422914392,-0.22384893827183555,0.4772313296903461,7445.3577004338995,-0.3299178069609491,0.13775971093044265,-0.0646388458625543,0.12351935943720864,-0.4791068806067278,-0.6143645378192308,-0.32665548163305314,-0.19788079336493744,0.4844606946983547,8284.643619082248,-0.25438207428259774,2003-12-30,2008-05-22
MultiAgentDQN,0,BAC,-0.12313287923590133,0.1425391113494258,-0.8502991693780652,-1.1878230733657047,-0.44001133179042773,-0.27984024578382466,0.46860782529572337,6238.40785412042,-0.4385432931291622,0.3062330623306233,-0.07439173642085406,0.14218415635796247,-0.4724955122288499,-0.6590413163483507,-0.2972883965579336,-0.25023424150480456,0.4908759124087591,7911.832390334265,-0.28793508486991615,2003-12-30,2008-05-22
MultiAgentDQN,0,MS,0.07695490562111673,0.17043533041039252,0.5199874487026381,0.6692504921799824,-0.35180648488633826,0.21874214639897654,0.4773445732349842,15388.510713404581,0.38496596420641227,0.1784101174345077,0.1113631658541192,0.1705359858633379,0.7042254263013978,0.8880834391486107,-0.30448546676300114,0.36574213882201373,0.5163104611923509,17668.364178656848,0.5901527760791163,2003-12-30,2008-05-22
MultiAgentDQN,0,CAT,0.09307435505983008,0.2518652385622992,0.4803264247633397,0.6528021820204897,-0.34805669888902,0.26741147450090424,0.5213442325158947,16426.314159027752,0.47836827431249773,0.07588075880758807,0.10780477130588939,0.2518483126144727,0.5335072290920407,0.7246619570778956,-0.3347050989607131,0.32208882278947076,0.5213442325158947,17421.201895388058,0.5679081705849252,2003-12-30,2008-05-22
MultiAgentDQN,0,RTX,-0.09267735729151172,0.16559210107719374,-0.5044129377277475,-0.7274962205827028,-0.42395172200716624,-0.2186035637565948,0.448210922787194,7247.878229338777,-0.3476909593595101,0.5275519421860885,-0.004095814132938469,0.1651684197843489,0.05771905092520563,0.08351566444116147,-0.2285010087860726,-0.017924709193616977,0.504149377593361,10912.580901022322,-0.017867718907990993,2003-12-30,2008-05-22
MultiAgentDQN,0,BA,0.09334878453423712,0.1123204724909121,0.850769545917809,1.3449007942777116,-0.15782579113342,0.5914672365261491,0.5204731574158326,16444.43812427443,0.4799994311846987,0.14859981933152666,0.12240689237337832,0.11208295782515745,1.086443897192693,1.7400882792874024,-0.15248560861447769,0.8027439014448505,0.5360443622920518,18452.733243257328,0.6607459918931595,2003-12-30,2008-05-22
GARL_DDAL,0,PORTFOLIO,0.015502273331942762,0.0507557419454514,0.3284555448392322,0.468756894209803,-0.10446083175771415,0.14840273690236974,0.5063291139240507,106991.24449095971,0.06991244490959714,0.0012546421760513905,0.015823088082206782,0.05076835595388857,0.334608679439535,0.4774189119164473,-0.1044140793288999,0.1515417095463221,0.5072332730560579,107139.80435570692,0.07139804355706914,2003-12-30,2008-05-22
GARL_DDAL,0,NVDA,0.1773686712977749,0.25177807201500674,0.7761912292940948,1.033477977297307,-0.37818411799383644,0.4690008460394035,0.5196347031963471,22764.906182927134,1.048841556463442,0.002258355916892502,0.17783651445936433,0.2517812841419499,0.7777635493349918,1.035588381137991,-0.37731853894046996,0.4713166624643954,0.5196347031963471,22804.670498041047,1.0524203448236942,2003-12-30,2008-05-22
GARL_DDAL,0,AAPL,0.0,0.0,0.0,0.0,0.0,0.0,0.0,11111.111111111111,0.0,0.0,0.0,0.0,0.0,0.0,0.0,0.0,0.0,11111.111111111111,0.0,2003-12-30,2008-05-22
GARL_DDAL,0,MSFT,0.028677069426755297,0.10244821011830711,0.3272048741612002,0.46666719111640736,-0.14054212357919094,0.20404608025291932,0.4953789279112754,12580.492476407357,0.1322443228766621,0.002258355916892502,0.02908534028550447,0.10246307109140454,0.3310453934499158,0.4721908406566583,-0.14054212357919105,0.20695105171878095,0.4953789279112754,12602.441057408181,0.13421969516673626,2003-12-30,2008-05-22
GARL_DDAL,0,JPM,-0.055690333130672065,0.11997695727934977,-0.4172154770297525,-0.49334463828461883,-0.2748853864262293,-0.20259473904633205,0.4968152866242038,8638.508423938083,-0.22253424184557258,0.00045167118337850043,-0.05561494537071565,0.11997579245492118,-0.41655543709712944,-0.4925343793672595,-0.2748853864262293,-0.20232048743573708,0.4968152866242038,8641.538343240827,-0.22226154910832563,2003-12-30,2008-05-22
GARL_DDAL,0,BAC,0.009377945563406431,0.19971539981155234,0.14577294794062307,0.21483597415743616,-0.32228315594018997,0.02909846633482394,0.510036496350365,11576.18089853514,0.04185628086816262,0.0009033423667570009,0.009538998839651924,0.1997143330574832,0.14657161419025783,0.21598369177057092,-0.32228315594018986,0.029598192346801385,0.510036496350365,11584.296966776905,0.04258672700992139,2003-12-30,2008-05-22
GARL_DDAL,0,MS,-0.08469674460899501,0.3090828497570276,-0.12928628728323124,-0.16155610050578104,-0.5648898196215941,-0.14993498141944087,0.4977293369663942,7532.134334143866,-0.32210790992705207,0.0009033423667570009,-0.08455108009872381,0.3090836410004414,-0.12877040138935758,-0.16091186159749193,-0.5648898196215946,-0.14967711784107288,0.4977293369663942,7537.4014288950275,-0.32163387139944755,2003-12-30,2008-05-22
GARL_DDAL,0,CAT,0.0017437262831410116,0.011236643396301349,0.16067766506014855,0.02467565613752391,-0.01632797454431434,0.10679378990998029,0.3333333333333333,11196.473676845284,0.007682630916075572,0.007226738934056007,0.003021697510602106,0.011226757839565888,0.2743690044816914,0.03306760389602197,-0.015289042458252355,0.1976381136263459,0.7,11259.356587171816,0.013342092845463505,2003-12-30,2008-05-22
GARL_DDAL,0,RTX,0.06194314060405026,0.09204060725387614,0.6989758461440442,1.1481120067761854,-0.0950344742703978,0.6517965304654174,0.5167724388032638,14468.270330906294,0.30214432978156647,0.00045167118337850043,0.062027692910346266,0.09204101271383183,0.6998384115123676,1.1495338888507431,-0.09503447427039846,0.6526862318810847,0.5167724388032638,14473.33144990791,0.3025998304917119,2003-12-30,2008-05-22
GARL_DDAL,0,BA,-0.09625514773619559,0.11063190089477193,-0.8592905113245396,-1.2848214589005489,-0.447798270367735,-0.21495203109460473,0.48322756119673616,7123.167056145445,-0.35891496494691,0.00045167118337850043,-0.0961832456622248,0.11063324016528188,-0.8585599386768568,-1.283744638300861,-0.44779827036773345,-0.21479146309171493,0.48322756119673616,7125.656913154095,-0.3586908778161315,2003-12-30,2008-05-22
GARL_DDAL_SECTOR,0,PORTFOLIO,0.01445431231257599,0.05024035138680856,0.3107545426688714,0.4441860052321207,-0.10308303257489648,0.14022009201246577,0.5063291139240507,106507.07300428153,0.06507073004281527,0.00045167118337850043,0.014645954781500103,0.05027318799161037,0.31434194892652423,0.44923199886007226,-0.10297292074203912,0.14223112907703347,0.5063291139240507,106595.48760170802,0.06595487601708028,2003-12-30,2008-05-22
GARL_DDAL_SECTOR,0,NVDA,0.17196124960767167,0.2518176840438295,0.7578152764838574,1.0099379846131047,-0.3906321911083074,0.44021269501568905,0.5187214611872146,22309.177687066043,1.007825991835944,0.002258355916892502,0.17243466121527296,0.2517953168338007,0.7594647281194734,1.0122371126560916,-0.3897662955906718,0.44240526481120346,0.5187214611872146,22348.79216120306,1.0113912945082753,2003-12-30,2008-05-22
GARL_DDAL_SECTOR,0,AAPL,0.0,0.0,0.0,0.0,0.0,0.0,0.0,11111.111111111111,0.0,0.0,0.0,0.0,0.0,0.0,0.0,0.0,0.0,11111.111111111111,0.0,2003-12-30,2008-05-22
GARL_DDAL_SECTOR,0,MSFT,0.02750527802212477,0.10246730277078017,0.3160382213306969,0.45117122240531515,-0.1405421235791906,0.19570842763469773,0.4944547134935305,12517.661085523585,0.1265894976971227,0.00045167118337850043,0.027587385719725965,0.10246494526374268,0.3168230737392146,0.45225996045150646,-0.14054212357919094,0.19629264890238668,0.4944547134935305,12522.055782702966,0.12698502044326698,2003-12-30,2008-05-22
GARL_DDAL_SECTOR,0,JPM,-0.055690333130672065,0.11997695727934977,-0.4172154770297525,-0.49334463828461883,-0.2748853864262293,-0.20259473904633205,0.4968152866242038,8638.508423938083,-0.22253424184557258,0.00045167118337850043,-0.05561494537071565,0.11997579245492118,-0.41655543709712944,-0.4925343793672595,-0.2748853864262293,-0.20232048743573708,0.4968152866242038,8641.538343240827,-0.22226154910832563,2003-12-30,2008-05-22
GARL_DDAL_SECTOR,0,BAC,0.009377945563406431,0.19971539981155234,0.14577294794062307,0.21483597415743616,-0.32228315594018997,0.02909846633482394,0.510036496350365,11576.18089853514,0.04185628086816262,0.0009033423667570009,0.009538998839651924,0.1997143330574832,0.14657161419025783,0.21598369177057092,-0.32228315594018986,0.029598192346801385,0.510036496350365,11584.296966776905,0.04258672700992139,2003-12-30,2008-05-22
GARL_DDAL_SECTOR,0,MS,-0.08469674460899501,0.3090828497570276,-0.12928628728323124,-0.16155610050578104,-0.5648898196215941,-0.14993498141944087,0.4977293369663942,7532.134334143866,-0.32210790992705207,0.0009033423667570009,-0.08455108009872381,0.3090836410004414,-0.12877040138935758,-0.16091186159749193,-0.5648898196215946,-0.14967711784107288,0.4977293369663942,7537.4014288950275,-0.32163387139944755,2003-12-30,2008-05-22
GARL_DDAL_SECTOR,0,CAT,0.0,0.0,0.0,0.0,0.0,0.0,0.0,11111.111111111111,0.0,0.0,0.0,0.0,0.0,0.0,0.0,0.0,0.0,11111.111111111111,0.0,2003-12-30,2008-05-22
GARL_DDAL_SECTOR,0,RTX,0.06194314060405026,0.09204060725387614,0.6989758461440442,1.1481120067761854,-0.0950344742703978,0.6517965304654174,0.5167724388032638,14468.270330906294,0.30214432978156647,0.00045167118337850043,0.062027692910346266,0.09204101271383183,0.6998384115123676,1.1495338888507431,-0.09503447427039846,0.6526862318810847,0.5167724388032638,14473.33144990791,0.3025998304917119,2003-12-30,2008-05-22
GARL_DDAL_SECTOR,0,BA,-0.09281874720413508,0.11066807677107787,-0.8246948990687487,-1.2350622620210558,-0.447798270367735,-0.20727803867556632,0.48322756119673616,7242.918021946302,-0.3481373780248328,0.0040650406504065045,-0.09216572139460377,0.11064800955613445,-0.8183637970115177,-1.2254723912943257,-0.44779827036773345,-0.2058197351207207,0.48322756119673616,7265.849246759097,-0.3460735677916813,2003-12-30,2008-05-22
ARIMAX,1,NVDA,-0.11686770682974235,0.2059015951591204,-0.4989679047631675,-0.5559473109185638,-0.4766017798682429,-0.2452103868811622,0.4831358249772106,57929.382547549336,-0.42070617452450665,0.3607967725723632,-0.058797481121729334,0.20587887600326427,-0.18988707147184708,-0.20727439094807107,-0.35963762178656455,-0.16349090740185154,0.5188246097337006,76629.06622408507,-0.23370933775914937,2008-05-23,2012-10-11
ARIMAX,1,AAPL,0.023567978287238445,0.16296524952308494,0.2230029795249291,0.3110305159932025,-0.1799519367475252,0.13096818357839968,0.4612579762989973,110774.85172090222,0.10774851720902223,0.24765729967109765,0.0692561093266415,0.16304054349156022,0.4908502029668207,0.669417265641368,-0.16964479252945708,0.40824188172245773,0.5,134199.81920229064,0.3419981920229065,2008-05-23,2012-10-11
ARIMAX,1,MSFT,0.03936237839833634,0.13166922248589694,0.3580577554270208,0.5594585791319755,-0.15723896012244243,0.25033476669958094,0.4649042844120328,118482.716708528,0.1848271670852799,0.2704821181499248,0.09013736631150415,0.13173440188945196,0.7200718304651398,1.1118443701209693,-0.12782312014101926,0.7051726339652891,0.5032258064516129,146099.81691886493,0.46099816918864933,2008-05-23,2012-10-11
ARIMAX,1,JPM,0.2102772023868935,0.28741177103784454,0.8038210417589013,1.0770291817197089,-0.29177606821622903,0.7206800875494064,0.5104831358249772,231260.42381006683,1.3126042381006684,0.13368975778563033,0.23913108885230838,0.2874458383195817,0.8857686163461542,1.1711274483540342,-0.29123170740178705,0.8211025200027414,0.5270394133822182,256478.39718866142,1.5647839718866141,2008-05-23,2012-10-11
ARIMAX,1,BAC,-0.08100676643583926,0.41249444238278554,-0.0016813404661679646,-0.002050389308742523,-0.4397531786712361,-0.1842096211347701,0.49316317228805834,68997.95758864578,-0.31002042411354225,0.1240298798409611,-0.06063732619243356,0.41242182543285827,0.05136810396409778,0.06191650053284202,-0.4380467531582767,-0.1384266080167106,0.504147465437788,75973.22537951317,-0.24026774620486835,2008-05-23,2012-10-11
ARIMAX,1,MS,0.03849251042520785,0.5177834001065313,0.27937492943264824,0.47324569930728855,-0.44680661953783185,0.08615026891281011,0.4585232452142206,118047.73419112437,0.18047734191124376,0.305048221198094,0.09592339558948959,0.5177077188806422,0.3833557040922913,0.6257743510726167,-0.4422823778274708,0.21688269847122008,0.501834862385321,149537.02221855856,0.4953702221855856,2008-05-23,2012-10-11
ARIMAX,1,CAT,-0.12280840063507514,0.191110876211988,-0.5906162065340183,-0.7323582643533783,-0.535292212117864,-0.22942310359642298,0.4612579762989973,56236.99538677479,-0.4376300461322521,0.19173285115331007,-0.09260932401289224,0.19105815645765664,-0.4137562470921918,-0.5043007253494592,-0.4916538223636908,-0.18836286793756765,0.489945155393053,65252.39302281292,-0.34747606977187084,2008-05-23,2012-10-11
ARIMAX,1,RTX,0.024012376773498323,0.10808660095107761,0.2732426898354273,0.38982771288120516,-0.21213836005437725,0.11319205431466167,0.43846855059252504,110986.28045146879,0.10986280451468788,0.37868581420771624,0.09474435838481932,0.10805034042350777,0.8915663831108425,1.2411026596829215,-0.089482503649991,1.0588031684429613,0.5146520146520146,148831.5978591044,0.48831597859104403,2008-05-23,2012-10-11
ARIMAX,1,BA,-0.04233758615034411,0.14771909251829804,-0.21992394007089036,-0.29622214479982456,-0.3264009138346562,-0.12971037872703664,0.44849589790337285,82693.0374354226,-0.1730696256457741,0.28088063425376686,0.0063294022962050445,0.14760425139911704,0.11558189462926305,0.15300235877801815,-0.23597376931977954,0.026822482492228888,0.4821917808219178,102810.42143960897,0.028104214396089677,2008-05-23,2012-10-11
RandomForest,1,NVDA,-0.021166133699911494,0.21831076332009489,0.010538158958196282,0.01380953525355713,-0.30242742498521114,-0.06998748113186669,0.4831358249772106,91030.28592918515,-0.08969714070814849,0.23436335410411857,0.02013659651748978,0.21838929362861462,0.19983712784169455,0.2586468758783433,-0.278649264907893,0.07226502651692225,0.5133149678604224,109152.77896067324,0.09152778960673236,2008-05-23,2012-10-11
RandomForest,1,AAPL,0.005459343137729666,0.14959617105067616,0.11109932452548031,0.1351815482723241,-0.2497150612985397,0.021862290201242227,0.4813126709206928,102420.51911113384,0.024205191111338342,0.17814424145752072,0.03753703708233669,0.1497218722219352,0.32089284641870897,0.38421648776069717,-0.24132117245751372,0.15554804702826208,0.510036496350365,117571.3667636021,0.17571366763602092,2008-05-23,2012-10-11
RandomForest,1,MSFT,0.0136024783139308,0.11137122165636089,0.17682185180773177,0.2443759769563153,-0.16942932063053806,0.08028408697685045,0.47675478577939834,106114.76304399414,0.061147630439941425,0.25502344547164996,0.06024168472867708,0.11132524610583588,0.5809913177382641,0.7919402035490655,-0.13172865242535925,0.45731648824701615,0.5161290322580645,129300.43526695514,0.2930043526695514,2008-05-23,2012-10-11
RandomForest,1,JPM,0.07973394857020955,0.2832198755666989,0.4123777041194292,0.4942769260798212,-0.27993455515157517,0.28483067596651757,0.49042844120328166,140073.42624763533,0.40073426247635324,0.1491021684942185,0.10851189160327035,0.2831866425098125,0.5053034398139296,0.5979647585536264,-0.27939547895539363,0.3883809860094215,0.5059578368469294,157230.93394632416,0.5723093394632417,2008-05-23,2012-10-11
RandomForest,1,BAC,-0.14547646606331677,0.3769801050388235,-0.22269673553229444,-0.2424467999832761,-0.6311598313138249,-0.23049069165332076,0.4731084776663628,50127.19557306112,-0.49872804426938877,0.13761473218619294,-0.1244764141550081,0.37701271565626715,-0.15828909083674558,-0.16945956019295946,-0.6260217448936523,-0.19883720520946757,0.4912442396313364,55768.750331221374,-0.44231249668778627,2008-05-23,2012-10-11
RandomForest,1,MS,0.2082908482392467,0.41021989119913976,0.6475444233970163,0.9774545545524731,-0.4655705327404278,0.44738838391083546,0.479489516864175,229597.7351148097,1.295977351148097,0.14827229243634804,0.24029936604826307,0.4101952859805438,0.7113461448022239,1.0567839421299006,-0.464603549244498,0.5172137975248341,0.4981651376146789,257542.34691270263,1.5754234691270264,2008-05-23,2012-10-11
RandomForest,1,CAT,-0.12554532552188125,0.18786241773123033,-0.6200059034066504,-0.7581420185517647,-0.4811870609820005,-0.26090752578772575,0.4585232452142206,55470.272350237814,-0.44529727649762185,0.16657223968576462,-0.0994624507789692,0.187900447584615,-0.46350323301822266,-0.5590255375776685,-0.46032204756746997,-0.21607144672858813,0.4835466179159049,63115.06323555035,-0.3688493676444965,2008-05-23,2012-10-11
RandomForest,1,RTX,-0.0322169709438922,0.12207893522986396,-0.20746555594739466,-0.263618801059439,-0.2869824900652468,-0.11226110323513996,0.4512306289881495,86601.3764766969,-0.133986235233031,0.23402152181011449,0.008568570332579961,0.12212386304624717,0.1306396791127772,0.16228131993545505,-0.2064559348317938,0.04150314370745044,0.4926739926739927,103819.13971300429,0.03819139713004294,2008-05-23,2012-10-11
RandomForest,1,BA,-0.08556376302138113,0.14958839070691748,-0.5233554668212741,-0.6561713849492502,-0.4394656173612177,-0.19469956156104062,0.4639927073837739,67507.58281546496,-0.3249241718453504,0.2156268243557604,-0.050096194059334076,0.14955347468980626,-0.2691433971466887,-0.33082511580732277,-0.354219066136638,-0.14142715299240768,0.4986301369863014,79790.2440300286,-0.202097559699714,2008-05-23,2012-10-11
LSTM,1,NVDA,0.08284423781265704,0.20187228051430145,0.49462619218301723,0.6702603946483813,-0.22069371888713285,0.37538104043198994,0.5095715587967183,141854.61042402574,0.4185461042402574,0.17890651183100784,0.11755287010285076,0.20187387792922717,0.650953097315297,0.8759069878022304,-0.20268158329310482,0.5799879209195514,0.5261707988980716,162942.64893788684,0.6294264893788684,2008-05-23,2012-10-11
LSTM,1,AAPL,-0.029592071847125756,0.1413325974536296,-0.14237879403102036,-0.19112239902319367,-0.175710828705409,-0.16841347835618517,0.4567000911577028,87637.96043106138,-0.12362039568938621,0.1916844617591291,0.003799436603903139,0.14122804714437764,0.09693806965690914,0.1282982821489456,-0.17361068630684695,0.02188480838781924,0.4844890510948905,101679.82860742064,0.016798286074206414,2008-05-23,2012-10-11
LSTM,1,MSFT,-0.10750669880023977,0.13957364577582446,-0.7420935454255877,-0.7387259720971499,-0.41529162328971114,-0.25887037631202625,0.4585232452142206,60675.68222413448,-0.39324317775865525,0.1635148604776524,-0.08134944018938406,0.13940417411173286,-0.5360863885869036,-0.5212468067632994,-0.3434312088030035,-0.23687259079604245,0.49032258064516127,68885.00995943384,-0.3111499004056616,2008-05-23,2012-10-11
LSTM,1,JPM,-0.005955677948246918,0.27980365614349423,0.1179888187321265,0.137132069665892,-0.35007226698774274,-0.017012709974124993,0.4995442114858706,97410.06336839849,-0.025899366316015082,0.10532068772607683,0.012699403246727359,0.2797568687541624,0.1844182500681257,0.2119254469129534,-0.3499244295947753,0.03629184524622562,0.5123739688359303,105700.0739287117,0.05700073928711702,2008-05-23,2012-10-11
LSTM,1,BAC,0.062045612926725724,0.3693969043634112,0.35153635227622704,0.40486779519828464,-0.4775877379177248,0.12991458532257055,0.4804010938924339,130269.63851185683,0.3026963851185682,0.09825303847160795,0.08058044934775488,0.3694770949886195,0.39836915003613194,0.45182140177091995,-0.4765569298708032,0.16908882086679677,0.4949308755760369,140556.4750594537,0.4055647505945368,2008-05-23,2012-10-11
LSTM,1,MS,0.23806850719796335,0.4290760507017139,0.6798606317876861,1.2319236559445668,-0.3715404341823866,0.6407606959976184,0.49134001823154055,255513.6553233314,1.555136553233314,0.08615760039616291,0.257031019248235,0.429054064795846,0.7153180468548892,1.2861430201213204,-0.36969691294050333,0.6952479456857135,0.5009174311926605,273157.26932853216,1.7315726932853215,2008-05-23,2012-10-11
LSTM,1,CAT,-0.09250771318996232,0.18448718418673496,-0.43425479101493475,-0.5249739572255286,-0.4040329392043762,-0.22896082030373313,0.4676390154968095,65284.497949425735,-0.34715502050574265,0.16220550479387735,-0.06615513814709006,0.184476753365796,-0.2791755146849486,-0.33255711374060754,-0.35629244103850033,-0.18567651324362916,0.49085923217550276,74032.28449250128,-0.25967715507498723,2008-05-23,2012-10-11
LSTM,1,RTX,-0.043393026658773426,0.12510452176901213,-0.29256680117481515,-0.35270536700504684,-0.32187928393110943,-0.1348114924602003,0.4639927073837739,82293.43757934848,-0.17706562420651517,0.19032301235404703,-0.010731220671710728,0.1251382912042088,-0.024200828843579207,-0.028482517143266693,-0.25909824260737635,-0.04141757413604787,0.4990842490842491,95371.01474560086,-0.04628985254399143,2008-05-23,2012-10-11
LSTM,1,BA,-0.027151399477581717,0.13933915022979282,-0.12769525449841954,-0.15010294376713645,-0.3353797584006134,-0.08095718002500671,0.5004557885141294,88610.36558429307,-0.11389634415706928,0.08970653432785551,-0.011627495587132164,0.1393042267236233,-0.014132490026013966,-0.016492134878710454,-0.3259030470166068,-0.0356777750118417,0.5150684931506849,94992.02898008806,-0.05007971019911939,2008-05-23,2012-10-11
TCN,1,NVDA,-0.0547432751971606,0.23243606393149788,-0.12586985514172025,-0.15983115322368532,-0.33361552762300084,-0.1640909090389304,0.479489516864175,78089.68260942219,-0.21910317390577805,0.1281683541468086,-0.03314199786468608,0.23252633222597455,-0.02858943312627382,-0.03613913275543893,-0.3237211165382581,-0.1023782390815067,0.4866850321395776,86238.34522704069,-0.1376165477295932,2008-05-23,2012-10-11
TCN,1,AAPL,-0.010022258884919255,0.13722359749850718,-0.004957869242981396,-0.006373038946890862,-0.2628250949862403,-0.038132808000864424,0.4840474020054695,95671.62236323806,-0.043283776367619375,0.20740075137938166,0.026868172559892267,0.13722215477885763,0.26165713508680366,0.333205388747308,-0.16382140525993028,0.16400892494641578,0.5082116788321168,112352.41255349683,0.12352412553496839,2008-05-23,2012-10-11
TCN,1,MSFT,-0.14910441918986983,0.1381222253945027,-1.0974981775997978,-1.0768413894919633,-0.5485200779203097,-0.27183037630125195,0.45214220601640837,49199.02129538763,-0.5080097870461237,0.21086777046412322,-0.11682462412059313,0.1380160750840293,-0.8288296553642602,-0.793955756546013,-0.47829082061762274,-0.24425437220337218,0.48110599078341015,57941.79790307086,-0.4205820209692914,2008-05-23,2012-10-11
TCN,1,JPM,-0.13948987813745806,0.2839621911367335,-0.38359134657408583,-0.40474577270240975,-0.6232926687173357,-0.2237951529648377,0.4949863263445761,51688.31259316553,-0.4831168740683447,0.13627722587658528,-0.11855068424006332,0.28400951257210616,-0.2988848361481781,-0.3115444004248647,-0.5904737705318248,-0.20077214290702144,0.5096241979835013,57445.996235235056,-0.42554003764764947,2008-05-23,2012-10-11
TCN,1,BAC,-0.12605779092277836,0.3288058736341467,-0.24510478632285027,-0.2941995457398502,-0.6027224882111284,-0.20914731636597142,0.4621695533272562,55327.61214434379,-0.44672387855656215,0.1833849870696792,-0.09732552072463685,0.328874951915747,-0.1466903496258461,-0.17374391289212468,-0.5966549577921468,-0.16311859887124505,0.4783410138248848,63775.629881830195,-0.362243701181698,2008-05-23,2012-10-11
TCN,1,MS,0.20571556414913217,0.2789718235290831,0.8084284335819939,1.0885100709198492,-0.3157672467149163,0.6514784743803972,0.49134001823154055,227455.84146738905,1.2745584146738906,0.14449299460641402,0.23680901297036283,0.27902843040319225,0.8996119793061371,1.200535983261991,-0.3133524417837322,0.7557273580583818,0.5036697247706422,254373.76475087318,1.5437376475087317,2008-05-23,2012-10-11
TCN,1,CAT,-0.07191767966309037,0.15596112853034103,-0.40054874401525054,-0.5168863285656241,-0.3186682648557321,-0.22568196332838175,0.4448495897903373,72046.37316147037,-0.2795362683852963,0.21630614610870388,-0.03581713932531072,0.15600337453929186,-0.1558532310359097,-0.19870441687175314,-0.28123577356184604,-0.1273562707606052,0.4716636197440585,85195.08464351716,-0.1480491535648284,2008-05-23,2012-10-11
TCN,1,RTX,-0.002327197162290129,0.1125280341603753,0.0354373428738802,0.04618185358666275,-0.14300888614590745,-0.016273094805561685,0.4731084776663628,98981.72402679101,-0.01018275973208993,0.1798930889346958,0.02984895387465092,0.11244121866058962,0.3176845274629287,0.40791139096853396,-0.13678987684353583,0.21821025476024813,0.5045787545787546,113792.14972203282,0.1379214972203282,2008-05-23,2012-10-11
TCN,1,BA,-0.09767652654020864,0.13672251894481682,-0.6817821087756183,-0.7116557198749902,-0.376846884505038,-0.25919419943858607,0.4603463992707384,63666.76232085483,-0.3633323767914517,0.18257111946657764,-0.06812106276227847,0.13665633551353093,-0.4464441518949302,-0.45874055422379617,-0.2895240272379199,-0.23528638853278713,0.4867579908675799,73350.08845439712,-0.2664991154560288,2008-05-23,2012-10-11
TFT,1,NVDA,0.06834800064666169,0.255093806708069,0.3844812965686074,0.5426647873132541,-0.4459373539374707,0.15326816657804684,0.5168641750227895,133699.86599783893,0.3369986599783894,0.04047572205073451,0.07600552754689538,0.2550790350913687,0.4124945622512669,0.5806552131350309,-0.4410463403627427,0.17233002655544974,0.5234159779614325,137961.07313840953,0.3796107313840953,2008-05-23,2012-10-11
TFT,1,AAPL,-0.03477937838455558,0.17172736600498878,-0.1213168944274028,-0.16165256297342118,-0.3988896349474209,-0.08719047911370266,0.4676390154968095,85598.63009907238,-0.14401369900927619,0.05749777982993535,-0.024938990952076745,0.17173194447514617,-0.062252962910286244,-0.0822276290459252,-0.37898049646695975,-0.0658054733279684,0.4835766423357664,89499.00784363814,-0.10500992156361855,2008-05-23,2012-10-11
TFT,1,MSFT,-0.024521821955448053,0.1437891829434633,-0.10036119781799796,-0.11372270509867131,-0.23167202290793332,-0.10584714393931394,0.4949863263445761,89667.33753959437,-0.10332662460405628,0.039201047246296805,-0.017751526258822814,0.14378513131064047,-0.0522709812254021,-0.058741374398680386,-0.22739431277575273,-0.0780649526460614,0.504147465437788,92433.53393931195,-0.07566466060688049,2008-05-23,2012-10-11
TFT,1,JPM,-0.11630862675194298,0.2404071176311343,-0.39297880007361274,-0.450571014394972,-0.5067740731460637,-0.22950784760928408,0.48495897903372837,58090.655161860006,-0.41909344838139995,0.059956784528515626,-0.10691042219651892,0.2404221050827543,-0.3489634357711438,-0.398061385271627,-0.49119185968266676,-0.21765511803389437,0.4912923923006416,60853.95981616765,-0.39146040183832354,2008-05-23,2012-10-11
TFT,1,BAC,-0.19882644411827022,0.3467894611172272,-0.4605517811124434,-0.5254979113583724,-0.6838057320778279,-0.29076451803659437,0.47766636280765723,37764.586558009854,-0.6223541344199015,0.04602910411177281,-0.19228927393281325,0.34679120848874084,-0.4371361393037405,-0.4952495518488442,-0.6809199669533403,-0.28239629217098544,0.4838709677419355,39137.060080379546,-0.6086293991962045,2008-05-23,2012-10-11
TFT,1,MS,-0.11071824777118333,0.3590114520237009,-0.15529999297620253,-0.20538917545688284,-0.4534475882016774,-0.24416989008648068,0.47128532360984504,59722.403868004716,-0.40277596131995286,0.06272801329653066,-0.10081822040109545,0.35900822257909676,-0.12447975177588877,-0.16324185279761141,-0.4522393415945075,-0.22293111440864502,0.481651376146789,62698.71674786165,-0.3730128325213835,2008-05-23,2012-10-11
TFT,1,CAT,0.10628288324671042,0.18399511111667988,0.6409603268993781,0.807645081452561,-0.23193211575185002,0.4582499620726314,0.5168641750227895,155846.8105809435,0.5584681058094352,0.048745455064462394,0.11583766025404318,0.18397363275760464,0.6877739105653193,0.8633153485458069,-0.22735324887047637,0.5095051899611787,0.5228519195612431,161846.92741618364,0.6184692741618363,2008-05-23,2012-10-11
TFT,1,RTX,0.0766592147380738,0.1274704355164658,0.6432126466768833,0.8245764514744429,-0.15151003964328802,0.5059678877951495,0.4949863263445761,138329.63185579455,0.38329631855794544,0.051068107783977044,0.08640030582270386,0.12746185853369618,0.7139313004026042,0.9059745111513556,-0.15077136843388916,0.5730551279077168,0.5119047619047619,143912.46030295006,0.4391246030295006,2008-05-23,2012-10-11
TFT,1,BA,-0.021824751844905288,0.15647574480754856,-0.06295275052204191,-0.08106577908273585,-0.2447263677280358,-0.08918022217025309,0.4949863263445761,90761.52759209927,-0.09238472407900733,0.05210412974835057,-0.012790927690213727,0.15647102388865752,-0.004214262945454233,-0.005405459952645819,-0.23735656516774906,-0.053889083207679066,0.5050228310502283,94501.81314168869,-0.05498186858311305,2008-05-23,2012-10-11
SingleAgentA2C,1,PORTFOLIO,-0.031697342032742104,0.09673879741804328,-0.28463198923098065,-0.39748103528500145,-0.2803852328354418,-0.11304925624005771,0.5018083182640145,86805.8244215624,-0.13194175578437595,0.030864197530864203,-0.02409012705401148,0.09716414405479076,-0.20243162527901265,-0.2821214484948406,-0.2644643411006532,-0.09109026552975984,0.5045207956600362,89841.78584483324,-0.10158214155166756,2008-05-23,2012-10-11
SingleAgentA2C,1,NVDA,-0.093894271259645,0.4953277529574881,0.046751380624269916,0.05987234039698089,-0.7442457968104013,-0.1261602976624735,0.4700460829493088,7205.272511237129,-0.3515254739886584,0.12466124661246612,-0.07378159006991403,0.4954184392774301,0.0911300360167594,0.11648703510544968,-0.734333712225375,-0.10047419700550211,0.5080946450809465,7934.768332819299,-0.2858708500462631,2008-05-23,2012-10-11
SingleAgentA2C,1,AAPL,-0.32545586366755397,0.335735555021017,-1.0037000799217104,-1.3399874816728294,-0.9104685191697826,-0.3574597658404744,0.46153846153846156,1970.7179815187123,-0.8226353816633158,0.051490514905149054,-0.3192886129978175,0.3357229949731684,-0.9766828054303883,-1.3026544231241675,-0.9071078585834116,-0.3519852793431156,0.4633484162895928,2051.1049392562413,-0.8154005554669383,2008-05-23,2012-10-11
SingleAgentA2C,1,MSFT,0.03035049938469836,0.32765212168760494,0.2537722596304207,0.36176996232310066,-0.46960910351179597,0.06462928243454717,0.5009140767824497,12670.643701427636,0.1403579331284872,0.0009033423667570009,0.030512502503056593,0.3276585584517556,0.25425360253218393,0.36246327051753446,-0.46960910351179574,0.06497425683378,0.5009140767824497,12679.397569278011,0.14114578123502097,2008-05-23,2012-10-11
SingleAgentA2C,1,JPM,0.020991137753282096,0.6026957205705277,0.33105424086451046,0.4854595267748561,-0.6865538890430816,0.03057463964342192,0.4909090909090909,12172.77869561547,0.09555008260539233,0.0948509485094851,0.038375646947792275,0.6024599616676591,0.35895610550487367,0.5263150168618628,-0.6855420774496964,0.055978543418595914,0.4909090909090909,13109.932227586598,0.17989390048279374,2008-05-23,2012-10-11
SingleAgentA2C,1,BAC,0.010741358713056703,0.04066032092375164,0.2829521573146582,0.04683976766293286,-0.04504194109836046,0.23847459614585065,0.4666666666666667,11645.027284155201,0.04805245557396809,0.008130081300813009,0.012191258926041337,0.04069280951337498,0.3179694894178402,0.04984185249436959,-0.043673002199900224,0.2791486344410092,0.6363636363636364,11718.587407942836,0.05467286671485527,2008-05-23,2012-10-11
SingleAgentA2C,1,MS,-0.04215555782334646,0.13771946635938914,-0.24352380059777118,-0.09215849508615498,-0.25070742843058014,-0.16814642504707097,0.3431372549019608,9195.789593829883,-0.17237893655531056,0.06142728093947606,-0.03164421254421923,0.13720442283167175,-0.1654625633625804,-0.051142530270684466,-0.222971364371644,-0.14192052254510726,0.5223880597014925,9647.416577849357,-0.13173250799355785,2008-05-23,2012-10-11
SingleAgentA2C,1,CAT,-0.018698328543848453,0.1446568515961809,-0.05759786821668109,-0.04505992256599522,-0.3392823430980393,-0.05511141067086232,0.44144144144144143,10226.975454578984,-0.07957220908789153,0.07317073170731707,-0.005949308881941562,0.1446731316082637,0.031625712027046345,0.023626534119143557,-0.327586791368612,-0.018161015763444484,0.5194805194805194,10823.645011609036,-0.02587194895518674,2008-05-23,2012-10-11
SingleAgentA2C,1,RTX,-0.02529145341686534,0.05025563597719355,-0.48379556130394175,-0.08185338750144823,-0.17585837096707901,-0.14381717104385064,0.35294117647058826,9928.553094659717,-0.10643022148062542,0.01987353206865402,-0.021865372942986183,0.05020850386950901,-0.41442705828162796,-0.05638830450405584,-0.17004032033999728,-0.12858934221757615,0.5217391304347826,10082.774630435033,-0.09255028326084702,2008-05-23,2012-10-11
SingleAgentA2C,1,BA,0.013593414941639681,0.1797690054114373,0.16469871018926732,0.23948602730532503,-0.3796252927885052,0.0358074532963555,0.5045289855072463,11790.066104539674,0.061105949408570615,0.00045167118337850043,0.013673506843435268,0.17977265936293527,0.16513856014158698,0.24013048754771502,-0.379625292788506,0.03601842949661668,0.5045289855072463,11794.159148056839,0.061474323325115376,2008-05-23,2012-10-11
SingleAgentPPO,1,PORTFOLIO,-0.03269335008670948,0.11062204341203878,-0.24509041894852626,-0.3159576603569607,-0.29135689772770823,-0.11221066101981743,0.5180831826401446,86414.27209991137,-0.1358572790008863,0.00045167118337850043,-0.032626155027485115,0.1106633600629413,-0.24432988015649287,-0.3149833630312496,-0.291434856257341,-0.11195007847199914,0.5180831826401446,86440.6449400809,-0.13559355059919098,2008-05-23,2012-10-11
SingleAgentPPO,1,NVDA,-0.12691545056342612,0.5759733896312399,0.056268828815606645,0.0801291472631772,-0.762575507738266,-0.166430011553671,0.5,6121.054540570355,-0.44910509134866805,0.0009033423667570009,-0.12677775532134872,0.5759762526499187,0.05654520912478713,0.08052312455079631,-0.7625755077382661,-0.1662494455104659,0.5,6125.296359766888,-0.4487233276209801,2008-05-23,2012-10-11
SingleAgentPPO,1,AAPL,0.0,0.0,0.0,0.0,0.0,0.0,0.0,11111.111111111111,0.0,0.0,0.0,0.0,0.0,0.0,0.0,0.0,0.0,11111.111111111111,0.0,2008-05-23,2012-10-11
SingleAgentPPO,1,MSFT,0.028623321344677155,0.16382606084380247,0.2537722596304207,0.36176996232310066,-0.2498703068228192,0.11455271219950795,0.5009140767824497,12577.605188179448,0.1319844669361503,0.00045167118337850043,0.02870472826335546,0.1638292792258778,0.25425360253218393,0.36246327051753446,-0.24987030682281974,0.11487850888865184,0.5009140767824497,12581.978478365394,0.13237806305288546,2008-05-23,2012-10-11
SingleAgentPPO,1,JPM,-0.13520358467608973,0.30124424356320095,-0.32966919777749404,-0.3881453785709663,-0.5550535242491375,-0.24358657096897054,0.5063636363636363,5869.879433630314,-0.4717108509732717,0.00045167118337850043,-0.13513410082292754,0.3012421434235117,-0.3294070085483119,-0.3878297843149824,-0.5550535242491377,-0.2434613869099084,0.5063636363636363,5871.951508624122,-0.47152436422382904,2008-05-23,2012-10-11
SingleAgentPPO,1,BAC,-0.2412044438086095,0.8331165517579473,0.08169391992573803,0.11356660182608977,-0.915543163959269,-0.26345502135095433,0.4867337602927722,3304.933832392344,-0.702555955084689,0.0009033423667570009,-0.24108432806542346,0.8331177871481563,0.08188506777071715,0.11383249432930231,-0.9155431639592689,-0.2633238251955851,0.4867337602927722,3307.232634718541,-0.7023490628753313,2008-05-23,2012-10-11
SingleAgentPPO,1,MS,0.0,0.0,0.0,0.0,0.0,0.0,0.0,11111.111111111111,0.0,0.0,0.0,0.0,0.0,0.0,0.0,0.0,0.0,11111.111111111111,0.0,2008-05-23,2012-10-11
SingleAgentPPO,1,CAT,0.0,0.0,0.0,0.0,0.0,0.0,0.0,11111.111111111111,0.0,0.0,0.0,0.0,0.0,0.0,0.0,0.0,0.0,11111.111111111111,0.0,2008-05-23,2012-10-11
SingleAgentPPO,1,RTX,0.0438699026046403,0.3069813919945947,0.2924207993805806,0.422001837954724,-0.46020007282544284,0.09532789148705864,0.5036363636363637,13417.3996672659,0.20756597005393096,0.0009033423667570009,0.04403445665919126,0.30698688774843236,0.29293464061309205,0.4227509469141865,-0.4602000728254424,0.09568546217048053,0.5036363636363637,13426.693477215795,0.20840241294942152,2008-05-23,2012-10-11
SingleAgentPPO,1,BA,0.013593414941639681,0.1797690054114373,0.16469871018926732,0.23948602730532503,-0.3796252927885052,0.0358074532963555,0.5045289855072463,11790.066104539674,0.061105949408570615,0.00045167118337850043,0.013673506843435268,0.17977265936293527,0.16513856014158698,0.24013048754771502,-0.379625292788506,0.03601842949661668,0.5045289855072463,11794.159148056839,0.061474323325115376,2008-05-23,2012-10-11
SingleAgentDQN,1,PORTFOLIO,-0.11647540882128093,0.13553493598293653,-0.8453264999512323,-0.9598544326580095,-0.42956514327475204,-0.2711472535535377,0.47377938517179025,58042.508847539226,-0.4195749115246078,0.035782394860985646,-0.09945534815449775,0.13699835444891292,-0.6956105945217935,-0.785683430807866,-0.38323506448636546,-0.2595152619653782,0.48282097649186256,63117.25000470759,-0.3688274999529241,2008-05-23,2012-10-11
SingleAgentDQN,1,NVDA,0.043582042194427295,0.11816306376152877,0.4208202590853885,0.17535423521009277,-0.20207239195936733,0.21567539123895144,0.4453125,13401.153615617677,0.2061038254055909,0.02981029810298103,0.049095043240472425,0.11811331578432399,0.465518619358861,0.17721145668618302,-0.19886882342432444,0.24687149244966777,0.5277777777777778,13714.945543120732,0.23434509888086574,2008-05-23,2012-10-11
SingleAgentDQN,1,AAPL,-0.25422308968780594,0.33733441143163645,-0.7000275619000424,-0.900360682471077,-0.7645768983423131,-0.33250166234291095,0.4878048780487805,3062.998138953932,-0.7243301674941461,0.23215898825654924,-0.2230057847735849,0.33734015390773825,-0.578616384056086,-0.7411109505512086,-0.7257190684483494,-0.30728941055716047,0.5019193857965452,3667.570549484273,-0.6699186505464154,2008-05-23,2012-10-11
SingleAgentDQN,1,MSFT,0.027417930110131605,0.2832367395812956,0.2367025767157382,0.3386133788597948,-0.44726395426005705,0.06130145264107228,0.49816176470588236,12512.987221166664,0.12616884990499977,0.036133694670280034,0.03401363922557543,0.2831565585271082,0.25928006118306457,0.37109081681920114,-0.4402045901655546,0.07726779771374805,0.5004616805170822,12869.726214899238,0.1582753593409314,2008-05-23,2012-10-11
SingleAgentDQN,1,JPM,-0.2066097712711752,0.5972845166392765,-0.07992024116234671,-0.09220553384760302,-0.7912730490960229,-0.2611105881935612,0.5199637023593466,4019.9214827054625,-0.6382070665565084,0.15853658536585366,-0.18411430015004282,0.5973758293914291,-0.03309351999385344,-0.03811018446944485,-0.7845076436912087,-0.23468770716338913,0.5236363636363637,4545.249452822562,-0.5909275492459695,2008-05-23,2012-10-11
SingleAgentDQN,1,BAC,-0.2532999122663816,0.6503870439908715,-0.1271654359241323,-0.18181077118964542,-0.8313754058811438,-0.30467573430070194,0.4813126709206928,3079.6891252067485,-0.7228279787313927,0.33785004516711836,-0.20751153659914634,0.6507266776440674,-0.03551414871247673,-0.05072721722148942,-0.7987768306404077,-0.2597866245479066,0.48762603116406966,3999.8890404061817,-0.6400099863634436,2008-05-23,2012-10-11
SingleAgentDQN,1,MS,-0.2993692102645704,0.6667594405764103,-0.24027626416350933,-0.250218667503997,-0.9007241334290128,-0.33236503736708645,0.4056603773584906,2328.1647084391216,-0.7904651762404791,0.15085817524841916,-0.2803487062524397,0.6666201380665974,-0.2004066150043063,-0.1912901975117693,-0.8908411495970907,-0.31470111857679195,0.473568281938326,2618.878395956127,-0.7643009443639486,2008-05-23,2012-10-11
SingleAgentDQN,1,CAT,-0.26406809688583865,0.41943052761643757,-0.5213472825650954,-0.7612502807126579,-0.8217629798290389,-0.32134338412369934,0.4786169244767971,2889.31055128535,-0.7399620503843185,0.19060523938572718,-0.23884605773974377,0.4193466475838524,-0.4412726383678311,-0.6432485224472303,-0.7989093879237612,-0.2989651409160015,0.4831050228310502,3350.295548270346,-0.6984734006556689,2008-05-23,2012-10-11
SingleAgentDQN,1,RTX,-0.08070477810370291,0.29493948023588296,-0.1381474803559551,-0.189880702598666,-0.5912881141547192,-0.13648976898356074,0.48175182481751827,7677.512616152628,-0.3090238645462635,0.15266485998193316,-0.05560666807552983,0.29494507130613334,-0.04683944942728043,-0.06415170863150037,-0.5808356169443731,-0.0957356375080134,0.4903758020164986,8641.871067093836,-0.22223160396155472,2008-05-23,2012-10-11
SingleAgentDQN,1,BA,-0.0451356155886119,0.1966454366235978,-0.13713517481755008,-0.1936907025111099,-0.3709322995429363,-0.12168154578134102,0.48951686417502277,9070.771388011646,-0.18363057507895186,0.08762420957542909,-0.030244514930588107,0.1965758346363539,-0.05855295377805418,-0.08256688870937487,-0.36160638442188686,-0.08363932782586542,0.4963302752293578,9708.824192654287,-0.12620582266111424,2008-05-23,2012-10-11
MultiAgentA2C,1,PORTFOLIO,0.0029096203187510827,0.15318682127268554,0.09584433892670939,0.1193339572142718,-0.26860919743614275,0.010832169361746429,0.5162748643761302,101284.47822047687,0.012844782204768812,0.01811703302218208,0.006573581712989496,0.15321686996006167,0.11965522689280363,0.14861873548036192,-0.26393602896601964,0.024905965808236848,0.5189873417721519,102920.05206086539,0.029200520608653857,2008-05-23,2012-10-11
MultiAgentA2C,1,NVDA,-0.09473638946289087,0.5670663971442843,0.1118652028574676,0.15842065156889562,-0.7369532432078105,-0.12855142485094748,0.5009107468123861,7175.902310403364,-0.3541687920636972,0.03432700993676603,-0.08922859387119553,0.5670516092583264,0.12254666236453123,0.1735238431187826,-0.7356510071018711,-0.12129201620033855,0.5009107468123861,7369.681651131482,-0.33672865139816666,2008-05-23,2012-10-11
MultiAgentA2C,1,AAPL,0.0,0.0,0.0,0.0,0.0,0.0,0.0,11111.111111111111,0.0,0.0,0.0,0.0,0.0,0.0,0.0,0.0,0.0,11111.111111111111,0.0,2008-05-23,2012-10-11
MultiAgentA2C,1,MSFT,0.04636313147605109,0.18353526323416533,0.33632836649081266,0.5262586419601701,-0.21665709240309639,0.21399313985895846,0.4990859232175503,13558.747997351948,0.22028731976167526,0.011291779584462511,0.04843825056061912,0.18360472666179736,0.3470498083259069,0.5433764616754565,-0.21582205605418736,0.22443605369257313,0.5,13677.267063077223,0.23095403567694994,2008-05-23,2012-10-11
MultiAgentA2C,1,JPM,0.05569921622016594,0.30124013584045495,0.3291447145329464,0.4760189078945773,-0.38968578521186226,0.1429336617702996,0.49363636363636365,14098.282946453315,0.2688454651807983,0.00045167118337850043,0.05578266646674024,0.3012421434235117,0.3294070085483119,0.4764014202322696,-0.3896857852118626,0.14314780929566773,0.49363636363636365,14103.179144378506,0.2692861229940655,2008-05-23,2012-10-11
MultiAgentA2C,1,BAC,-0.026501562252774558,0.5433789574286289,0.22817426551766606,0.26136586046703336,-0.7641219326418363,-0.03468237348082577,0.5118829981718465,9874.518989633707,-0.11129329093296636,0.05555555555555555,-0.016903399133663122,0.5434836132940967,0.2461621495782563,0.2814996521200874,-0.7624086755218745,-0.02217104772855925,0.5142332415059688,10309.405704206778,-0.07215348662138998,2008-05-23,2012-10-11
MultiAgentA2C,1,MS,-0.14262301572200153,0.27682282431469935,-0.4164614081397883,-0.48428810668687083,-0.5916963572984255,-0.2410408885618148,0.4298056155507559,5651.852861115965,-0.4913332424995631,0.08988256549232158,-0.12890963636696706,0.2768123456549939,-0.3591990755730717,-0.4007401882858406,-0.5700916044517321,-0.22612091699007197,0.4824242424242424,6059.875922027309,-0.45461116701754223,2008-05-23,2012-10-11
MultiAgentA2C,1,CAT,0.03077385218622597,0.4245118497734186,0.2828997145483899,0.4169574224939218,-0.7262794039808915,0.04237191915060231,0.5086128739800544,12693.529492138245,0.14241765429244202,0.0009033423667570009,0.030937373720348438,0.42451338208908557,0.2832740634111963,0.41751067111790335,-0.7262794039808916,0.042597068773772354,0.5086128739800544,12702.377752898881,0.14321399776089927,2008-05-23,2012-10-11
MultiAgentA2C,1,RTX,0.07616197163883887,0.16404319474884105,0.5289210228244149,0.7764854129404206,-0.22601433571314922,0.3369784991669794,0.5023169601482854,15338.801062500832,0.3804920956250748,0.037037037037037035,0.08320609697861348,0.16409469893204034,0.5685694193321555,0.8347924214977356,-0.21729326391468617,0.38292073799067194,0.5060690943043884,15784.774276925124,0.42062968492326114,2008-05-23,2012-10-11
MultiAgentA2C,1,BA,0.013430257581140692,0.18001581838382374,0.16382482445367272,0.23833004043875874,-0.3796252927885052,0.03537766802230136,0.5045289855072463,11781.731449768404,0.06035583047915627,0.002258355916892502,0.013834295036164068,0.1800146209185999,0.16603892326540287,0.2415822938870464,-0.379625292788506,0.03644197396476248,0.5045289855072463,11802.379435108982,0.062214149159808274,2008-05-23,2012-10-11
MultiAgentPPO,1,PORTFOLIO,0.04875716418316123,0.25855873512709726,0.31304440688411167,0.41447845134998523,-0.4858764225344281,0.10034889927120595,0.5370705244122965,123259.9707491528,0.23259970749152803,0.0007025996185887784,0.04889417469079893,0.25859019551902895,0.31354281333019285,0.4151468310191057,-0.48591282806918523,0.10062334613614539,0.5370705244122965,123330.72366201309,0.23330723662013075,2008-05-23,2012-10-11
MultiAgentPPO,1,NVDA,-0.02512617941985351,0.28798669481561995,0.056268828815606645,0.0801291472631772,-0.48400198984380516,-0.05191338041391547,0.5,9935.9506414851,-0.10576444226634096,0.00045167118337850043,-0.02504890790871761,0.28798812632495935,0.05654520912478713,0.08052312455079631,-0.48400198984380516,-0.05175372918776899,0.5,9939.410719570498,-0.10545303523865512,2008-05-23,2012-10-11
MultiAgentPPO,1,AAPL,0.32822001022263114,0.3593829921072987,0.9702960363289972,1.3357428597742682,-0.587182723071903,0.5589742295303182,0.5366515837104072,38660.28694268823,2.479425824841941,0.0009033423667570009,0.3284257758350557,0.3593951074142623,0.9707067101420944,1.33635325628704,-0.5871827230719029,0.5593246581181147,0.5366515837104072,38686.603499496276,2.481794314954665,2008-05-23,2012-10-11
MultiAgentPPO,1,MSFT,0.03035049938469836,0.32765212168760494,0.2537722596304207,0.36176996232310066,-0.46960910351179597,0.06462928243454717,0.5009140767824497,12670.643701427636,0.1403579331284872,0.0009033423667570009,0.030512502503056593,0.3276585584517556,0.25425360253218393,0.36246327051753446,-0.46960910351179574,0.06497425683378,0.5009140767824497,12679.397569278011,0.14114578123502097,2008-05-23,2012-10-11
MultiAgentPPO,1,JPM,0.0,0.0,0.0,0.0,0.0,0.0,0.0,11111.111111111111,0.0,0.0,0.0,0.0,0.0,0.0,0.0,0.0,0.0,11111.111111111111,0.0,2008-05-23,2012-10-11
MultiAgentPPO,1,BAC,-0.050638335737811735,0.41655827587897365,0.08169391992573803,0.11356660182608977,-0.6618570386538445,-0.07650947679094777,0.4867337602927722,8843.376838879803,-0.20409608450081773,0.00045167118337850043,-0.05056294597665523,0.41655889357407816,0.08188506777071715,0.11383249432930231,-0.6618570386538447,-0.07639557037800115,0.4867337602927722,8846.46218857564,-0.20381840302819232,2008-05-23,2012-10-11
MultiAgentPPO,1,MS,-0.16383269979097437,0.8325832543256186,0.1658466990646779,0.2519572732228895,-0.7947868039463473,-0.20613414689008103,0.4858962693357598,5062.937077112664,-0.5443356630598603,0.0009033423667570009,-0.1637006940318455,0.8325849599161851,0.1660377507105622,0.2522480390447007,-0.7947868039463472,-0.20596805736962925,0.4858962693357598,5066.449166971539,-0.5440195749725615,2008-05-23,2012-10-11
MultiAgentPPO,1,CAT,0.03077385218622597,0.4245118497734186,0.2828997145483899,0.4169574224939218,-0.7262794039808915,0.04237191915060231,0.5086128739800544,12693.529492138245,0.14241765429244202,0.0009033423667570009,0.030937373720348438,0.42451338208908557,0.2832740634111963,0.41751067111790335,-0.7262794039808916,0.042597068773772354,0.5086128739800544,12702.377752898881,0.14321399776089927,2008-05-23,2012-10-11
MultiAgentPPO,1,RTX,0.0438699026046403,0.3069813919945947,0.2924207993805806,0.422001837954724,-0.46020007282544284,0.09532789148705864,0.5036363636363637,13417.3996672659,0.20756597005393096,0.0009033423667570009,0.04403445665919126,0.30698688774843236,0.29293464061309205,0.4227509469141865,-0.4602000728254424,0.09568546217048053,0.5036363636363637,13426.693477215795,0.20840241294942152,2008-05-23,2012-10-11
MultiAgentPPO,1,BA,-0.0050914988668310235,0.3595380108228746,0.16469871018926732,0.23948602730532503,-0.6372238193294413,-0.007990126408314228,0.5045289855072463,10864.735277044094,-0.022173825066031605,0.0009033423667570009,-0.004935553898691714,0.35954531872587053,0.16513856014158698,0.24013048754771502,-0.6372238193294413,-0.007745400829312156,0.5045289855072463,10872.218176895336,-0.021500364079419798,2008-05-23,2012-10-11
MultiAgentDQN,1,PORTFOLIO,0.018681712366109382,0.21471545908517717,0.19235328854910336,0.2583947560330462,-0.33551483224964584,0.05568073471103333,0.4936708860759494,108470.59554132,0.08470595541319992,0.03829167921308844,0.0327202676385423,0.21607815631741972,0.2558141449731417,0.34299546414650195,-0.33145092754820593,0.09871828653665027,0.5009041591320073,115192.4472973391,0.15192447297339084,2008-05-23,2012-10-11
MultiAgentDQN,1,NVDA,0.019117731173321717,0.310023027647616,0.2152771006099036,0.2678139271187603,-0.538361309837259,0.03551096786487277,0.45730337078651684,12074.966074731597,0.08674694672584371,0.12691960252935863,0.04220109492592239,0.3099950359207636,0.287519044089608,0.3479723348847596,-0.5319814250041028,0.07932813617617743,0.5087281795511222,13323.427891729578,0.199108510255662,2008-05-23,2012-10-11
MultiAgentDQN,1,AAPL,0.03943569647398504,0.0939888417010669,0.4580719828270975,0.1384900007725137,-0.1625948009232786,0.2425397137550113,0.375,13168.826258177627,0.18519436323598648,0.02981029810298103,0.0448914728412626,0.09425455028614659,0.5125714516734227,0.11811215412022588,-0.16259480092327872,0.27609414683834144,0.6129032258064516,13475.177103484508,0.21276593931360566,2008-05-23,2012-10-11
MultiAgentDQN,1,MSFT,0.025796338768449667,0.3268873014436233,0.240051996324714,0.34134550771695527,-0.4753891416706727,0.05426362637941815,0.5009140767824497,12426.462653019476,0.1183816387717529,0.007226738934056007,0.02710053187672079,0.3268996797659171,0.24394256393830246,0.34686501006481746,-0.47501840859753575,0.05705154029026693,0.5009140767824497,12496.015032939895,0.12464135296459045,2008-05-23,2012-10-11
MultiAgentDQN,1,JPM,-0.012528124280988928,0.5730265272403475,0.26182502755441367,0.36454106467646435,-0.6864968269182357,-0.01824935497113532,0.49363636363636365,10512.48610757163,-0.053876250318553254,0.037037037037037035,-0.006046543310375574,0.5730129845074384,0.2732329351175724,0.38032111780448824,-0.685158489790623,-0.00882502866194263,0.49363636363636365,10818.994935215876,-0.026290455830571102,2008-05-23,2012-10-11
MultiAgentDQN,1,BAC,0.17925769850589468,0.49792284016107935,0.5753402047356113,0.8653797161660338,-0.6450210935026368,0.27790982389812635,0.46494464944649444,22925.7930752745,1.063321376774705,0.12691960252935863,0.2059573060267781,0.49795199324885225,0.6202679191458446,0.9295528409442166,-0.6446353176904134,0.3194942944868082,0.4727954971857411,25295.13800213417,1.276562420192075,2008-05-23,2012-10-11
MultiAgentDQN,1,MS,-0.014102826012562963,0.8318315241635976,0.36381716282199933,0.542622662370605,-0.6693446709987116,-0.021069602289535683,0.5063752276867031,10439.042988889963,-0.0604861309999033,0.13911472448057813,0.010621598120595266,0.8315983557046137,0.3934284143554594,0.585991578690734,-0.6679312015024859,0.01590223378800449,0.5086916742909423,11638.967262265855,0.04750705360392682,2008-05-23,2012-10-11
MultiAgentDQN,1,CAT,-0.15439698863302065,0.2278802499903652,-0.6201959733200283,-0.5053599875077368,-0.607679881454352,-0.2540761893638875,0.41379310344827586,5318.760339948549,-0.5213115694046306,0.11472448057813911,-0.13709993805346254,0.2279049362999038,-0.5313312516840525,-0.40604145621590093,-0.6013986711977277,-0.22796847518871033,0.49318181818181817,5813.546041478802,-0.4767808562669078,2008-05-23,2012-10-11
MultiAgentDQN,1,RTX,-0.017535534446524337,0.11096297274654192,-0.10510792761173736,-0.05694369399045583,-0.1813172344083479,-0.09671190112591413,0.31543624161073824,10280.31723816326,-0.07477144856530671,0.06594399277326106,-0.00605851985131145,0.11115591623018635,-0.0002749991440866005,-0.00012477291436805004,-0.1761007211749821,-0.03440371970590294,0.4948453608247423,10818.422283620434,-0.026341994474160968,2008-05-23,2012-10-11
MultiAgentDQN,1,BA,0.004328518935405645,0.1848580335554753,0.11567281103437359,0.1611674026994633,-0.4157296320132555,0.010411860502807822,0.5027173913043478,11323.940805543392,0.019154672498905345,0.02122854561878952,0.008116399010027031,0.18475781623982152,0.1360037931937138,0.18968780685933748,-0.4088909701894683,0.01984978784507304,0.5040871934604905,11512.75874447,0.036148287002299995,2008-05-23,2012-10-11
GARL_DDAL,1,PORTFOLIO,-0.02975019570637094,0.15754700557857335,-0.11263028920506872,-0.14664389748909726,-0.33955917691854587,-0.08761417075029451,0.5099457504520796,87575.24674031464,-0.12424753259685362,0.026397671384121243,-0.024202063751008862,0.15674800266965416,-0.07763206196463227,-0.10079356244924373,-0.33284883732560167,-0.07271187709552897,0.5117540687160941,89796.5269727276,-0.10203473027272403,2008-05-23,2012-10-11
GARL_DDAL,1,NVDA,-0.10603655670676149,0.5755898846563539,0.09695005887367097,0.13800816757017287,-0.7421944346837741,-0.1428689730770352,0.5009107468123861,6790.662540614985,-0.3888403713446513,0.007226738934056007,-0.10490136203124811,0.5755997065337419,0.09916313247658774,0.14115564848789858,-0.7412941128710854,-0.14151112252187947,0.5009107468123861,6828.624210831805,-0.3854238210251376,2008-05-23,2012-10-11
GARL_DDAL,1,AAPL,-0.009960656636279874,0.029331329735819638,-0.32642574093733,-0.055631771394756606,-0.05692106121640328,-0.17499070508210154,0.24,10633.086323336129,-0.04302223089974844,0.01987353206865402,-0.0064838533103533935,0.029353658774913048,-0.2067479911556434,-0.026640841930370533,-0.05424348077663599,-0.11953239758069047,0.5,10798.100376545392,-0.02817096611091474,2008-05-23,2012-10-11
GARL_DDAL,1,MSFT,0.028623321344677155,0.16382606084380247,0.2537722596304207,0.36176996232310066,-0.2498703068228192,0.11455271219950795,0.5009140767824497,12577.605188179448,0.1319844669361503,0.00045167118337850043,0.02870472826335546,0.1638292792258778,0.25425360253218393,0.36246327051753446,-0.24987030682281974,0.11487850888865184,0.5009140767824497,12581.978478365394,0.13237806305288546,2008-05-23,2012-10-11
GARL_DDAL,1,JPM,0.10648942845430254,0.2859610485403375,0.49539391090730545,0.7428371595435296,-0.28631999573985545,0.37192452514234,0.49316317228805834,17330.518848100826,0.5597466963290743,0.0076784101174345075,0.1079803919246678,0.28598750849647697,0.5000841977335134,0.7491832470563258,-0.2848466460606829,0.3790825464087226,0.49587534372135655,17433.337300025363,0.5690003570022826,2008-05-23,2012-10-11
GARL_DDAL,1,BAC,-0.15484704052919562,0.5834641528331238,0.01353035161964655,0.014778553056783572,-0.8102542473363902,-0.19110919941269788,0.5105022831050229,5306.33633977123,-0.5224297294205893,0.07633242999096658,-0.14335293175833885,0.5835296379987598,0.03660399473272912,0.03995490510188034,-0.8074417656356817,-0.17753965407707162,0.5123513266239708,5630.746577831212,-0.493232807995191,2008-05-23,2012-10-11
GARL_DDAL,1,MS,-0.3422319577662447,0.3430378141636781,-1.0468143868004804,-1.2957500181502175,-0.9171915881823892,-0.3731302839840151,0.46642134314627415,1764.3191829234727,-0.8412112735368875,0.22538392050587172,-0.31547626040450194,0.3429061528607818,-0.9312728653065088,-1.1437054140951208,-0.9045731649871349,-0.348757041017228,0.47981220657276996,2102.048584567324,-0.8108156273889409,2008-05-23,2012-10-11
GARL_DDAL,1,CAT,0.03077385218622597,0.4245118497734186,0.2828997145483899,0.4169574224939218,-0.7262794039808915,0.04237191915060231,0.5086128739800544,12693.529492138245,0.14241765429244202,0.0009033423667570009,0.030937373720348438,0.42451338208908557,0.2832740634111963,0.41751067111790335,-0.7262794039808916,0.042597068773772354,0.5086128739800544,12702.377752898881,0.14321399776089927,2008-05-23,2012-10-11
GARL_DDAL,1,RTX,-0.02629690695580611,0.2469475395993872,0.01578674464960589,0.020355528688495904,-0.49456320993409886,-0.05317198373754935,0.4616161616161616,9883.64131678094,-0.11047228148971533,0.14634146341463414,-0.0008244407464507164,0.24692659077861587,0.12033184357404834,0.1523924242758432,-0.47981500918746045,-0.0017182470966192994,0.5027502750275028,11070.926794510971,-0.0036165884940125848,2008-05-23,2012-10-11
GARL_DDAL,1,BA,-0.010757401959233692,0.35114672691270893,0.14414932584819803,0.20894667439607786,-0.6410196549530145,-0.016781703768540747,0.5045289855072463,10595.54750846937,-0.04640072423775676,0.006323396567299007,-0.00963653161774658,0.35110027994506515,0.14734539978388572,0.21359013380659242,-0.6402466172326898,-0.015051280800823505,0.5045289855072463,10648.386897151262,-0.041645179256386444,2008-05-23,2012-10-11
GARL_DDAL_SECTOR,1,PORTFOLIO,-0.0068889980689395,0.16036545340712824,0.03726278583973611,0.048695120783020164,-0.2830365782312624,-0.024339603425076267,0.5189873417721519,97008.93441560605,-0.029910655843939482,0.04004817825956037,0.001444886087394126,0.1591441368699463,0.08883760073217388,0.1153198203367584,-0.2754678416544184,0.005245207856991065,0.523508137432188,100636.27539692358,0.0063627539692356905,2008-05-23,2012-10-11
GARL_DDAL_SECTOR,1,NVDA,-0.11039271268516249,0.5759453659044331,0.08877571571116187,0.1263613775378295,-0.7421944346837741,-0.14873826523934713,0.5009107468123861,6646.500161506412,-0.40181498546442296,0.005420054200542005,-0.1095460284718468,0.5759534888947787,0.09043448930159068,0.1287196896890116,-0.7412941128710854,-0.14777674147116474,0.5009107468123861,6674.333442120644,-0.39930999020914204,2008-05-23,2012-10-11
GARL_DDAL_SECTOR,1,AAPL,0.02389825374604526,0.05992487873790951,0.4238758754520211,0.2405165956295447,-0.1032418846457882,0.2314782786854153,0.3076923076923077,12325.77279164671,0.10931955124820392,0.0975609756097561,0.041657164695453996,0.06014524550704109,0.7084594330728975,0.32638069869274805,-0.08606782940133795,0.4840038953603078,0.5657894736842105,13292.908898432803,0.19636180085895227,2008-05-23,2012-10-11
GARL_DDAL_SECTOR,1,MSFT,0.028623321344677155,0.16382606084380247,0.2537722596304207,0.36176996232310066,-0.2498703068228192,0.11455271219950795,0.5009140767824497,12577.605188179448,0.1319844669361503,0.00045167118337850043,0.02870472826335546,0.1638292792258778,0.25425360253218393,0.36246327051753446,-0.24987030682281974,0.11487850888865184,0.5009140767824497,12581.978478365394,0.13237806305288546,2008-05-23,2012-10-11
GARL_DDAL_SECTOR,1,JPM,0.2043348641351681,0.3005921656141426,0.7667240523455621,1.2090531221607599,-0.23320465475965868,0.8762040549566051,0.49636363636363634,25145.9856543568,1.2631387088921118,0.01038843721770551,0.20647944453370037,0.3007808572502367,0.7723355993195415,1.2182631584508226,-0.23320465475965824,0.8854001852857484,0.4972677595628415,25343.283635436954,1.2808955271893256,2008-05-23,2012-10-11
GARL_DDAL_SECTOR,1,BAC,-0.2931205017730727,0.7510014656841347,-0.07110297710012026,-0.0797050806000274,-0.8989946713245183,-0.32605365873994413,0.5118829981718465,2420.7686864551215,-0.7821308182190391,0.11698283649503162,-0.2784081233382272,0.7511554804176768,-0.043616359745860526,-0.048876239237478684,-0.8971339617933822,-0.31033060300346427,0.5123513266239708,2650.042806916104,-0.7614961473775507,2008-05-23,2012-10-11
GARL_DDAL_SECTOR,1,MS,-0.2651158623291573,0.3730422184285063,-0.6354189551155504,-0.7657001500962543,-0.8561353165849923,-0.30966584042656775,0.46642134314627415,2871.2837471844196,-0.7415844627534023,0.2850045167118338,-0.22726077167112013,0.37333738654167037,-0.5002534078622615,-0.5938989074697492,-0.8277948632907075,-0.2745375475847934,0.4872037914691943,3580.158702652819,-0.6777857167612462,2008-05-23,2012-10-11
GARL_DDAL_SECTOR,1,CAT,0.03077385218622597,0.4245118497734186,0.2828997145483899,0.4169574224939218,-0.7262794039808915,0.04237191915060231,0.5086128739800544,12693.529492138245,0.14241765429244202,0.0009033423667570009,0.030937373720348438,0.42451338208908557,0.2832740634111963,0.41751067111790335,-0.7262794039808916,0.042597068773772354,0.5086128739800544,12702.377752898881,0.14321399776089927,2008-05-23,2012-10-11
GARL_DDAL_SECTOR,1,RTX,0.011337841110017566,0.23123938214541578,0.16465409482432206,0.19829027545444836,-0.45298006681101566,0.025029448182645395,0.46916299559471364,11675.246275199359,0.05077216476794222,0.14814814814814814,0.03816320633214332,0.23104320391660987,0.2779040603652498,0.3262762531727664,-0.442975764415382,0.08615190581026318,0.5157384987893463,13098.154002454794,0.1788338602209314,2008-05-23,2012-10-11
GARL_DDAL_SECTOR,1,BA,-0.009554913579020163,0.35106902210388563,0.14756399817599486,0.21379589098473076,-0.6390988142879409,-0.014950604453344006,0.5045289855072463,10652.242418939548,-0.04129818229544069,0.007226738934056007,-0.008270937421341218,0.35101216736271923,0.15121967333543537,0.2191164999799395,-0.6380624049941725,-0.012962583842275987,0.5045289855072463,10713.037677645172,-0.035826609011934574,2008-05-23,2012-10-11
ARIMAX,2,NVDA,-0.08514986195617236,0.16933956662812658,-0.4324507375807389,-0.375829215333845,-0.461428884118812,-0.18453517949744855,0.4831358249772106,67641.91380730443,-0.3235808619269557,0.1667466712891315,-0.05783666882904204,0.16937659717192147,-0.2586951704435173,-0.2150063615640726,-0.44817831470285274,-0.12904834288421205,0.5285977859778598,76973.29577021053,-0.23026704229789463,2012-10-12,2017-03-09
ARIMAX,2,AAPL,-0.09942889093460561,0.0966592809360689,-1.0347730228805228,-1.2042821170563933,-0.4163603198752699,-0.2388049153300482,0.45578851412944393,63125.39621747731,-0.36874603782522686,0.23178401272527424,-0.06182973736170261,0.09664695796576514,-0.6118528479694315,-0.6987319237630234,-0.30755843312949427,-0.2010341148267908,0.4949771689497717,75550.49339998922,-0.24449506600010773,2012-10-12,2017-03-09
ARIMAX,2,MSFT,-0.01692567237838538,0.09152844594545574,-0.14079815717369515,-0.1726892508135976,-0.14223985792168592,-0.11899387854917767,0.47584320875113945,92775.41725382592,-0.0722458274617408,0.16681583831648822,0.012438956106995969,0.09147134889075602,0.18081374727171667,0.21656864161200545,-0.12204735591446181,0.10191909536912823,0.518005540166205,105580.71032314417,0.05580710323144178,2012-10-12,2017-03-09
ARIMAX,2,JPM,-0.04161053348700616,0.08561564834748471,-0.4536160337444137,-0.5354452622058784,-0.24373618605037362,-0.17071955609581255,0.45578851412944393,82969.17708335473,-0.1703082291664526,0.3088384037338079,0.012073994178285696,0.08539579908408579,0.18317603156800175,0.2076756918349151,-0.13986407807911716,0.08632662756662779,0.5252525252525253,105413.62250481239,0.054136225048123876,2012-10-12,2017-03-09
ARIMAX,2,BAC,-0.1212603336385093,0.10410291410658135,-1.1891032630799176,-1.30121605751996,-0.4602132545100257,-0.2634872691087772,0.4740200546946217,56674.28038244694,-0.4332571961755306,0.5456038057764059,-0.032400461166579575,0.1036255720357346,-0.2658089405943897,-0.2838586641814368,-0.25691937305449286,-0.12611139744493852,0.5300187617260788,86529.27118921661,-0.13470728810783383,2012-10-12,2017-03-09
ARIMAX,2,MS,-0.05397465350175745,0.10562358538859334,-0.4724561503264395,-0.5696514774624458,-0.304304763639352,-0.17737038637267516,0.45487693710118504,78369.00300816917,-0.2163099699183083,0.24821020807828043,-0.01160582760746165,0.1054298201492251,-0.05803132190401517,-0.06869910393045636,-0.20611175033349638,-0.05630842292437473,0.49263351749539597,95001.17744359541,-0.04998822556404581,2012-10-12,2017-03-09
ARIMAX,2,CAT,4.847285807452195e-05,0.08186535204254142,0.04152022242189802,0.05551573461999381,-0.1232826241156676,0.0003931848338095335,0.4567000911577028,100021.29518512529,0.00021295185125280724,0.18961500956909047,0.03406151590953388,0.0818742677631028,0.45004561653064695,0.5944645181318602,-0.0905567216109231,0.3761345961250581,0.49085923217550276,115851.09677601854,0.15851096776018547,2012-10-12,2017-03-09
ARIMAX,2,RTX,-0.054501388567167575,0.06318893358497304,-0.8551960193666128,-1.0237118620906278,-0.26274108365440096,-0.20743382728396031,0.4621695533272562,78177.50218909846,-0.2182249781090153,0.16995092583030652,-0.02571828298096701,0.0631326827127051,-0.38109549792000674,-0.4468804564046283,-0.18385635499731123,-0.13988248043611612,0.5078196872125115,89185.21365720948,-0.10814786342790528,2012-10-12,2017-03-09
ARIMAX,2,BA,-0.034189048150475077,0.08005382372977222,-0.3945475441530246,-0.5120442500102398,-0.22283757564980078,-0.15342586657918364,0.46946216955332726,85828.84472522892,-0.14171155274771086,0.1795366443059036,-0.0031118440840381956,0.08008656290207095,0.0010641548323761965,0.0013615961882512486,-0.1387101725668809,-0.022434144709450057,0.505946935041171,98640.20981880264,-0.013597901811973623,2012-10-12,2017-03-09
RandomForest,2,NVDA,-0.13083743784733604,0.15412127048889557,-0.8273089276147567,-0.7568676221878499,-0.46425553082645155,-0.2818220336856812,0.47037374658158615,54010.65489888444,-0.45989345101115564,0.21138398241983636,-0.09780207699208199,0.15415816075732705,-0.585228625385276,-0.5183340810127686,-0.3970023331225383,-0.24635139099269351,0.5055350553505535,63627.85660982235,-0.36372143390177647,2012-10-12,2017-03-09
RandomForest,2,AAPL,-0.020637434782873387,0.08827721134445722,-0.19193538366839202,-0.2104377174703926,-0.2307106698606649,-0.08945158364516531,0.49407474931631723,91246.47331578315,-0.0875352668421685,0.18256393136309162,0.011447326460507723,0.0879403892392514,0.17353524581698962,0.18584962964279178,-0.14793440295769766,0.0773810975110443,0.5424657534246575,105127.1963504393,0.051271963504393,2012-10-12,2017-03-09
RandomForest,2,MSFT,-0.022292497714170967,0.07798131537061952,-0.2501440031703593,-0.2941538282884228,-0.20814569749064227,-0.1071004492666642,0.4457611668185962,90571.02983810077,-0.0942897016189923,0.22481138399845468,0.017269345291885507,0.07787478471252898,0.2587508885246202,0.2956381899411217,-0.14459393337790727,0.11943340144673122,0.4976915974145891,107811.50264591535,0.07811502645915347,2012-10-12,2017-03-09
RandomForest,2,JPM,-0.06861791236814263,0.08606775616734583,-0.782883901489117,-0.9573351807175835,-0.3019059074805778,-0.2272824435293866,0.45578851412944393,73178.44772445473,-0.2682155227554527,0.2582420956645474,-0.02519093582591292,0.08597662909867745,-0.2538731198734017,-0.30490249702522104,-0.17182477989667466,-0.14660828223415312,0.4995408631772268,89397.46515299863,-0.10602534847001366,2012-10-12,2017-03-09
RandomForest,2,BAC,-0.04046264263207533,0.06612746748396926,-0.5916488570120378,-0.7035478383065228,-0.228041018350694,-0.17743580924485108,0.4812785388127854,83406.60329105702,-0.16593396708942976,0.12425155723028447,-0.01918350985975581,0.065943224664242,-0.26092545437649933,-0.30608625669954204,-0.1762303802449442,-0.10885472659760749,0.5131332082551595,91843.03494746724,-0.08156965052532761,2012-10-12,2017-03-09
RandomForest,2,MS,-0.0032990457434478593,0.0965620752572835,0.014074133379019754,0.01593398476885925,-0.15663964769700545,-0.021061371063789292,0.4949863263445761,98558.86573482839,-0.014411342651716064,0.16217516740139135,0.025622370769400327,0.09660955748806359,0.31018387657798624,0.34408042002860006,-0.12383536943407025,0.206906725328111,0.5313075506445673,111754.86859891195,0.1175486859891195,2012-10-12,2017-03-09
RandomForest,2,CAT,-0.007246266344989261,0.09065843568468213,-0.03497938580594386,-0.047035468501442454,-0.13236465704338152,-0.05474472194351965,0.44758432087511396,96855.72324616119,-0.03144276753838815,0.2139620963717881,0.03092866685250617,0.09076316057662256,0.38090054579379695,0.5041944964928301,-0.09971059777405855,0.31018434893540275,0.4853747714808044,114317.15848519938,0.14317158485199388,2012-10-12,2017-03-09
RandomForest,2,RTX,-0.04512721543416609,0.06057145624138556,-0.7319377149381916,-0.8630545430279986,-0.2389016697280394,-0.18889451666678578,0.44758432087511396,81640.0973940702,-0.183599026059298,0.23359112947643218,-0.004946711925169489,0.06044208472571011,-0.0517695252629959,-0.05953022894509519,-0.15385765640386506,-0.03215122367511392,0.5059797608095676,97845.14371827482,-0.021548562817251815,2012-10-12,2017-03-09
RandomForest,2,BA,0.010102566710720629,0.08234314399203153,0.1631347517980575,0.22497270783322482,-0.11568450355230386,0.0873286084177472,0.43938012762078393,104514.58648050459,0.04514586480504579,0.2916339704851724,0.06342012064890223,0.08234264690702471,0.7878937972962037,1.065763034242155,-0.096195991205961,0.6592802865674122,0.4967978042086002,131011.88430932922,0.3101188430932922,2012-10-12,2017-03-09
LSTM,2,NVDA,-0.09586173241765605,0.12756296529421413,-0.726119604698145,-0.8986651733353568,-0.4048265674970394,-0.23679703881676964,0.4621695533272562,64231.18776915107,-0.35768812230848934,0.0884104260383907,-0.08164439526915379,0.12755740140422062,-0.6038878962129521,-0.7374438054748295,-0.36323478253066355,-0.22477031164343833,0.48247232472324725,68787.90513967235,-0.31212094860327644,2012-10-12,2017-03-09
LSTM,2,AAPL,-0.08604491318282292,0.11003284813453496,-0.7624216228185365,-0.8843034684578389,-0.447125289288717,-0.19244027399949223,0.4749316317228806,67351.68530528662,-0.32648314694713376,0.10669494708249158,-0.06866081767557786,0.10990040757912903,-0.5920854654326466,-0.6792674089209912,-0.41181423058436606,-0.1667276470221728,0.4949771689497717,73163.64030187803,-0.2683635969812197,2012-10-12,2017-03-09
LSTM,2,MSFT,-0.023330324140779735,0.0889708787786431,-0.2209096015260479,-0.26455542760489215,-0.18766997018440268,-0.1243157022823395,0.48951686417502277,90149.45947730394,-0.09850540522696061,0.1159319613393276,-0.0031484018730113528,0.0889529927128014,0.008947159365561005,0.010520102498301272,-0.16799817037543208,-0.018740691437147773,0.5170821791320406,98624.32041745844,-0.013756795825415558,2012-10-12,2017-03-09
LSTM,2,JPM,-0.07362370675299834,0.08527895043644422,-0.8540378389256436,-1.0689652594394574,-0.3086744818622047,-0.23851568911311782,0.4293527803099362,71466.404953644,-0.28533595046356,0.2153881173990899,-0.03773047169194432,0.08516253231552429,-0.4090647105034241,-0.5005457480678052,-0.20385200784631785,-0.18508756470227644,0.4756657483930211,84454.91635928466,-0.1554508364071534,2012-10-12,2017-03-09
LSTM,2,BAC,-0.04128005930807688,0.10464840870681884,-0.3505296514053244,-0.4393735182068695,-0.2220007973838184,-0.18594554521670278,0.47584320875113945,83094.92865063007,-0.16905071349369927,0.11483069242327085,-0.021657225013204773,0.10462906808050411,-0.15699495734798466,-0.19291122518138656,-0.1668423241207101,-0.12980654115999854,0.5075046904315197,90829.83106104769,-0.09170168938952306,2012-10-12,2017-03-09
LSTM,2,MS,-0.01401991091567234,0.11105994925326579,-0.07140279069483557,-0.08143860688663258,-0.27529730466513935,-0.05092643726652391,0.487693710118505,93986.1016648485,-0.06013898335151502,0.09793183238523437,0.003159196129340902,0.11108429350282367,0.08412696905173,0.0945077067622107,-0.242177103893638,0.013044982694682784,0.5101289134438306,101395.24614220383,0.01395246142203832,2012-10-12,2017-03-09
LSTM,2,CAT,0.0014199138052977123,0.08069979338179507,0.057910043246342024,0.07602972197005677,-0.14605505591715995,0.009721770988216007,0.4612579762989973,100625.25202546312,0.0062525202546313,0.21156409841790957,0.03949437128095323,0.08072723001236892,0.5201867508546462,0.6716731144130181,-0.10883100473282326,0.36289632148403567,0.5009140767824497,118548.82853671926,0.18548828536719264,2012-10-12,2017-03-09
LSTM,2,RTX,-0.0595011836229844,0.06318932635803019,-0.9390828376924385,-1.1433390630985065,-0.30795537016378904,-0.19321365817176078,0.4603463992707384,76377.70645652851,-0.23622293543471484,0.10519821207705746,-0.041880340273176664,0.06316847633869856,-0.6456234131579799,-0.7759658076737922,-0.26640659469648775,-0.15720459293017947,0.49034038638454464,82866.6196162733,-0.17133380383726704,2012-10-12,2017-03-09
LSTM,2,BA,-0.025309023612937076,0.0799589435497502,-0.28063568943293454,-0.34655289298428876,-0.16548403990138272,-0.1529393627809639,0.5050136736554239,89349.90223838256,-0.10650097761617439,0.0890990916724558,-0.00986612709806145,0.07994207561190911,-0.08408905356706327,-0.10279085057738752,-0.13698409471045225,-0.07202388802083778,0.5279048490393413,95737.92217761138,-0.0426207782238861,2012-10-12,2017-03-09
TCN,2,NVDA,-0.18859282261856125,0.19923083903012118,-0.9367125634495138,-0.8059366713621117,-0.6128927264204007,-0.3077093502480237,0.4457611668185962,39929.990960254545,-0.6007000903974545,0.2066125215543958,-0.15844187182700575,0.19919942028353094,-0.7538956736427951,-0.6271350968133447,-0.547502234055026,-0.2893903658685012,0.4806273062730627,46871.10981931774,-0.5312889018068225,2012-10-12,2017-03-09
TCN,2,AAPL,-0.04159222342732183,0.10781160483320144,-0.3401283863199846,-0.4155980709457389,-0.3292711659425206,-0.12631602074316584,0.47219690063810393,82976.14055267429,-0.17023859447325707,0.12578674401116083,-0.02008495499197427,0.10780830253516621,-0.1343218026291834,-0.16183660570706918,-0.2789757817883268,-0.07199533544891631,0.5013698630136987,91472.80829077127,-0.08527191709228732,2012-10-12,2017-03-09
TCN,2,MSFT,-0.04296094926533334,0.0943155118649893,-0.4183955947641547,-0.4811599537687807,-0.28289801325079,-0.15186020139083944,0.4448495897903373,82456.8454803394,-0.17543154519660598,0.18294823811669247,-0.011550659548988595,0.09414533219225285,-0.07636199598056007,-0.08495132810412041,-0.21588405693733315,-0.053503995213233936,0.494921514312096,95024.47308724005,-0.04975526912759942,2012-10-12,2017-03-09
TCN,2,JPM,-0.02611080010158906,0.09096467740320856,-0.2453720180046595,-0.2998335297827156,-0.1659155823877606,-0.15737400746703598,0.4658158614402917,89027.48261893296,-0.10972517381067037,0.13544910328874932,-0.002544441465715863,0.09080372343873837,0.017323467573755556,0.020775740251552568,-0.10903567088037602,-0.023335862889378577,0.5022956841138659,98887.07810001368,-0.011129218999863189,2012-10-12,2017-03-09
TCN,2,BAC,-0.019251915856506097,0.09187328582978435,-0.16578077998245994,-0.23014847195690177,-0.1276596156484764,-0.15080662556213695,0.4639927073837739,91814.8998554955,-0.08185100144504498,0.1436715150260517,0.005928215361210132,0.09181468661223602,0.11014392837708246,0.1512395484217439,-0.1154123372129463,0.051365525596037735,0.49437148217636023,102630.49411684182,0.026304941168418194,2012-10-12,2017-03-09
TCN,2,MS,-0.011441202486244584,0.11515840904414099,-0.04256236283747967,-0.06167035376105131,-0.2882273560027434,-0.03969506102722493,0.47037374658158615,95070.70623981162,-0.0492929376018838,0.13770177620870003,0.012848333386970223,0.11531314968746119,0.1681436972820749,0.2419474481676292,-0.2455835521449069,0.05231756473409525,0.49263351749539597,105768.37582526801,0.05768375825268013,2012-10-12,2017-03-09
TCN,2,CAT,-0.07883681546704557,0.08957997182326434,-0.8716926172837717,-1.0868939863054592,-0.34713227010298964,-0.22710886384505743,0.43482224247948953,69716.51313515876,-0.30283486864841236,0.19457623365586804,-0.04665960167632843,0.08955488118525158,-0.4886718836397702,-0.5986840535610763,-0.25311057929860903,-0.18434473108799387,0.473491773308958,81066.12515622568,-0.18933874843774323,2012-10-12,2017-03-09
TCN,2,RTX,-0.02504297537215705,0.06151001412265578,-0.3815311008979986,-0.46961564734072436,-0.14929185837934666,-0.16774508432016105,0.479489516864175,89457.08765631796,-0.10542912343682043,0.13597977565796515,-0.0013735633396630975,0.061525112003194715,0.008433125998532418,0.010254340037077508,-0.11157802481548307,-0.01231033926200579,0.5087396504139834,99398.01769049448,-0.006019823095055221,2012-10-12,2017-03-09
TCN,2,BA,-0.0028070088218674627,0.07788221157973733,0.002811588161890227,0.003750860472516096,-0.17357354557535198,-0.016171870042539865,0.46855059252506837,98772.77977696928,-0.012272202230307117,0.19649367601346437,0.03235695021514884,0.07793965597410972,0.44753157705060004,0.5873926799889378,-0.11615771588554624,0.27856048966244423,0.5114364135407137,115014.53113071722,0.15014531130717224,2012-10-12,2017-03-09
TFT,2,NVDA,-0.13994890277240923,0.1330604161144214,-1.0659502853881935,-1.2353578429394931,-0.5231454541874007,-0.26751432446219225,0.4658158614402917,51567.30115339755,-0.4843269884660245,0.05546736820574303,-0.13148660115062027,0.13305386416325857,-0.992465311774168,-1.1389017197794704,-0.5083278191402589,-0.25866497209026484,0.4806273062730627,53833.672863072956,-0.46166327136927043,2012-10-12,2017-03-09
TFT,2,AAPL,-0.04283342214288233,0.11299213009844998,-0.3309945868684918,-0.42964849861039733,-0.3843473226256471,-0.11144457010983767,0.479489516864175,82505.12299118344,-0.17494877008816567,0.06368302712456891,-0.03201666612497478,0.11297633681761222,-0.2316068848894937,-0.299287465938841,-0.3604258556108241,-0.0888301036858613,0.4904109589041096,86680.14228898783,-0.13319857711012173,2012-10-12,2017-03-09
TFT,2,MSFT,-0.060231181428676894,0.09911677030009915,-0.5770216009481338,-0.696745495377895,-0.2716163577315601,-0.22175093551693853,0.4667274384685506,76117.62755605282,-0.23882372443947186,0.05116102983014351,-0.05170929961026838,0.09911515994892775,-0.48597723942688764,-0.5801101194350715,-0.24344455733968196,-0.21240688300998897,0.4856879039704525,79196.73300266403,-0.20803266997335979,2012-10-12,2017-03-09
TFT,2,JPM,-0.05823702332915448,0.09721150788418756,-0.5687063692723066,-0.7689378602932905,-0.2784904335490417,-0.2091167821709001,0.4667274384685506,76829.71621465737,-0.23170283785342627,0.05788385932745429,-0.04856461807118795,0.09716018946778186,-0.46391522249847045,-0.6240365952218804,-0.24967496681102774,-0.19451136287902343,0.4820936639118457,80356.93147955147,-0.19643068520448537,2012-10-12,2017-03-09
TFT,2,BAC,0.008593794691523327,0.115322403282072,0.13197413293555033,0.1562217735300924,-0.27275716761822233,0.03150712689446916,0.5013673655423884,103830.54635049324,0.03830546350493247,0.04598646174657799,0.016809489482925155,0.11531430710398717,0.2023303666235613,0.23546825817550326,-0.264111351253535,0.06364546394217188,0.524390243902439,107597.57601876406,0.07597576018764052,2012-10-12,2017-03-09
TFT,2,MS,-0.06104525299899377,0.11832590517899079,-0.47333285392760494,-0.6773199452818464,-0.3445012083327479,-0.17719895176690117,0.4639927073837739,75828.40267831013,-0.24171597321689875,0.044278581209891164,-0.053678800754155875,0.11830933764855288,-0.4073794818265859,-0.5810803076641287,-0.32357447399763395,-0.1658931870953096,0.47605893186003684,78476.72258489017,-0.21523277415109832,2012-10-12,2017-03-09
TFT,2,CAT,0.0013232146991311033,0.09801447973215183,0.06216911775904886,0.08809586247983212,-0.1385991778343647,0.00954706023373698,0.49316317228805834,100582.5754900354,0.005825754900353974,0.05065488450814776,0.010308210762064451,0.09803854102229034,0.15329680759304945,0.21669081561585715,-0.13279960472714047,0.07762230003051918,0.4990859232175503,104608.08928873713,0.04608089288737127,2012-10-12,2017-03-09
TFT,2,RTX,-0.04637614326555761,0.07443942089368652,-0.6004386434393955,-0.6783828834968846,-0.32040576539590937,-0.14474191251912377,0.46946216955332726,81172.06196879975,-0.18827938031200242,0.05994363059937995,-0.0362382588828668,0.07445429304167646,-0.45829793109429484,-0.5109135073510684,-0.300349558144708,-0.12065361143433832,0.48942042318307266,85031.74717109687,-0.14968252828903128,2012-10-12,2017-03-09
TFT,2,BA,-0.06146134726891228,0.10075262862848887,-0.5794224751780759,-0.7879977109620069,-0.31818925573001544,-0.19315971913603022,0.4658158614402917,75680.90011557993,-0.2431909988442007,0.0737531787824255,-0.049161165262910145,0.10067892751791577,-0.4506233612324026,-0.6081138259523073,-0.2907428133898301,-0.1690881528238997,0.4839890210430009,80135.8389962509,-0.19864161003749103,2012-10-12,2017-03-09
SingleAgentA2C,2,PORTFOLIO,0.00632757633330816,0.054307811257521196,0.1432752636728647,0.20107141688251945,-0.10852995618031591,0.05830257890084538,0.5,102809.60196657055,0.02809601966570563,0.023637458596808193,0.01020581355393757,0.054033623702498076,0.21491715706370065,0.30038259552822155,-0.09880923260368679,0.10328805603492532,0.49819168173598555,104561.5229695018,0.04561522969501808,2012-10-12,2017-03-09
SingleAgentA2C,2,NVDA,-0.2911887403812905,0.31305341735431674,-0.9342105615182431,-1.031557933623983,-0.8283359678061195,-0.3515345846354051,0.4945155393053016,2449.964567088402,-0.7795031889620438,0.23577235772357724,-0.26105599730094176,0.3130823639400664,-0.8012829651349059,-0.8802052054621672,-0.7944554188332326,-0.3285974154274616,0.5004574565416285,2941.620924135883,-0.7352541168277705,2012-10-12,2017-03-09
SingleAgentA2C,2,AAPL,-0.12383567709108434,0.2542616973251238,-0.39314272555436025,-0.576921625129848,-0.6900833120774295,-0.17945032856726956,0.49818840579710144,6216.473393120304,-0.4405173946191727,0.1011743450767841,-0.1080804769503746,0.254410946528467,-0.3227611993092609,-0.4744335706287279,-0.683469921320853,-0.1581349428538151,0.5018115942028986,6722.723603601035,-0.3949548756759068,2012-10-12,2017-03-09
SingleAgentA2C,2,MSFT,0.23307320010716803,0.23417506796810914,1.0120350202140571,1.4100119479172348,-0.18051206974118617,1.2911779275554414,0.5164835164835165,27890.64442032237,1.5101579978290132,0.0009033423667570009,0.2332677084085124,0.2341814195114719,1.0126880250916406,1.4109600117008836,-0.18051206974118594,1.2922554638200443,0.5164835164835165,27909.976168411842,1.5118978551570659,2012-10-12,2017-03-09
SingleAgentA2C,2,JPM,-0.16387410513437306,0.14378506203588803,-1.1721530479246676,-1.2271899068312198,-0.5698793115781693,-0.28755931616565583,0.4017216642754663,5061.835851411426,-0.5444347733729716,0.17118337850045168,-0.13819803561563626,0.14359480154300663,-0.9634147563656101,-0.9759312031030912,-0.5091098928522496,-0.2714503048475295,0.4624183006535948,5781.1172323346555,-0.47969944908988105,2012-10-12,2017-03-09
SingleAgentA2C,2,BAC,0.0,0.0,0.0,0.0,0.0,0.0,0.0,11111.111111111111,0.0,0.0,0.0,0.0,0.0,0.0,0.0,0.0,0.0,11111.111111111111,0.0,2012-10-12,2017-03-09
SingleAgentA2C,2,MS,0.13868732979509146,0.1376359442399064,1.012678172645045,1.4562249119157586,-0.25692440303359576,0.5397981980596702,0.5378995433789955,19657.77454095908,0.7691997086863172,0.00045167118337850043,0.13877693490505516,0.13764288596151944,1.013205951950764,1.4570573388131207,-0.2569244030335953,0.5401469586635909,0.5378995433789955,19664.57076511431,0.7698113688602879,2012-10-12,2017-03-09
SingleAgentA2C,2,CAT,0.0,0.0,0.0,0.0,0.0,0.0,0.0,11111.111111111111,0.0,0.0,0.0,0.0,0.0,0.0,0.0,0.0,0.0,11111.111111111111,0.0,2012-10-12,2017-03-09
SingleAgentA2C,2,RTX,-0.06683393725117515,0.08398996702442516,-0.7815277151103828,-1.189928050381602,-0.270078449829933,-0.24746119985974493,0.4744525547445255,8199.575860335657,-0.2620381725697909,0.0013550135501355014,-0.06661109396377551,0.08399370342905364,-0.7786472075944794,-1.185540928265583,-0.26956849119132165,-0.24710267015776494,0.4748858447488584,8208.180942570749,-0.26126371516863267,2012-10-12,2017-03-09
SingleAgentA2C,2,BA,0.0,0.0,0.0,0.0,0.0,0.0,0.0,11111.111111111111,0.0,0.0,0.0,0.0,0.0,0.0,0.0,0.0,0.0,11111.111111111111,0.0,2012-10-12,2017-03-09
SingleAgentPPO,2,PORTFOLIO,0.06869526998895914,0.06205011885252208,1.1018959656961955,1.480801231446795,-0.1209901495242417,0.5677757260329304,0.5569620253164557,133890.88265189543,0.3389088265189544,0.00025092843521027806,0.06876465375748686,0.06206965905393149,1.102614856504322,1.481795998835158,-0.12102152424917256,0.5682018482588812,0.5569620253164557,133929.07267441062,0.3392907267441063,2012-10-12,2017-03-09
SingleAgentPPO,2,NVDA,0.0,0.0,0.0,0.0,0.0,0.0,0.0,11111.111111111111,0.0,0.0,0.0,0.0,0.0,0.0,0.0,0.0,0.0,11111.111111111111,0.0,2012-10-12,2017-03-09
SingleAgentPPO,2,AAPL,0.0,0.0,0.0,0.0,0.0,0.0,0.0,11111.111111111111,0.0,0.0,0.0,0.0,0.0,0.0,0.0,0.0,0.0,11111.111111111111,0.0,2012-10-12,2017-03-09
SingleAgentPPO,2,MSFT,0.0,0.0,0.0,0.0,0.0,0.0,0.0,11111.111111111111,0.0,0.0,0.0,0.0,0.0,0.0,0.0,0.0,0.0,11111.111111111111,0.0,2012-10-12,2017-03-09
SingleAgentPPO,2,JPM,0.0,0.0,0.0,0.0,0.0,0.0,0.0,11111.111111111111,0.0,0.0,0.0,0.0,0.0,0.0,0.0,0.0,0.0,11111.111111111111,0.0,2012-10-12,2017-03-09
SingleAgentPPO,2,BAC,0.0,0.0,0.0,0.0,0.0,0.0,0.0,11111.111111111111,0.0,0.0,0.0,0.0,0.0,0.0,0.0,0.0,0.0,11111.111111111111,0.0,2012-10-12,2017-03-09
SingleAgentPPO,2,MS,0.13868732979509146,0.1376359442399064,1.012678172645045,1.4562249119157586,-0.25692440303359576,0.5397981980596702,0.5378995433789955,19657.77454095908,0.7691997086863172,0.00045167118337850043,0.13877693490505516,0.13764288596151944,1.013205951950764,1.4570573388131207,-0.2569244030335953,0.5401469586635909,0.5378995433789955,19664.57076511431,0.7698113688602879,2012-10-12,2017-03-09
SingleAgentPPO,2,CAT,0.03464884094973231,0.11448731344261502,0.35474559953504564,0.5151176009941463,-0.24696371255627414,0.1402993200543059,0.499546690843155,12904.49218603217,0.16140429674289525,0.00045167118337850043,0.03473129906560901,0.11448703724170914,0.35544238390230554,0.5160637201594004,-0.24696371255627392,0.14063320763245746,0.499546690843155,12909.010611750275,0.16181095505752463,2012-10-12,2017-03-09
SingleAgentPPO,2,RTX,0.06151804349327206,0.08411218917696346,0.751897169518907,1.0688862761347182,-0.16220740770875008,0.3792554505508785,0.5246350364963503,14442.845641493182,0.2998561077343864,0.00045167118337850043,0.06160253222548495,0.08411297077658397,0.7528374182519553,1.0702328651855475,-0.16220740770874953,0.3797763190698108,0.5246350364963503,14447.896089470943,0.30031064805238494,2012-10-12,2017-03-09
SingleAgentPPO,2,BA,0.2661521348206215,0.21220025104724577,1.2189752788209602,1.6773359233631944,-0.29547767015854165,0.9007521098897754,0.5462794918330308,31330.214727855444,1.81971932550699,0.0009033423667570009,0.2663528644087976,0.21220340060620083,1.2197081151400122,1.6783692323744517,-0.29547767015854187,0.9014314491713805,0.5462794918330308,31352.039652519543,1.8216835687267587,2012-10-12,2017-03-09
SingleAgentDQN,2,PORTFOLIO,0.15430534842638477,0.1113791585791375,1.3440692896556192,1.9276454936101777,-0.14995092768060503,1.0290389717031605,0.5406871609403255,187830.43619600617,0.8783043619600617,0.049332530362340664,0.176429567614099,0.1113045477394891,1.515576029958589,2.1659186466571057,-0.1459771640631603,1.2086107354281987,0.546112115732369,204167.23869985016,1.0416723869985014,2012-10-12,2017-03-09
SingleAgentDQN,2,NVDA,0.4755051214188506,0.31242342755108415,1.3958427835376555,2.2163934406135968,-0.19743337078369805,2.408433384545713,0.5055611729019212,61360.64903377674,4.522458413039907,0.0957542908762421,0.5005960891479555,0.3124298406190369,1.4498776517899878,2.271732876370337,-0.19464232217984656,2.5718768844394093,0.5313496280552603,66078.35586075875,4.947052027468287,2012-10-12,2017-03-09
SingleAgentDQN,2,AAPL,-0.08104604587638786,0.13887992323928977,-0.5389307647268999,-0.6585303869921045,-0.4901880494685076,-0.16533664165061354,0.4454732510288066,7665.000395714288,-0.31014996438571407,0.1978319783197832,-0.04840643480143991,0.13894258600477444,-0.28752237459853464,-0.34442026597680164,-0.43228213581300257,-0.11197879993444758,0.48494983277591974,8935.070706008135,-0.19584363645926783,2012-10-12,2017-03-09
SingleAgentDQN,2,MSFT,0.06271344290907765,0.11984711520009649,0.5675051722218619,0.7506290809339337,-0.15023669913111837,0.4174309158266636,0.5096774193548387,14514.429504514499,0.30629865540630496,0.07542908762420958,0.07694093344349184,0.11987434269572048,0.6783732613679453,0.8943649489796484,-0.14126576989212092,0.5446537650433547,0.5166975881261595,15387.633711185794,0.3848870340067214,2012-10-12,2017-03-09
SingleAgentDQN,2,JPM,0.032830918303325296,0.08497657700950824,0.42254883648495106,0.27921725829699223,-0.10472304357209128,0.3135023313252399,0.3803418803418803,12805.186113119304,0.1524667501807373,0.12195121951219512,0.05530019508529649,0.08484065530382626,0.6767857775280904,0.3916139826405663,-0.09460834775534999,0.5845170790668346,0.5314285714285715,14074.889698215507,0.2667400728393956,2012-10-12,2017-03-09
SingleAgentDQN,2,BAC,0.1773760107906155,0.16273476981688423,1.0849099664476662,1.5918357669454313,-0.27698464353933383,0.6403821111672092,0.516309412861137,22765.52958912178,1.04889766302096,0.07723577235772358,0.19351692329994274,0.1627355033707446,1.1686261446744362,1.7147746860210882,-0.26829943803392486,0.7212721901991971,0.5254716981132076,24168.765789797733,1.175188921081796,2012-10-12,2017-03-09
SingleAgentDQN,2,MS,0.3193366200271832,0.27338034074631234,1.151069133398445,1.6592840903229815,-0.42937085019645127,0.7437314849880382,0.5414767547857794,37537.25603530104,2.3783530431770936,0.14272809394760613,0.3529486529159931,0.2733503110708293,1.2433017045125108,1.788192775331399,-0.4277755338538438,0.8250791010328877,0.5443732845379688,41923.50176396427,2.773115158756784,2012-10-12,2017-03-09
SingleAgentDQN,2,CAT,-0.019672269782791907,0.055259005391481604,-0.3319863125021789,-0.2528658303034554,-0.13015347698260737,-0.151146709552913,0.3610223642172524,10182.46180011115,-0.08357843798999653,0.08130081300813008,-0.005512953840802082,0.05530759389725258,-0.07239096362173794,-0.05095895425071994,-0.11169483433739602,-0.04935728562118755,0.4708333333333333,10844.531983750101,-0.023992121462490967,2012-10-12,2017-03-09
SingleAgentDQN,2,RTX,-0.025799653890479668,0.07053081157427947,-0.33485756918331877,-0.1691310215630406,-0.18478041153098756,-0.13962331654485508,0.3574660633484163,9905.833049399598,-0.10847502555403621,0.1070460704607046,-0.007216695604624901,0.07038967472279944,-0.06726624758059854,-0.027662341408157633,-0.1515097414271619,-0.04763189176251296,0.5192307692307693,10763.155253724017,-0.0313160271648385,2012-10-12,2017-03-09
SingleAgentDQN,2,BA,-0.00034891784701263084,0.08771533442278165,0.04002488380286329,0.02118980629207965,-0.12971249117187444,-0.002689932510434174,0.42424242424242425,11094.09067494778,-0.001531839254699796,0.1002710027100271,0.017506605560170474,0.08755014346551537,0.24213096754546956,0.11500728018876868,-0.11554616618169955,0.15151178216195293,0.5714285714285714,11991.333932445854,0.07922005392012688,2012-10-12,2017-03-09
MultiAgentA2C,2,PORTFOLIO,0.06677955944489056,0.053953653775092064,1.2252151672439566,1.732704880101524,-0.0698039748313467,0.9566727339845126,0.5397830018083183,132839.7602477183,0.3283976024771831,0.018769446953728796,0.07122263655113104,0.054643806733160424,1.2865096330999506,1.8114645928162743,-0.07260492020602982,0.9809615704972018,0.5397830018083183,135287.42647582508,0.3528742647582508,2012-10-12,2017-03-09
MultiAgentA2C,2,NVDA,0.28197460377828976,0.16932556156258652,1.550538976380797,2.6674905025661846,-0.13297672046522124,2.1204809593122538,0.5324794144556267,33086.92287745485,1.977823058970936,0.0031616982836495033,0.2826860931966426,0.16933926253885387,1.553707052534404,2.6731570257997572,-0.13297672046522158,2.1258314403277505,0.5324794144556267,33167.6652234166,1.9850898701074944,2012-10-12,2017-03-09
MultiAgentA2C,2,AAPL,0.0,0.0,0.0,0.0,0.0,0.0,0.0,11111.111111111111,0.0,0.0,0.0,0.0,0.0,0.0,0.0,0.0,0.0,11111.111111111111,0.0,2012-10-12,2017-03-09
MultiAgentA2C,2,MSFT,0.1321536076685399,0.12242660602367834,1.0751714653531348,1.5048176958761297,-0.09508059407156833,1.389911463627018,0.5164835164835165,19167.082555742927,0.7250374300168634,0.013098464317976514,0.13476940596616682,0.12244239477541222,1.093903486190854,1.5329910847849992,-0.09412851939689881,1.4317595435438983,0.5164835164835165,19362.383356357237,0.7426145020721513,2012-10-12,2017-03-09
MultiAgentA2C,2,JPM,-0.1127472105578956,0.10519292602252757,-1.0843471575775327,-1.5673489764893829,-0.43011363903168565,-0.2621335394332606,0.4644808743169399,6569.57119871569,-0.40873859211558794,0.00045167118337850043,-0.11267585201649088,0.10518621448505591,-1.0836588814519772,-1.566448417997622,-0.430113639031687,-0.2619676331821459,0.4644808743169399,6571.892555785962,-0.40852966997926343,2012-10-12,2017-03-09
MultiAgentA2C,2,BAC,0.0024100476077342226,0.005627078880235678,0.4305850089776234,0.07691648107826862,-0.005607016577489632,0.42982708797576746,0.3333333333333333,11229.226253037026,0.010630362773332402,0.0036133694670280035,0.0030485936908191125,0.0057315871246194396,0.533941841519335,0.058891886907015176,-0.004908857177502002,0.62103939482926,0.6,11260.682944948088,0.01346146504532797,2012-10-12,2017-03-09
MultiAgentA2C,2,MS,0.09417067162851533,0.21220889312581648,0.5302616873383762,0.6232548018504386,-0.3332816674943765,0.2825558103345252,0.47459893048128343,16498.80988017731,0.48489288921595763,0.15627822944896116,0.12477456830313272,0.21207215055921752,0.6605946374499682,0.77047477644253,-0.3228036973990479,0.3865338882685943,0.5354449472096531,18624.339728789422,0.676190575591048,2012-10-12,2017-03-09
MultiAgentA2C,2,CAT,0.03464884094973231,0.11448731344261502,0.35474559953504564,0.5151176009941463,-0.24696371255627414,0.1402993200543059,0.499546690843155,12904.49218603217,0.16140429674289525,0.00045167118337850043,0.03473129906560901,0.11448703724170914,0.35544238390230554,0.5160637201594004,-0.24696371255627392,0.14063320763245746,0.499546690843155,12909.010611750275,0.16181095505752463,2012-10-12,2017-03-09
MultiAgentA2C,2,RTX,0.0,0.0,0.0,0.0,0.0,0.0,0.0,11111.111111111111,0.0,0.0,0.0,0.0,0.0,0.0,0.0,0.0,0.0,11111.111111111111,0.0,2012-10-12,2017-03-09
MultiAgentA2C,2,BA,0.0010291881828474736,0.0023347966676498357,0.4417410070454522,0.0,-0.0003500000000000725,2.940537665277887,0.5,11161.433074336115,0.004528976690250319,0.0009033423667570009,0.0011883271899015835,0.00249565771741546,0.4771187236136979,0.0,0.0,0.0,1.0,11169.229832555287,0.005230684929975915,2012-10-12,2017-03-09
MultiAgentPPO,2,PORTFOLIO,0.08387892559892163,0.09042222524058455,0.9361356445082677,1.2805340575167454,-0.17330735324155944,0.4839894212798312,0.546112115732369,142451.01067676337,0.4245101067676338,0.01590886279233163,0.08715152136765258,0.09018078981571238,0.9718411199869615,1.328859808276302,-0.17083426102581678,0.51015247670069,0.5479204339963833,144350.1129796396,0.4435011297963962,2012-10-12,2017-03-09
MultiAgentPPO,2,NVDA,-0.24776090112042426,0.16902090561635572,-1.596838012627363,-1.7353706045351311,-0.7496677948235195,-0.3304942573646905,0.46752058554437326,3181.314721937087,-0.7136816750256622,0.00045167118337850043,-0.24770057152483604,0.1690183397275923,-1.5963908570810708,-1.734848198852438,-0.74966779482352,-0.3304137822582434,0.46752058554437326,3182.4356747049083,-0.7135807892765582,2012-10-12,2017-03-09
MultiAgentPPO,2,AAPL,0.12708697841891703,0.25604176378934135,0.5958848144327306,0.8010291628949707,-0.39272680549363803,0.3236014874492079,0.5135869565217391,18793.127840090616,0.6913815056081554,0.0009033423667570009,0.12726522637640447,0.2560461640074094,0.5964969211244145,0.8018657788820022,-0.3927268054936387,0.3240553601031593,0.5135869565217391,18806.187437629633,0.6925568693866668,2012-10-12,2017-03-09
MultiAgentPPO,2,MSFT,0.10500152039729782,0.09696613875364192,1.0783807303428679,1.313580132867508,-0.09222426712153386,1.1385454574437115,0.48708920187793425,17228.378651502277,0.5505540786352048,0.06052393857271906,0.116854977214216,0.09698710395143599,1.1882284715874498,1.4068612884408542,-0.09094858222202007,1.2848466062830344,0.532484076433121,18055.125262883164,0.6249612736594847,2012-10-12,2017-03-09
MultiAgentPPO,2,JPM,0.22830414487665585,0.21035953529677842,1.0829677920289638,1.5553731261396793,-0.23214153497068324,0.9834696100613274,0.5355191256830601,27419.884908083037,1.4677896417274732,0.0009033423667570009,0.22849644574943873,0.21037242897011182,1.0836588814519772,1.5564610733110944,-0.23214153497068357,0.9842979877698096,0.5355191256830601,27438.74758772047,1.4694872828948422,2012-10-12,2017-03-09
MultiAgentPPO,2,BAC,0.0,0.0,0.0,0.0,0.0,0.0,0.0,11111.111111111111,0.0,0.0,0.0,0.0,0.0,0.0,0.0,0.0,0.0,11111.111111111111,0.0,2012-10-12,2017-03-09
MultiAgentPPO,2,MS,0.13569171026453386,0.14172730024259636,0.9689259749647938,1.348700614237078,-0.2685983851208442,0.5051843859875972,0.5378995433789955,19431.60968353524,0.7488448715181715,0.005871725383920506,0.13687717788818254,0.1416737614229763,0.976603102329791,1.3614130814798957,-0.2665172981165176,0.5135770880745676,0.5378995433789955,19520.86911160719,0.7568782200446471,2012-10-12,2017-03-09
MultiAgentPPO,2,CAT,0.03464884094973231,0.11448731344261502,0.35474559953504564,0.5151176009941463,-0.24696371255627414,0.1402993200543059,0.499546690843155,12904.49218603217,0.16140429674289525,0.00045167118337850043,0.03473129906560901,0.11448703724170914,0.35544238390230554,0.5160637201594004,-0.24696371255627392,0.14063320763245746,0.499546690843155,12909.010611750275,0.16181095505752463,2012-10-12,2017-03-09
MultiAgentPPO,2,RTX,0.118852926923108,0.16822437835392692,0.751897169518907,1.0688862761347182,-0.3051804148601458,0.3894513577405497,0.5246350364963503,18197.441093181103,0.6377696983862993,0.0009033423667570009,0.11903084715359058,0.16822594155316795,0.7528374182519553,1.0702328651855475,-0.305180414860146,0.39003435789986207,0.5246350364963503,18210.15640133184,0.6389140761198655,2012-10-12,2017-03-09
MultiAgentPPO,2,BA,0.05715101533971878,0.08442681996211478,0.7006499117942881,0.6940797971119009,-0.1328026500709356,0.43034544347715925,0.47678018575851394,14183.650481290713,0.27652854331616417,0.08220415537488708,0.07259101288800474,0.08439954054750184,0.8726878901219104,0.8245933385924468,-0.13157663890306526,0.5517013771835574,0.5585585585585585,15116.469780901034,0.36048228028109297,2012-10-12,2017-03-09
MultiAgentDQN,2,PORTFOLIO,0.023309457036517545,0.06646966969222684,0.3798828468088664,0.5539612367868221,-0.146281096853216,0.15934702116642685,0.5171790235081374,110651.9998618594,0.10651999861859407,0.026146742948910978,0.04622075266276737,0.0665088465132443,0.7126651497989508,1.040905801374218,-0.12230408631828649,0.37791666700719717,0.5334538878842676,121955.80774348632,0.21955807743486333,2012-10-12,2017-03-09
MultiAgentDQN,2,NVDA,-0.23144560045395768,0.17206803993019235,-1.4410971034147098,-1.5986332447073401,-0.7382990675788863,-0.31348488792345386,0.4602012808783166,3495.7663509373074,-0.6853810284156423,0.08084914182475159,-0.22043530775678577,0.1723771796271922,-1.3557767090818218,-1.5008205042523568,-0.7220789934569553,-0.3052786603048111,0.46752058554437326,3721.169763816761,-0.6650947212564915,2012-10-12,2017-03-09
MultiAgentDQN,2,AAPL,-0.03229465056893133,0.25183084895160407,-0.0034762702523168263,-0.004447800919479815,-0.5019554563906411,-0.06433768207471857,0.5072463768115942,9618.98282427332,-0.13429154581540115,0.08852755194218609,-0.016968950281843753,0.25149151564748806,0.05861361977092497,0.0752212619383756,-0.4934072849441081,-0.034391365510069334,0.5081521739130435,10306.38633866739,-0.07242522951993502,2012-10-12,2017-03-09
MultiAgentDQN,2,MSFT,-0.24406658637627332,0.23413351098017002,-1.07710521555854,-1.4292498845604034,-0.7206217997742508,-0.3386888745979265,0.47985347985347987,3250.521565297641,-0.7074530591232123,0.11653116531165311,-0.22829698857144232,0.2338675739093526,-0.9904337073363513,-1.3162828465934397,-0.6977365610289701,-0.3271965399588161,0.489010989010989,3559.117088757032,-0.6796794620118671,2012-10-12,2017-03-09
MultiAgentDQN,2,JPM,-0.2034681194628437,0.20206069015369338,-1.0244769454404083,-1.5225637701646675,-0.6574313283151236,-0.3094895401232176,0.46379468377635197,4090.318236132885,-0.6318713587480403,0.14453477868112014,-0.18291279596102328,0.20226131260673733,-0.8974063370972153,-1.3371510648718516,-0.6171347768601627,-0.29639035559078486,0.47597042513863214,4574.726613962814,-0.5882746047433467,2012-10-12,2017-03-09
MultiAgentDQN,2,BAC,0.08759788559466442,0.1318000301062167,0.70301363644045,1.0830088197754273,-0.1693175529939086,0.517358561151754,0.507380073800738,16067.84977065631,0.4461064793590679,0.3202348690153568,0.15079743403160872,0.13166658743856458,1.1327600437114136,1.7475468770768354,-0.15344518174641497,0.982744666957468,0.52,20592.8699886717,0.8533582989804529,2012-10-12,2017-03-09
MultiAgentDQN,2,MS,0.22489997699080422,0.2621482119754949,0.9054646155348675,1.2586954481302688,-0.40569529863220766,0.5543568726308865,0.5355839416058394,27087.62677465129,1.4378864097186161,0.07678410117434507,0.24157277019214307,0.2622048656883336,0.9569259699205606,1.3287753180454953,-0.4006696516439334,0.6029225552795889,0.538955087076077,28745.101678387426,1.5870591510548682,2012-10-12,2017-03-09
MultiAgentDQN,2,CAT,-0.06162498390777227,0.11792999419627287,-0.4802879175667319,-0.6655308471613967,-0.2752085960073456,-0.223920999568369,0.49773345421577514,8402.5503114281,-0.24377047197147106,0.009485094850948509,-0.06005905109219556,0.11798383471347486,-0.46588738815758785,-0.6460676105798113,-0.2701358532321618,-0.222329062853346,0.499546690843155,8464.321257438478,-0.23821108683053704,2012-10-12,2017-03-09
MultiAgentDQN,2,RTX,0.055223570497025865,0.09140558142878606,0.6338250647860743,0.8647288171309576,-0.2022507678191895,0.27304504745512403,0.5237226277372263,14070.400893410204,0.26633608040691836,0.014905149051490514,0.05799887653620095,0.09143018894610548,0.6624115903259523,0.9044567402827021,-0.2002915931006033,0.2895721964080092,0.5237226277372263,14233.690065972687,0.2810321059375418,2012-10-12,2017-03-09
MultiAgentDQN,2,BA,0.19797640257864413,0.1483185948926486,1.2922034906706457,1.8459259509017296,-0.14797362079171694,1.337916863285447,0.5461956521739131,24567.983135072336,1.2111184821565102,0.15763324299909665,0.23174006172876616,0.14827581534620396,1.480108604388835,2.1237028414303682,-0.13898111131572222,1.6674212742645598,0.5517241379310345,27758.42494781203,1.4982582453030826,2012-10-12,2017-03-09
GARL_DDAL,2,PORTFOLIO,0.04272921735659696,0.04198386077895535,1.0175686453681174,1.5965303609094095,-0.04377705026190237,0.9760643328173871,0.5171790235081374,120178.00521114383,0.20178005211143835,0.01289772156980829,0.04522382159894933,0.04185955802062264,1.077562042283455,1.691942639423082,-0.04246070344072306,1.0650747146024961,0.5189873417721519,121446.1374844439,0.21446137484443906,2012-10-12,2017-03-09
GARL_DDAL,2,NVDA,0.29391736698092896,0.1692799566014417,1.605735779560752,2.7820490040842696,-0.13297672046522135,2.210291891337476,0.5324794144556267,34462.513002728294,2.1016261702455465,0.0013550135501355014,0.2942256806002297,0.1692830552112004,1.6071183682752301,2.7843733312133363,-0.1329767204652219,2.212610444676894,0.5324794144556267,34498.60041495011,2.10487403734551,2012-10-12,2017-03-09
GARL_DDAL,2,AAPL,0.0,0.0,0.0,0.0,0.0,0.0,0.0,11111.111111111111,0.0,0.0,0.0,0.0,0.0,0.0,0.0,0.0,0.0,11111.111111111111,0.0,2012-10-12,2017-03-09
GARL_DDAL,2,MSFT,0.1558268746857716,0.12957808876893237,1.1825336883385567,1.6709026122764774,-0.10910923766847125,1.428173067795158,0.5164835164835165,20991.164140045155,0.8892047726040639,0.02935862691960253,0.1618219890046111,0.12960325615316357,1.2222634039471831,1.7323220677278919,-0.10753231120622397,1.5048685105844244,0.5164835164835165,21473.67677357519,0.9326309096217671,2012-10-12,2017-03-09
GARL_DDAL,2,JPM,-0.1083262686637465,0.10453370413590936,-1.044330413425376,-1.523613250981315,-0.417533864260191,-0.25944307261324734,0.4639927073837739,6714.589103486596,-0.39568698068620634,0.0013550135501355014,-0.108111520842749,0.10451780794023434,-1.0422023214377414,-1.520839067075533,-0.4171233450693601,-0.25918357752134924,0.46441605839416056,6721.6957832986045,-0.39504737950312563,2012-10-12,2017-03-09
GARL_DDAL,2,BAC,0.0,0.0,0.0,0.0,0.0,0.0,0.0,11111.111111111111,0.0,0.0,0.0,0.0,0.0,0.0,0.0,0.0,0.0,11111.111111111111,0.0,2012-10-12,2017-03-09
GARL_DDAL,2,MS,-0.27387203367740987,0.2728088700420832,-1.0361096169605708,-1.5567646513596956,-0.7688119332237379,-0.356227605012614,0.4606946983546618,2724.006713998323,-0.7548393957401509,0.006323396567299007,-0.2730595564134555,0.2728050112814009,-1.0320354650591872,-1.5518504368515362,-0.7678402986602558,-0.3556202466709492,0.46238532110091746,2737.4213107458218,-0.753632082032876,2012-10-12,2017-03-09
GARL_DDAL,2,CAT,0.0,0.0,0.0,0.0,0.0,0.0,0.0,11111.111111111111,0.0,0.0,0.0,0.0,0.0,0.0,0.0,0.0,0.0,11111.111111111111,0.0,2012-10-12,2017-03-09
GARL_DDAL,2,RTX,0.0,0.0,0.0,0.0,0.0,0.0,0.0,11111.111111111111,0.0,0.0,0.0,0.0,0.0,0.0,0.0,0.0,0.0,11111.111111111111,0.0,2012-10-12,2017-03-09
GARL_DDAL,2,BA,-0.005580686167957483,0.07516839628467746,-0.03714506005435105,-0.019376971043080518,-0.14762083673393056,-0.03780419005493122,0.33587786259541985,10841.287806441012,-0.024284097420308903,0.08401084010840108,0.00926116727584092,0.07525757640248064,0.15981616969187826,0.0761297846433404,-0.1383044094625019,0.06696219818177146,0.5238095238095238,11570.298757429737,0.04132688816867636,2012-10-12,2017-03-09
GARL_DDAL_SECTOR,2,PORTFOLIO,0.05118589875959345,0.04310955514219277,1.1795024047494578,1.865775657182282,-0.04994421220454748,1.0248614704334633,0.5180831826401446,124518.83886827884,0.24518838868278836,0.005470239887584059,0.052939751908604116,0.043263418681967626,1.2140010166416715,1.9229821649738537,-0.0494515741931445,1.0705372431994933,0.5189873417721519,125434.05774690576,0.2543405774690577,2012-10-12,2017-03-09
GARL_DDAL_SECTOR,2,NVDA,0.31298707921057356,0.17244641941417443,1.6641823874793384,2.937096687339815,-0.13007896965343113,2.4061312912030575,0.5324794144556267,36750.12014755356,2.3075108132798205,0.006775067750677507,0.3145425061348779,0.17250638007029387,1.670531929350877,2.949348243636576,-0.12947299267191015,2.429406315894323,0.5324794144556267,36941.7520183676,2.324757681653084,2012-10-12,2017-03-09
GARL_DDAL_SECTOR,2,AAPL,0.0,0.0,0.0,0.0,0.0,0.0,0.0,11111.111111111111,0.0,0.0,0.0,0.0,0.0,0.0,0.0,0.0,0.0,11111.111111111111,0.0,2012-10-12,2017-03-09
GARL_DDAL_SECTOR,2,MSFT,0.17918500058283882,0.13687407319139266,1.2728289123643015,1.809035967429305,-0.10323171228020545,1.7357553858689343,0.5141811527904849,22919.585252455694,1.0627626727210124,0.03929539295392954,0.18737818550696161,0.13690232997989404,1.3231986997938565,1.885380685905265,-0.10262950149472061,1.825773123497054,0.5164835164835165,23627.436306450836,1.1264692675805752,2012-10-12,2017-03-09
GARL_DDAL_SECTOR,2,JPM,-0.1127472105578956,0.10519292602252757,-1.0843471575775327,-1.5673489764893829,-0.43011363903168565,-0.2621335394332606,0.4644808743169399,6569.57119871569,-0.40873859211558794,0.00045167118337850043,-0.11267585201649088,0.10518621448505591,-1.0836588814519772,-1.566448417997622,-0.430113639031687,-0.2619676331821459,0.4644808743169399,6571.892555785962,-0.40852966997926343,2012-10-12,2017-03-09
GARL_DDAL_SECTOR,2,BAC,0.0,0.0,0.0,0.0,0.0,0.0,0.0,11111.111111111111,0.0,0.0,0.0,0.0,0.0,0.0,0.0,0.0,0.0,11111.111111111111,0.0,2012-10-12,2017-03-09
GARL_DDAL_SECTOR,2,MS,-0.27387203367740987,0.2728088700420832,-1.0361096169605708,-1.5567646513596956,-0.7688119332237379,-0.356227605012614,0.4606946983546618,2724.006713998323,-0.7548393957401509,0.006323396567299007,-0.2730595564134555,0.2728050112814009,-1.0320354650591872,-1.5518504368515362,-0.7678402986602558,-0.3556202466709492,0.46238532110091746,2737.4213107458218,-0.753632082032876,2012-10-12,2017-03-09
GARL_DDAL_SECTOR,2,CAT,0.0,0.0,0.0,0.0,0.0,0.0,0.0,11111.111111111111,0.0,0.0,0.0,0.0,0.0,0.0,0.0,0.0,0.0,11111.111111111111,0.0,2012-10-12,2017-03-09
GARL_DDAL_SECTOR,2,RTX,0.0,0.0,0.0,0.0,0.0,0.0,0.0,11111.111111111111,0.0,0.0,0.0,0.0,0.0,0.0,0.0,0.0,0.0,11111.111111111111,0.0,2012-10-12,2017-03-09
GARL_DDAL_SECTOR,2,BA,0.0,0.0,0.0,0.0,0.0,0.0,0.0,11111.111111111111,0.0,0.0,0.0,0.0,0.0,0.0,0.0,0.0,0.0,11111.111111111111,0.0,2012-10-12,2017-03-09
ARIMAX,3,NVDA,-0.14277514451322193,0.20765951862334586,-0.6367706909302663,-0.7395146517570566,-0.5550355747501454,-0.25723602415483643,0.45396536007292615,50827.039797147045,-0.49172960202852956,0.2677032766782471,-0.10130223832582608,0.20769428104641938,-0.4092969566503969,-0.4681685743990449,-0.48151994323152925,-0.21038015091540438,0.48266423357664234,62550.59354781255,-0.3744940645218745,2017-03-10,2021-08-02
ARIMAX,3,AAPL,0.03584820329231042,0.14879350393143173,0.30987004248064903,0.444687151683819,-0.21595362136230145,0.16599954687570875,0.4603463992707384,116733.00277030288,0.16733002770302874,0.21473964691901684,0.07581262918309539,0.1489214157871655,0.5639667247095175,0.7937330591862475,-0.19615177464998557,0.3864998382929541,0.4958904109589041,137852.45918911678,0.3785245918911677,2017-03-10,2021-08-02
ARIMAX,3,MSFT,-0.02354522919531432,0.15447405455517416,-0.07741965604153413,-0.09379617799381665,-0.17325238284419842,-0.13590132966014074,0.4594348222424795,90062.35368839854,-0.09937646311601467,0.15686316512582257,0.003842755781976681,0.15455159313265351,0.10165753609351084,0.11921458862275784,-0.15298977084569032,0.02511773016414666,0.5009174311926605,101699.10594001452,0.016991059400145225,2017-03-10,2021-08-02
ARIMAX,3,JPM,0.05717981450240561,0.15689870174573864,0.4305755123541845,0.6411921929150034,-0.25697458566532216,0.22251155441836298,0.4567000911577028,127668.13141717293,0.27668131417172925,0.37750075538488376,0.12989094819882796,0.15728428386629256,0.8529006766868741,1.2263564757667786,-0.13712851637178047,0.9472205463571841,0.5151237396883593,170994.4037352364,0.709944037352364,2017-03-10,2021-08-02
ARIMAX,3,BAC,-0.022835947515538302,0.16048528903200013,-0.0641765093860812,-0.07596879076518301,-0.20170812654395243,-0.1132128283912365,0.45214220601640837,90350.0883139435,-0.096499116860565,0.2492358709957821,0.021088583926680116,0.16047437271662934,0.20978939762060336,0.23868590352967714,-0.1632706106581321,0.1291633799963971,0.5018450184501845,109600.94841490986,0.0960094841490986,2017-03-10,2021-08-02
ARIMAX,3,MS,0.03681095878870977,0.1645949533626535,0.2995926900129415,0.44342050718516407,-0.3003466669177667,0.12256156915764413,0.45396536007292615,117210.36203607205,0.17210362036072047,0.22770792566082096,0.07925430052749216,0.1648609932967947,0.5427549667006676,0.7836482736425276,-0.25994518453962434,0.30488851204478135,0.494967978042086,139800.2886659945,0.398002886659945,2017-03-10,2021-08-02
ARIMAX,3,CAT,-0.07138712047621287,0.14121796878664303,-0.45349578124878376,-0.5081014618571218,-0.4245526698851255,-0.16814667658438853,0.4567000911577028,72227.47702275663,-0.27772522977243363,0.15372180395926768,-0.04585898964926316,0.14124474231595097,-0.2614272662995981,-0.28687033723078287,-0.3801526192630428,-0.12063310187935729,0.48678213309024615,81365.61307062325,-0.18634386929376745,2017-03-10,2021-08-02
ARIMAX,3,RTX,-0.10973927967157837,0.1590569120094029,-0.6501417339129767,-0.6716371504837114,-0.5326177508382859,-0.2060375935628506,0.4512306289881495,60011.75456105694,-0.3998824543894306,0.14297674106106822,-0.08701774122764194,0.15926699241811673,-0.4909268283047613,-0.49628719511194436,-0.49864398260474785,-0.17450875627354537,0.48029330889092575,67037.32874704714,-0.3296267125295286,2017-03-10,2021-08-02
ARIMAX,3,BA,-0.16014265414292794,0.2735896818160191,-0.4945704609292141,-0.48636614247193466,-0.6605619549079348,-0.24243396543364001,0.4621695533272562,46456.41576087226,-0.5354358423912774,0.20969782575957405,-0.12850038786299767,0.2736953000073755,-0.35922676996860115,-0.3436097758895174,-0.648956773214733,-0.1980107045134087,0.49452554744525545,54651.531259974094,-0.45348468740025905,2017-03-10,2021-08-02
RandomForest,3,NVDA,-0.03702740275765226,0.1996201685616562,-0.08926879639810092,-0.11212564534186296,-0.4862206191252112,-0.07615350172576081,0.4785779398359161,84726.31737424272,-0.1527368262575728,0.22528633001586593,0.001997135435104269,0.19972272876212027,0.10975544228930632,0.13608561677673733,-0.436394901769791,0.004576440803971186,0.5045620437956204,100880.29013879242,0.008802901387924278,2017-03-10,2021-08-02
RandomForest,3,AAPL,0.06537557205004396,0.14727828363918372,0.5027441773347568,0.7081629978743158,-0.15080016189947387,0.4335245481607938,0.45578851412944393,132073.46878582874,0.3207346878582873,0.18314351155782055,0.10029051951761936,0.14764195087288404,0.7203224717466679,0.9996003181209374,-0.12400883982692013,0.8087368582561971,0.4867579908675799,152172.4212867126,0.521724212867126,2017-03-10,2021-08-02
RandomForest,3,MSFT,0.05172177583456028,0.14287065934137055,0.4243409833178392,0.506468757155582,-0.1460666906193323,0.3540969923755825,0.47219690063810393,124797.9282844057,0.24797928284405701,0.19840945477768257,0.08916867383174831,0.1429040246189457,0.6691575282778338,0.7731317438433788,-0.1419977410662232,0.6279583968181782,0.5110091743119266,145530.37851766212,0.45530378517662107,2017-03-10,2021-08-02
RandomForest,3,JPM,-0.09835928635486346,0.1256174481373046,-0.7609794984925787,-0.8429976074188437,-0.3687643258326214,-0.26672668548613293,0.45578851412944393,63455.40950177123,-0.3654459049822877,0.24383834518349895,-0.05870541023850351,0.1255235459523867,-0.41887932814627926,-0.45131810188938865,-0.2384218351974301,-0.24622497427675316,0.49679193400549954,76662.00078762959,-0.2333799921237042,2017-03-10,2021-08-02
RandomForest,3,BAC,-0.15317222339469505,0.1126793851679491,-1.4184824150661797,-1.6554448829796122,-0.5252324658682858,-0.2916274856343449,0.4293527803099362,48174.16173255139,-0.5182583826744862,0.259244133311119,-0.11351446856195602,0.11259611784909179,-1.0133836180573406,-1.1621272036087475,-0.43205695685213263,-0.26273033395642154,0.4612546125461255,58901.86441214852,-0.4109813558785148,2017-03-10,2021-08-02
RandomForest,3,MS,-0.0803554422853966,0.18229344384121143,-0.3693303585588609,-0.42388445313692386,-0.3282909275880852,-0.2447690007023909,0.463081130355515,69213.03278399109,-0.3078696721600891,0.19563125852233765,-0.04804078074899243,0.18221773469872626,-0.18009854544467263,-0.20209763319221588,-0.23013586766066774,-0.20874964531746923,0.4922232387923147,80551.46443703321,-0.19448535562966796,2017-03-10,2021-08-02
RandomForest,3,CAT,-0.0124608064820797,0.1405123349496114,-0.01813222785841619,-0.020171514450147664,-0.3041261806287683,-0.040972488643751415,0.4667274384685506,94640.71174315443,-0.053592882568455624,0.20618978786228603,0.02412024679977809,0.1405019891447176,0.24073735262099297,0.26138450588866213,-0.27187584792975517,0.08871787245334886,0.5022789425706472,111037.64808575048,0.11037648085750473,2017-03-10,2021-08-02
RandomForest,3,RTX,-0.1506908816567485,0.1354982512330977,-1.1366678403023451,-1.226330486665489,-0.536040857003977,-0.2811182761310123,0.4247948951686418,48797.338429648364,-0.5120266157035164,0.23749297650575657,-0.11433843137070898,0.13554986735144522,-0.8271697031436366,-0.8666978486169317,-0.4564967792891924,-0.2504693057172155,0.4665444546287809,58661.745006503115,-0.4133825499349688,2017-03-10,2021-08-02
RandomForest,3,BA,-0.1851539553849093,0.24388000427596446,-0.7130361899541588,-0.7147109566583716,-0.684524360706749,-0.2704855605047334,0.44849589790337285,40678.75441072168,-0.5932124558927832,0.25102305034026684,-0.14824366746127093,0.24392414140534588,-0.5313734107175746,-0.5180226367123352,-0.6679765539511289,-0.22192944735020875,0.48266423357664234,49418.02447708581,-0.5058197552291419,2017-03-10,2021-08-02
LSTM,3,NVDA,-0.10609197119841751,0.21185029553244897,-0.4228177066004825,-0.4733161107087467,-0.4729989874968187,-0.2242964023239713,0.4731084776663628,61099.32262257345,-0.3890067737742655,0.14088418392100213,-0.08356201220412873,0.21172940985036154,-0.30568302297607886,-0.3388922458039814,-0.4352406732153712,-0.19199035693702168,0.48905109489051096,68159.16444299744,-0.31840835557002556,2017-03-10,2021-08-02
LSTM,3,AAPL,0.020562987907525088,0.13115211795214848,0.22021797206435256,0.2994515445403269,-0.19664601650081637,0.10456854541693562,0.4576116681859617,109353.3369246736,0.09353336924673594,0.11194510313128161,0.040920378779535804,0.13111155409406436,0.3708991932536822,0.4970035903736933,-0.17987520825860992,0.22749315581446786,0.4849315068493151,119264.89714876511,0.19264897148765114,2017-03-10,2021-08-02
LSTM,3,MSFT,0.0766023936303113,0.10632520491698269,0.7468913845159464,1.0764526406475259,-0.11021890110906407,0.6950023349852809,0.4740200546946217,138297.5651126225,0.3829756511262252,0.20479844187187654,0.11616152452961748,0.10660540028443058,1.0838083656861441,1.5249803884575366,-0.09227665999798462,1.2588397166970988,0.518348623853211,162053.38336561105,0.6205338336561106,2017-03-10,2021-08-02
LSTM,3,JPM,0.020019538629688416,0.12231445948356116,0.2234932895719018,0.2697988052937007,-0.2473905986816355,0.08092279470753601,0.4576116681859617,109097.76920800703,0.09097769208007023,0.242288546255887,0.06455121141778286,0.1223386564635501,0.5728047249939132,0.6684533626759167,-0.17326297209694907,0.37256206930158925,0.5059578368469294,131625.12921370496,0.3162512921370495,2017-03-10,2021-08-02
LSTM,3,BAC,-0.05582999623071683,0.1469188885555416,-0.317383879528759,-0.3832289088553204,-0.3594397874111812,-0.15532503130169642,0.46855059252506837,77696.07636791543,-0.22303923632084566,0.10153476476011135,-0.03877992137923292,0.14704262095412227,-0.19531040820530496,-0.23123541744535842,-0.3433237304648591,-0.11295438659810973,0.496309963099631,84051.05401386225,-0.15948945986137752,2017-03-10,2021-08-02
LSTM,3,MS,0.03673762890456067,0.13683391459233815,0.3301726314207578,0.4995728972570595,-0.2471254047090392,0.14865986339128048,0.4813126709206928,117173.95021502663,0.17173950215026634,0.15893664097660046,0.06618775860017578,0.1370049557722517,0.5343984581005681,0.8006148927988671,-0.20749927166630577,0.31897826950745634,0.5032021957913998,132516.33990597067,0.3251633990597067,2017-03-10,2021-08-02
LSTM,3,CAT,-0.03831208730960489,0.12540853122324672,-0.24846695525589754,-0.27895577962421314,-0.41036569602373274,-0.09336084297696556,0.48495897903372837,84230.90707302252,-0.1576909292697748,0.10110770797673976,-0.021004439137358055,0.12541640518826747,-0.10624189243070294,-0.1174053956943803,-0.39034918675273855,-0.053809358006074275,0.5113947128532361,91096.36152975388,-0.08903638470246122,2017-03-10,2021-08-02
LSTM,3,RTX,-0.016058703232654348,0.11377275698578979,-0.08575251837799525,-0.11811779926115654,-0.25770302314984894,-0.0623147646324527,0.45396536007292615,93135.3712426372,-0.06864628757362812,0.11928094953175256,0.004859323013332473,0.11382685683341268,0.09914056644450453,0.1353583532459199,-0.24802562764062996,0.019592019822940464,0.47204399633363886,102152.29631980167,0.02152296319801672,2017-03-10,2021-08-02
LSTM,3,BA,-0.06921873723233818,0.2658558224914682,-0.13655640860561158,-0.1515535937023318,-0.6137339523427752,-0.11278296885501127,0.47037374658158615,72971.30246268773,-0.27028697537312274,0.15121354543899018,-0.04406347496710383,0.2659244971774425,-0.03621421498622617,-0.03950066167346582,-0.6085125200237209,-0.07241178039424095,0.49178832116788324,82040.37515517307,-0.17959624844826938,2017-03-10,2021-08-02
TCN,3,NVDA,-0.11096467172333324,0.16823021915091088,-0.6150273915747679,-0.7994887455126096,-0.47719583208817884,-0.23253487197857292,0.45396536007292615,59649.73912559075,-0.4035026087440925,0.22399886300976596,-0.07510983121472614,0.16819304929003795,-0.38023446095701113,-0.4883135996222548,-0.3916406575314906,-0.1917825173927117,0.4854014598540146,70964.13783014676,-0.2903586216985323,2017-03-10,2021-08-02
TCN,3,AAPL,-0.04552206478705767,0.1303909008876337,-0.2923296674070991,-0.3709930084568249,-0.299575925258334,-0.15195501690532218,0.46946216955332726,81491.90297459751,-0.18508097025402492,0.14606111290260537,-0.020615429364902682,0.13046476026038223,-0.09467651148649117,-0.1181060048769442,-0.25074117521861816,-0.0822179657845519,0.5031963470319635,91255.4800188344,-0.0874451998116561,2017-03-10,2021-08-02
TCN,3,MSFT,-0.0015515738203535356,0.1027973898504262,0.0363661345755388,0.04344612642095392,-0.1296693555583205,-0.01196561680801826,0.45578851412944393,99320.20758813305,-0.006797924118669418,0.1900370763316022,0.03250237264485345,0.10263948620984273,0.363026797523429,0.42129651378957994,-0.12611057963341132,0.25772915118885376,0.501834862385321,115085.71885096477,0.1508571885096477,2017-03-10,2021-08-02
TCN,3,JPM,-0.032908303564242125,0.1365949492632944,-0.17572850300812792,-0.19229278401813207,-0.23074651024298498,-0.1426166901921438,0.4749316317228806,86329.94850037823,-0.13670051499621771,0.16656313895357652,-0.004069660567206701,0.1366000025603058,0.039371242006577906,0.04213496489062882,-0.18240194002610055,-0.02231149825832093,0.5022914757103575,98224.55862717901,-0.01775441372820996,2017-03-10,2021-08-02
TCN,3,BAC,-0.04621437706432918,0.1331980001928061,-0.28806360002258574,-0.3306586186728849,-0.3030860794520006,-0.15247937862368272,0.47037374658158615,81232.56669698047,-0.18767433303019532,0.18034841997864587,-0.01539403832014885,0.13331421729073825,-0.04917730681955655,-0.05502701532152988,-0.294954793659871,-0.05219117861803794,0.5027675276752768,93412.06092276791,-0.06587939077232097,2017-03-10,2021-08-02
TCN,3,MS,-0.06698146162850804,0.1508682019885178,-0.3826737434962584,-0.39304778836312576,-0.4167409692897438,-0.16072684608538795,0.5013673655423884,73744.9474342126,-0.26255052565787396,0.1477737673234117,-0.042313168725380046,0.1507256553042201,-0.21009035926718816,-0.21225601225034604,-0.399098459832831,-0.10602187927035253,0.5224153705397987,82702.2998076182,-0.17297700192381804,2017-03-10,2021-08-02
TCN,3,CAT,-0.06516236220275562,0.1283508626821307,-0.4604856752852239,-0.5301628056932456,-0.318133606957101,-0.20482703108930736,0.4649042844120328,74378.64466199603,-0.2562135533800397,0.16774012102290392,-0.03707997539621166,0.12834150344105588,-0.22996751273633764,-0.26132355502280746,-0.23856960481154765,-0.15542623472718622,0.48678213309024615,84705.999838451,-0.15294000161549004,2017-03-10,2021-08-02
TCN,3,RTX,-0.03220705306750893,0.14316404146669992,-0.15836793402963986,-0.2165284444976348,-0.27253293528448597,-0.11817673718550496,0.4785779398359161,86605.27517935428,-0.1339472482064572,0.15990878621751153,-0.004517695641893638,0.14317549413638694,0.03866106031442251,0.05181682006290573,-0.2472236666996923,-0.018273718298100382,0.5096241979835013,98030.59568119886,-0.01969404318801138,2017-03-10,2021-08-02
TCN,3,BA,-0.023845845020077472,0.23439791131519552,0.018097256519030325,0.018046315811298737,-0.39608397032649945,-0.06020401431651196,0.4886052871467639,89940.61650284512,-0.10059383497154883,0.20980811938331587,0.01298476474872623,0.23439026185847725,0.17599754810940318,0.17110324195950788,-0.384214610746353,0.033795603773377536,0.5200729927007299,105830.97548198352,0.05830975481983525,2017-03-10,2021-08-02
TFT,3,NVDA,-0.1346128005304097,0.22176218556248603,-0.540710618890339,-0.6621744780037483,-0.6026541383466572,-0.2233665911590871,0.46855059252506837,52987.636861132356,-0.4701236313886764,0.04916706109136172,-0.12706985432241413,0.22176099950987446,-0.5016035248366417,-0.6129955434759885,-0.5950639730103091,-0.2135398210709905,0.4717153284671533,55046.70630111613,-0.44953293698883867,2017-03-10,2021-08-02
TFT,3,AAPL,-0.037409589638164875,0.1509172706075846,-0.1769676397934453,-0.20139612140528954,-0.30943568592789394,-0.12089617112514367,0.5104831358249772,84578.70089344723,-0.15421299106552777,0.06605282102523549,-0.026123262658399593,0.1508966425429644,-0.0997752852609337,-0.1127083643293402,-0.2859026478164798,-0.09137118126715654,0.5214611872146119,89022.47813445289,-0.10977521865547113,2017-03-10,2021-08-02
TFT,3,MSFT,-0.06821010072468359,0.14878796041538073,-0.40023759349319776,-0.44525730262933144,-0.3359683785869445,-0.20302535914710093,0.48951686417502277,73319.30672295998,-0.26680693277040013,0.06260034845722358,-0.05786167013346655,0.14879499225187637,-0.3260044778082726,-0.356367615244236,-0.3106403221228182,-0.1862658065059233,0.5119266055045871,76964.32346409188,-0.23035676535908123,2017-03-10,2021-08-02
TFT,3,JPM,-0.05681269275469514,0.17838509309813544,-0.23815715280886948,-0.2810613579361797,-0.3083665262894707,-0.18423754821353006,0.44940747493163175,77341.4683622173,-0.22658531637782697,0.04701986031209898,-0.04895499408927684,0.178382865222962,-0.19166292947480829,-0.22409819992922334,-0.2938273983683075,-0.16661139962146282,0.459211732355637,80212.19701452719,-0.19787802985472813,2017-03-10,2021-08-02
TFT,3,BAC,-0.04389800230373875,0.14070550368058785,-0.248766959274677,-0.3043806296508341,-0.3149803813004324,-0.13936741749597498,0.48678213309024615,82102.77729027835,-0.1789722270972165,0.0870756751259342,-0.029099595947500778,0.14073107069828142,-0.13957636443859436,-0.16854295769353078,-0.30310285677872795,-0.09600568023924681,0.5055350553505535,87833.50415167106,-0.1216649584832894,2017-03-10,2021-08-02
TFT,3,MS,-0.00976991053503129,0.20117458022205728,0.05150486331898892,0.05723347987514902,-0.45104405820119964,-0.021660656774849196,0.5159525979945305,95778.79725542465,-0.042212027445753475,0.0421846638905164,-0.0023766847597793683,0.20119066518351958,0.0884874253566383,0.09765211673323473,-0.4497337688417329,-0.00528464821732289,0.5233302836230558,98960.15781896829,-0.010398421810317138,2017-03-10,2021-08-02
TFT,3,CAT,0.006811863707941956,0.15084334506683944,0.120588178396683,0.1409921563833639,-0.23934692824545734,0.028460209445245896,0.5132178669097539,103027.12190797762,0.030271219079776257,0.05553796085200703,0.01672150202384315,0.15085797647974247,0.18551767133721705,0.21597101513955116,-0.23141136122395034,0.07225877733660956,0.5205104831358249,107556.6813212779,0.07556681321277892,2017-03-10,2021-08-02
TFT,3,RTX,-0.026248037701102067,0.18009709051862235,-0.058312584604151695,-0.07065418609659847,-0.42812667487251876,-0.061309045293470255,0.4886052871467639,88972.38524303782,-0.11027614756962179,0.04607926310995164,-0.018298161429103343,0.180086507179928,-0.013180025824265782,-0.01575399628231849,-0.4231289006057739,-0.04324488684868067,0.5041246562786434,92207.77610911982,-0.07792223890880179,2017-03-10,2021-08-02
TFT,3,BA,0.004902827926540176,0.2869140142298242,0.1642364620282975,0.17299025918495398,-0.5067398773467436,0.009675236044597591,0.49316317228805834,102171.72575389259,0.02171725753892595,0.08818523635864021,0.02065724186560791,0.28691120727011565,0.21845650050922732,0.22760163006164272,-0.5067031148174964,0.04076793937421957,0.5054744525547445,109397.70871429582,0.09397708714295816,2017-03-10,2021-08-02
SingleAgentA2C,3,PORTFOLIO,0.1380898254700238,0.11290150562358707,1.2024416514545773,1.481161037151025,-0.1796894000977689,0.7684917718846476,0.5687160940325497,176512.52126574668,0.7651252126574668,0.01841814714443442,0.14374627117387861,0.11283784268023045,1.2470140556011269,1.534857231586025,-0.17813979109276357,0.8069296045094436,0.5750452079566004,180398.9479973716,0.8039894799737162,2017-03-10,2021-08-02
SingleAgentA2C,3,NVDA,0.43178558650219734,0.30191233763118974,1.3409203694427747,1.7232925761902178,-0.3091900938589077,1.3965052408801735,0.5520361990950227,53765.93657937202,3.838934292143482,0.03568202348690153,0.44081872735508454,0.30191261694056815,1.361767243863705,1.751860400015818,-0.3079662906659333,1.431386293616346,0.5520361990950227,55272.06409362679,3.974485768426411,2017-03-10,2021-08-02
SingleAgentA2C,3,AAPL,0.0,0.0,0.0,0.0,0.0,0.0,0.0,11111.111111111111,0.0,0.0,0.0,0.0,0.0,0.0,0.0,0.0,0.0,11111.111111111111,0.0,2017-03-10,2021-08-02
SingleAgentA2C,3,MSFT,0.32946773490317094,0.2602046514763916,1.2250491210059815,1.6425712168267097,-0.307758998289547,1.0705381052520837,0.5605095541401274,38820.07818263992,2.4938070364375924,0.025293586269196026,0.33542507757703666,0.2601527505980733,1.2424441696181756,1.6653186041891583,-0.3055612121881449,1.0977344774064566,0.5605095541401274,39590.05718755734,2.5631051468801602,2017-03-10,2021-08-02
SingleAgentA2C,3,JPM,-0.12010377586740995,0.1999995892859135,-0.5379457520931884,-0.6144850020325664,-0.4932638594858818,-0.2434878890024327,0.48729582577132485,6333.631713022017,-0.4299731458280185,0.028455284552845527,-0.1156767926516904,0.2000245867383265,-0.5127840479720602,-0.5853550651205492,-0.48412706869996447,-0.23893890701529966,0.4890909090909091,6474.814623061386,-0.4172666839244753,2017-03-10,2021-08-02
SingleAgentA2C,3,BAC,0.05412615363631934,0.34928433221123856,0.32497524867810396,0.4312131426630771,-0.576568213949604,0.09387640928996883,0.5160109789569991,14006.233492634723,0.2605610143371251,0.051490514905149054,0.0637765371822463,0.34919365493724036,0.3510707821166284,0.4656248256911536,-0.5729368262553639,0.11131512980075124,0.5169258920402562,14578.320496486895,0.31204884468382055,2017-03-10,2021-08-02
SingleAgentA2C,3,MS,0.13600088872766425,0.17496867714912975,0.815998796833916,1.12399829101558,-0.28937752512969983,0.46997737183185967,0.5158946412352406,19454.858733199344,0.7509372859879409,0.006775067750677507,0.13733961777448078,0.17506692779564226,0.8223675013968857,1.132996727305867,-0.28937752512969994,0.47460360894621906,0.5163636363636364,19555.774111695933,0.760019670052634,2017-03-10,2021-08-02
SingleAgentA2C,3,CAT,-0.06446772515055821,0.15781005844908058,-0.3435559443269863,-0.43245459838655353,-0.37021913026107245,-0.1741339652143222,0.4415137614678899,8291.303691392459,-0.2537826677746787,0.0998193315266486,-0.04785921928802561,0.15791829828079668,-0.2318189467086073,-0.2859977899953233,-0.35477111670601813,-0.13490167895399519,0.48134328358208955,8957.663796137036,-0.19381025834766674,2017-03-10,2021-08-02
SingleAgentA2C,3,RTX,0.04740679636672995,0.16642765708655846,0.3614816434045159,0.4369142395266852,-0.3057910843874777,0.15503001489297602,0.5345454545454545,13618.256651263966,0.22564309861375698,0.012195121951219513,0.049670632550447014,0.16638212771126035,0.3745099510444017,0.4530141425659983,-0.30380837279799966,0.1634932970839244,0.5345454545454545,13748.031466584018,0.23732283199256154,2017-03-10,2021-08-02
SingleAgentA2C,3,BA,0.0,0.0,0.0,0.0,0.0,0.0,0.0,11111.111111111111,0.0,0.0,0.0,0.0,0.0,0.0,0.0,0.0,0.0,11111.111111111111,0.0,2017-03-10,2021-08-02
SingleAgentPPO,3,PORTFOLIO,0.21710333056613695,0.18446748584913336,1.1583093517044143,1.3288380653478264,-0.2748502773729573,0.789896712643805,0.5849909584086799,237045.27445219847,1.3704527445219847,0.0034126267188597822,0.21801476760566874,0.18444711271193256,1.1624758847240824,1.3336541563198063,-0.2740809273441571,0.7954393971088423,0.5858951175406871,237826.05557463455,1.3782605557463454,2017-03-10,2021-08-02
SingleAgentPPO,3,NVDA,0.6079949627606072,0.4718982027439509,1.2451696339955327,1.6371476841965091,-0.5603844335719903,1.084960477729795,0.5520361990950227,89523.4144263559,7.057107298372031,0.0009033423667570009,0.6082444322956753,0.47190660508077054,1.2454851355317063,1.637591662731436,-0.5603844335719904,1.0854056534344052,0.5520361990950227,89584.44266733993,7.062599840060594,2017-03-10,2021-08-02
SingleAgentPPO,3,AAPL,0.2936769313988634,0.3067748151009295,0.9939474635364188,1.2657233297251755,-0.5197922753579692,0.5649890260424026,0.5344202898550725,34434.390801184345,2.099095172106591,0.02168021680216802,0.2987414453497379,0.30651488266972093,1.0072673695358685,1.283157280564534,-0.5155645749422839,0.579445252581951,0.5371376811594203,35030.51271687721,2.152746144518949,2017-03-10,2021-08-02
SingleAgentPPO,3,MSFT,0.42015649031315006,0.28492682384232076,1.3743955685227895,1.7708611754467827,-0.280392569991768,1.4984580023838912,0.5668789808917197,51873.872196453696,3.6686484976808327,0.0009033423667570009,0.42038365900165875,0.2849238611987832,1.3749691303050755,1.7714698852260902,-0.2803925699917681,1.4992681832261125,0.5668789808917197,51910.3329689126,3.671929967202134,2017-03-10,2021-08-02
SingleAgentPPO,3,JPM,-0.0993661725554631,0.13399903949313166,-0.7138584165038336,-0.9347856650650808,-0.42242174128557974,-0.2352297783088921,0.48144712430426717,7016.078948112468,-0.36855289466987784,0.012195121951219513,-0.09743576965731626,0.1340850337234836,-0.6973568938815136,-0.9109198411387861,-0.4171678549978488,-0.23356490316785963,0.48826291079812206,7082.379969294543,-0.36258580276349117,2017-03-10,2021-08-02
SingleAgentPPO,3,BAC,0.0,0.0,0.0,0.0,0.0,0.0,0.0,11111.111111111111,0.0,0.0,0.0,0.0,0.0,0.0,0.0,0.0,0.0,11111.111111111111,0.0,2017-03-10,2021-08-02
SingleAgentPPO,3,MS,-0.13448111268286767,0.17470525020690864,-0.7386231993838164,-0.937957481299175,-0.5154695872420656,-0.26089048900515455,0.48548094373865697,5891.451853727052,-0.46976933316456526,0.002258355916892502,-0.13413349294306232,0.17468873712127442,-0.7364125414904634,-0.9352531007438678,-0.5154695872420658,-0.26021611412754964,0.48548094373865697,5901.853287053144,-0.468833204165217,2017-03-10,2021-08-02
SingleAgentPPO,3,CAT,0.0,0.0,0.0,0.0,0.0,0.0,0.0,11111.111111111111,0.0,0.0,0.0,0.0,0.0,0.0,0.0,0.0,0.0,11111.111111111111,0.0,2017-03-10,2021-08-02
SingleAgentPPO,3,RTX,0.0,0.0,0.0,0.0,0.0,0.0,0.0,11111.111111111111,0.0,0.0,0.0,0.0,0.0,0.0,0.0,0.0,0.0,11111.111111111111,0.0,2017-03-10,2021-08-02
SingleAgentPPO,3,BA,0.07026074560407558,0.489756507689353,0.3835668609229709,0.5015783777097705,-0.7792005465221092,0.0901702981571022,0.5049773755656108,14972.732893031636,0.34754596037284724,0.0009033423667570009,0.07043103087948777,0.4897567886633176,0.38389200561699127,0.5020038472486532,-0.7792005465221095,0.09038883660163002,0.5049773755656108,14983.20063182375,0.34848805686413753,2017-03-10,2021-08-02
SingleAgentDQN,3,PORTFOLIO,0.08782203387846499,0.11688767844011964,0.7787860866950119,1.0073087328226193,-0.15189018819789746,0.5781942528377265,0.5370705244122965,144741.6162551756,0.4474161625517561,0.03036234066044365,0.0965274406440011,0.11507166132311665,0.8585272156896379,1.1146131163816897,-0.1464858453444957,0.6589540471776931,0.5406871609403255,149899.42457189912,0.4989942457189911,2017-03-10,2021-08-02
SingleAgentDQN,3,NVDA,0.49125378807140585,0.4654689242134028,1.0939572251710374,1.4173011695602562,-0.6201025664678448,0.7922137637159411,0.5475974614687217,64290.188629183525,4.786116976626517,0.018970189701897018,0.49629573544662753,0.4654047834828687,1.1012981653595817,1.4255004080140943,-0.6184694202757737,0.8024580022490534,0.5500910746812386,65250.53756312291,4.872548380681062,2017-03-10,2021-08-02
SingleAgentDQN,3,AAPL,-0.179035989817262,0.1563162437467243,-1.1834164671335181,-1.637092118812045,-0.5844855088388625,-0.3063138214888072,0.4552995391705069,4670.846375379809,-0.5796238262158172,0.011291779584462511,-0.1773995089243241,0.1563290512740267,-1.170577992511843,-1.6167146508667414,-0.5808347046779421,-0.30542167590121455,0.45996275605214154,4711.885486517916,-0.5759303062133876,2017-03-10,2021-08-02
SingleAgentDQN,3,MSFT,0.15477875612960457,0.15343446153218582,1.0151266751646122,1.1977265156591672,-0.2472650434757363,0.6259629503383188,0.5646630236794171,20907.67440133557,0.8816906961202013,0.06097560975609756,0.1673163530787567,0.15313991977895922,1.087316178512808,1.2883421617201187,-0.2399275577530111,0.6973619647768738,0.5666058394160584,21923.3682420687,0.9731031417861831,2017-03-10,2021-08-02
SingleAgentDQN,3,JPM,-0.026590280346905693,0.187928502388701,-0.04662700244661994,-0.04915949645826988,-0.4232700966502524,-0.06282106994408634,0.5040871934604905,9870.566480962178,-0.11164901671340399,0.08897922312556458,-0.011157631511596544,0.1877803029649918,0.0369228939841183,0.03893196825334415,-0.4203538716448115,-0.026543425109747682,0.5054545454545455,10576.729279631358,-0.04809436483317786,2017-03-10,2021-08-02
SingleAgentDQN,3,BAC,0.08362110708206916,0.17608841146304824,0.5438794090181431,0.7258429790806734,-0.29566978959975754,0.28281924641426986,0.5192307692307693,15811.357968903058,0.4230222172012752,0.012195121951219513,0.0859558141685528,0.1760796942678642,0.5561236409503063,0.7417464338367017,-0.29466102018951257,0.29171084154011934,0.5201834862385321,15961.553973827404,0.43653985764446634,2017-03-10,2021-08-02
SingleAgentDQN,3,MS,-0.05152096512582893,0.06355370769401701,-0.8000224901291538,-0.40721675035580446,-0.2604817326460369,-0.1977910873152847,0.34913793103448276,8807.316740227947,-0.20734149337948482,0.06504065040650407,-0.04055840041128966,0.06331247234255145,-0.621855746551532,-0.2773648422254509,-0.2431229941705202,-0.16682256053017777,0.4602272727272727,9263.33833069601,-0.1662995502373592,2017-03-10,2021-08-02
SingleAgentDQN,3,CAT,-0.15376731419539358,0.14842481668630583,-1.050041661224545,-1.1219250224027673,-0.5447790223576041,-0.2822563055565997,0.4163568773234201,5336.18064037107,-0.5197437423666037,0.11969286359530262,-0.13565729359503598,0.14811518869692675,-0.9096867183400581,-0.9350768113924409,-0.5045941837169017,-0.2688443465514564,0.46776406035665297,5856.363278844174,-0.47292730490402435,2017-03-10,2021-08-02
SingleAgentDQN,3,RTX,-0.03922709692809001,0.327842812997853,0.0426259743614881,0.05414485380613135,-0.6033454520215635,-0.06501598180056893,0.48451730418943534,9319.935584388246,-0.16120579740505792,0.12917795844625113,-0.01714584365222349,0.3280664756268095,0.1120553727445815,0.14198573630089484,-0.6011161332360955,-0.028523346328968448,0.487693710118505,10298.241823388145,-0.07315823589506698,2017-03-10,2021-08-02
SingleAgentDQN,3,BA,-0.14002240268338284,0.16176458882765782,-0.8511343721531506,-0.9180632542412355,-0.5322490721653477,-0.26307683752971145,0.43577430972388953,5727.549434424215,-0.48452055090182067,0.07226738934056007,-0.12899045278004506,0.16182330104316164,-0.7720484841391501,-0.8026865769224917,-0.508417320862818,-0.25370979210767186,0.48404255319148937,6057.4065938025005,-0.45483340655777493,2017-03-10,2021-08-02
MultiAgentA2C,3,PORTFOLIO,0.15925081273055564,0.1436306282572175,1.10116290423325,1.3534073699217166,-0.1772517404353685,0.8984442823489421,0.5605786618444847,191391.29885251523,0.9139129885251522,0.02142928836695775,0.1654704387493391,0.1417162363593813,1.1518686267422635,1.4222231355048964,-0.17350339249219227,0.9537014600840461,0.5632911392405063,195943.357656716,0.95943357656716,2017-03-10,2021-08-02
MultiAgentA2C,3,NVDA,0.6079949627606072,0.4718982027439509,1.2451696339955327,1.6371476841965091,-0.5603844335719903,1.084960477729795,0.5520361990950227,89523.4144263559,7.057107298372031,0.0009033423667570009,0.6082444322956753,0.47190660508077054,1.2454851355317063,1.637591662731436,-0.5603844335719904,1.0854056534344052,0.5520361990950227,89584.44266733993,7.062599840060594,2017-03-10,2021-08-02
MultiAgentA2C,3,AAPL,0.0,0.0,0.0,0.0,0.0,0.0,0.0,11111.111111111111,0.0,0.0,0.0,0.0,0.0,0.0,0.0,0.0,0.0,11111.111111111111,0.0,2017-03-10,2021-08-02
MultiAgentA2C,3,MSFT,0.0,0.0,0.0,0.0,0.0,0.0,0.0,11111.111111111111,0.0,0.0,0.0,0.0,0.0,0.0,0.0,0.0,0.0,11111.111111111111,0.0,2017-03-10,2021-08-02
MultiAgentA2C,3,JPM,-0.09139955896389784,0.15373532521719663,-0.546255253659219,-0.6803267811258167,-0.39963944976412535,-0.22870504655594828,0.4863636363636364,7292.8247457974685,-0.34364577287822784,0.009485094850948509,-0.08987516055148592,0.15372082848915375,-0.5354222921521807,-0.6645430849713877,-0.3954139018353243,-0.22729388151081167,0.4908256880733945,7346.726682927963,-0.3387945985364833,2017-03-10,2021-08-02
MultiAgentA2C,3,BAC,0.07551972117649286,0.14911092322388533,0.5628495328613601,0.7356348783823518,-0.1768579999393084,0.4270076626582266,0.48747591522157996,15298.628866227677,0.3768765979604909,0.05465221318879855,0.08594503761702699,0.14905678586340737,0.6277316617663927,0.806317614366311,-0.17161879588442308,0.5007903544254372,0.513184584178499,15960.858176758975,0.4364772359083078,2017-03-10,2021-08-02
MultiAgentA2C,3,MS,0.017861834974158164,0.2443253291812263,0.1956978711454465,0.24806811878442594,-0.30951232482472,0.05770960812068955,0.47689463955637706,12009.735018957319,0.0808761517061587,0.33875338753387535,0.08060315620369529,0.2440824101715496,0.4407119885166983,0.5505338506699244,-0.24147497056868128,0.3337950762096472,0.4952561669829222,15618.827804140054,0.40569450237260485,2017-03-10,2021-08-02
MultiAgentA2C,3,CAT,0.1241264289995474,0.16007280145394395,0.811311866608262,1.0596802883778171,-0.22386869604567616,0.5544608567078166,0.5312217194570136,18577.24131523991,0.6719517183715917,0.00045167118337850043,0.12421585291043802,0.1600733479690752,0.8118068359678835,1.0603304037666095,-0.2238686960456765,0.5548603047435178,0.5312217194570136,18583.734016363767,0.6725360614727389,2017-03-10,2021-08-02
MultiAgentA2C,3,RTX,0.01276932374970241,0.15499078005006872,0.15950753105657395,0.18536513430838789,-0.3424696740861829,0.03728599848665431,0.5244239631336406,11748.015157483447,0.05732136417351019,0.016711833785004515,0.01577952990602638,0.15487164193255148,0.1786651435777021,0.20600103232803185,-0.33918069816170626,0.046522487840694876,0.5337711069418386,11902.180500575176,0.0711962450517658,2017-03-10,2021-08-02
MultiAgentA2C,3,BA,0.06610828520848999,0.2448782538446765,0.3835668609229709,0.5015783777097705,-0.5106019918791629,0.12947126384131874,0.5049773755656108,14719.217100231268,0.32472953902081403,0.00045167118337850043,0.06619316228677197,0.2448783943316588,0.38389200561699127,0.5020038472486532,-0.5106019918791631,0.12963749327173985,0.5049773755656108,14724.36558638792,0.32519290277491275,2017-03-10,2021-08-02
MultiAgentPPO,3,PORTFOLIO,0.22338339404184238,0.2360340630954187,0.9733386576706032,1.1038258710204205,-0.3533171445928045,0.6322461206893601,0.5669077757685352,242465.47646826223,1.4246547646826224,0.019873532068654026,0.22554660353073763,0.23518100396177488,0.9835326066642441,1.1140986079035253,-0.3524555927984492,0.6399291375685897,0.5669077757685352,244354.49233500392,1.4435449233500393,2017-03-10,2021-08-02
MultiAgentPPO,3,NVDA,0.6079949627606072,0.4718982027439509,1.2451696339955327,1.6371476841965091,-0.5603844335719903,1.084960477729795,0.5520361990950227,89523.4144263559,7.057107298372031,0.0009033423667570009,0.6082444322956753,0.47190660508077054,1.2454851355317063,1.637591662731436,-0.5603844335719904,1.0854056534344052,0.5520361990950227,89584.44266733993,7.062599840060594,2017-03-10,2021-08-02
MultiAgentPPO,3,AAPL,-0.2713959955880496,0.25321356267508627,-1.121549973087771,-1.3385840337677803,-0.8190094583523065,-0.3313710150967578,0.4429223744292237,2765.047080590942,-0.7511457627468152,0.33965672990063234,-0.22638188070786391,0.25341734867649957,-0.8842181422049167,-1.0384779365526828,-0.7868375455272125,-0.28771108088923114,0.470532319391635,3598.080819602886,-0.6761727262357402,2017-03-10,2021-08-02
MultiAgentPPO,3,MSFT,0.4118441293294781,0.28349673122796293,1.3591563921857257,1.7461028510334673,-0.2803925699917681,1.4688125628349185,0.5636363636363636,50553.27494498039,3.549794745048235,0.016260162601626018,0.4158992081151931,0.28348267479020145,1.369341838553122,1.7562538005556683,-0.2803925699917681,1.4832747106223367,0.5668789808917197,51194.22574182074,3.6074803167638665,2017-03-10,2021-08-02
MultiAgentPPO,3,JPM,0.15386105264571115,0.31228943177011953,0.6139859887881317,0.8142142765149505,-0.4362651130468225,0.3526778741741788,0.5109090909090909,20834.783908946774,0.8751305518052097,0.0009033423667570009,0.1540448379205508,0.3122893116338791,0.6144964877054024,0.8148909418443472,-0.4362651130468226,0.3530991438777223,0.5109090909090909,20849.365691768322,0.876442912259149,2017-03-10,2021-08-02
MultiAgentPPO,3,BAC,0.0739687060471268,0.17455450720561422,0.49588235102363676,0.6571432284860232,-0.2727960959134652,0.2711501636394046,0.5196706312900274,15201.949299431175,0.3681754369488057,0.00045167118337850043,0.0740543095888535,0.17455418000161305,0.4963397279334111,0.6577052614893943,-0.27279609591346554,0.2714639641043268,0.5196706312900274,15207.272896665669,0.3686545606999101,2017-03-10,2021-08-02
MultiAgentPPO,3,MS,0.21027893517142604,0.3488145407077811,0.7205964804832035,0.9880681787113843,-0.5132583522085186,0.40969413213951406,0.514519056261343,25695.764254975897,1.3126187829478306,0.0009033423667570009,0.2104728353478773,0.34881166204015723,0.7210592630355701,0.9886516597952962,-0.5132583522085186,0.41007191493762524,0.514519056261343,25713.853455939996,1.3142468110345997,2017-03-10,2021-08-02
MultiAgentPPO,3,CAT,-0.07003893248373261,0.1487731673078215,-0.4117548979842837,-0.16921067010008467,-0.4354609792781603,-0.1608385959169804,0.36923076923076925,8076.584079812194,-0.27310743281690253,0.04697380307136405,-0.062278208119361356,0.1486610178791722,-0.3563267776687522,-0.1341576938069349,-0.4233708623746547,-0.14710083677003102,0.47115384615384615,8376.885909239347,-0.24608026816845885,2017-03-10,2021-08-02
MultiAgentPPO,3,RTX,0.07225117130020253,0.3284786036973902,0.37669603183926315,0.45795982750048403,-0.5198198492835023,0.1389927133405746,0.5354545454545454,15095.441372937705,0.35858972356439334,0.0009033423667570009,0.072421848681123,0.32847893129093825,0.3771807697482686,0.4585495941522101,-0.5198198492835022,0.13932105282425483,0.5354545454545454,15105.999566239092,0.3595399609615182,2017-03-10,2021-08-02
MultiAgentPPO,3,BA,0.06610828520848999,0.2448782538446765,0.3835668609229709,0.5015783777097705,-0.5106019918791629,0.12947126384131874,0.5049773755656108,14719.217100231268,0.32472953902081403,0.00045167118337850043,0.06619316228677197,0.2448783943316588,0.38389200561699127,0.5020038472486532,-0.5106019918791631,0.12963749327173985,0.5049773755656108,14724.36558638792,0.32519290277491275,2017-03-10,2021-08-02
MultiAgentDQN,3,PORTFOLIO,0.092573872306136,0.09682609312454299,0.9621222242746436,1.5655056696220548,-0.0966647456528752,0.9576797795400033,0.5189873417721519,147539.70750114648,0.47539707501146466,0.053146642577536894,0.11489115900453495,0.09752533671608944,1.1633496265412915,1.8608726414227428,-0.08196727009840055,1.40167116541285,0.5343580470162749,161244.71910311482,0.6124471910311482,2017-03-10,2021-08-02
MultiAgentDQN,3,NVDA,0.04821242037033646,0.06134211696609401,0.7976333723560001,0.3505838111868225,-0.12096566394331365,0.3985628549348478,0.37777777777777777,13664.3302633383,0.22978972370044692,0.02077687443541102,0.052032962276004735,0.0617877538624688,0.8511971545461007,0.3427645407132817,-0.12002150464788064,0.43353032799129754,0.6296296296296297,13884.46871837403,0.24960218465366268,2017-03-10,2021-08-02
MultiAgentDQN,3,AAPL,0.17102449843143974,0.1667510709812947,1.0303010686647378,1.3699835306701467,-0.23596316188824973,0.7247932137493376,0.5362318840579711,22230.95139803706,1.0007856258233354,0.023938572719060525,0.1760042906254513,0.16661336343827948,1.0564973134695006,1.4053238124037752,-0.234069424075521,0.7519320018861783,0.5371376811594203,22649.24644494746,1.0384321800452714,2017-03-10,2021-08-02
MultiAgentDQN,3,MSFT,-0.005161193033827227,0.07867807200492608,-0.026163636530070335,-0.006261779954743159,-0.11988178174970687,-0.04305235506595102,0.3684210526315789,10861.39234222366,-0.022474689199870612,0.01987353206865402,-0.0016758433760399871,0.07882255861950792,0.018360055844835504,0.003963167892483881,-0.11493311266035522,-0.014581031847561272,0.5185185185185185,11029.54622828775,-0.007340839454102466,2017-03-10,2021-08-02
MultiAgentDQN,3,JPM,0.056604138269568116,0.15637002923065269,0.43079622429144443,0.5158170485842929,-0.3179271176452739,0.17804124004522315,0.51,14151.44671661708,0.2736302044955372,0.005871725383920506,0.05772918685014394,0.15620223432143757,0.4378899625845126,0.5253201861182829,-0.31688515250695604,0.18217700133134737,0.51,14217.758593688624,0.2795982734319762,2017-03-10,2021-08-02
MultiAgentDQN,3,BAC,-0.10239718089747318,0.2173813161065056,-0.3882084966672899,-0.4991692951630515,-0.44510805263101105,-0.2300501648806591,0.414,6912.945263055823,-0.37783492632497595,0.4787714543812105,-0.023196460074919045,0.21705986378740452,0.0003041125265180306,0.00037072581568539767,-0.312781762792803,-0.0741618049204651,0.5029655990510083,10022.63893711072,-0.09796249566003523,2017-03-10,2021-08-02
MultiAgentDQN,3,MS,0.00970059938406953,0.32450023458586696,0.19291408877636307,0.2396277144253604,-0.40600152954591884,0.023893011917760252,0.4871559633027523,11592.445030457706,0.04332005274119344,0.4164408310749774,0.08681436835822276,0.32407608787717496,0.4198422369133317,0.5078817546371184,-0.40501458695864656,0.21434874484431055,0.5173076923076924,16017.062571671373,0.4415356314504235,2017-03-10,2021-08-02
MultiAgentDQN,3,CAT,0.1553306284606728,0.1599207839806254,0.9831808490594981,1.303304692711032,-0.19069087270148455,0.8145677150674844,0.534841628959276,20951.602734996777,0.8856442461497098,0.08355916892502259,0.17247796486240885,0.15991586734318602,1.0753835277999606,1.426214985365883,-0.18151095134474726,0.9502344821873481,0.5366515837104072,22352.418464914335,1.0117176618422903,2017-03-10,2021-08-02
MultiAgentDQN,3,RTX,0.19673462271878472,0.2024960410550489,0.9874523656651144,1.382711133843512,-0.22899679265033612,0.8591151886532589,0.5286624203821656,24456.309872265047,1.2010678885038542,0.15221318879855464,0.22924747858987615,0.20263019662471543,1.1193080057152203,1.5656903054362556,-0.228143978092885,1.0048368600662423,0.5336976320582878,27512.51198207942,1.4761260783871477,2017-03-10,2021-08-02
MultiAgentDQN,3,BA,0.17681933662652893,0.3821476895012589,0.6079296450138103,0.9678571116993623,-0.388113719481615,0.4555864112783699,0.49592760180995477,22718.28388015501,1.0446455492139508,0.04652213188798555,0.18659516813772603,0.38201364096730256,0.6296251952609618,1.0054946219771599,-0.37955534186550277,0.4916151811238291,0.4968325791855204,23559.067162041123,1.120316044583701,2017-03-10,2021-08-02
GARL_DDAL,3,PORTFOLIO,0.14014533013783348,0.1328366294960734,1.0540887323720696,1.3226740840614162,-0.18868571764464181,0.7427447709729356,0.5560578661844484,177917.25834692013,0.7791725834692014,0.032470139516209987,0.14996622259138648,0.1343883454847232,1.1073067019022402,1.3936742428809796,-0.18929018490365623,0.7922556717228385,0.5587703435804702,184748.49348485275,0.8474849348485274,2017-03-10,2021-08-02
GARL_DDAL,3,NVDA,0.3166222029209127,0.2413281600596411,1.2612125535118903,1.6919755987068028,-0.324299204710777,0.9763274109885315,0.5520361990950227,37199.179821591824,2.347926183943264,0.02122854561878952,0.32155712360916344,0.24132714786631995,1.2767350178147987,1.712225287082949,-0.3242992047107769,0.9915445950474687,0.5520361990950227,37815.576628137744,2.403401896532397,2017-03-10,2021-08-02
GARL_DDAL,3,AAPL,0.0,0.0,0.0,0.0,0.0,0.0,0.0,11111.111111111111,0.0,0.0,0.0,0.0,0.0,0.0,0.0,0.0,0.0,11111.111111111111,0.0,2017-03-10,2021-08-02
GARL_DDAL,3,MSFT,0.20393449729591273,0.14246341192116038,1.3743955685227895,1.7708611754467827,-0.14274380369425077,1.4286749548353705,0.5668789808917197,25109.284336722703,1.2598355903050433,0.00045167118337850043,0.2040306039988362,0.1424619305993916,1.3749691303050755,1.7714698852260902,-0.14274380369425066,1.4293482359196374,0.5668789808917197,25118.09058745889,1.2606281528713001,2017-03-10,2021-08-02
GARL_DDAL,3,JPM,-0.10262566671877227,0.1561447743407147,-0.6150062835960466,-0.7648782030440378,-0.4315480048529482,-0.23780822889852635,0.4890909090909091,6905.218498080188,-0.3785303351727831,0.00045167118337850043,-0.10255412189450674,0.15614465581693954,-0.6144964877054024,-0.764199061670899,-0.43154800485294875,-0.23764244241947627,0.4890909090909091,6907.63723047591,-0.3783126492571681,2017-03-10,2021-08-02
GARL_DDAL,3,BAC,0.12223173140224275,0.3098358019606223,0.5263577503552811,0.6925855657610552,-0.3611836463694805,0.3384198942307681,0.48821218074656186,18440.086467261277,0.6596077820535149,0.0984643179765131,0.1418502696504742,0.30995171868605265,0.5821990023335032,0.7512893004249631,-0.3584348437940277,0.3957491078406082,0.5160955347871236,19898.77288604802,0.7908895597443217,2017-03-10,2021-08-02
GARL_DDAL,3,MS,0.28008227575021016,0.25869399764768136,1.0820389220376723,1.5846719820013868,-0.23478232200228788,1.192944483049626,0.4811957569913211,32872.91347256004,1.9585622125304032,0.14634146341463414,0.3135033496762647,0.25876219359183517,1.1815157548900206,1.6903270646522248,-0.22067788382320552,1.4206378285167245,0.5186335403726708,36813.64042092176,2.3132276378829584,2017-03-10,2021-08-02
GARL_DDAL,3,CAT,0.1241264289995474,0.16007280145394395,0.811311866608262,1.0596802883778171,-0.22386869604567616,0.5544608567078166,0.5312217194570136,18577.24131523991,0.6719517183715917,0.00045167118337850043,0.12421585291043802,0.1600733479690752,0.8118068359678835,1.0603304037666095,-0.2238686960456765,0.5548603047435178,0.5312217194570136,18583.734016363767,0.6725360614727389,2017-03-10,2021-08-02
GARL_DDAL,3,RTX,0.03043978441016648,0.15189968470115267,0.2734264031427192,0.3248444120719101,-0.27861519378813016,0.10925385653344548,0.5235892691951897,12675.46765636806,0.14079208907312535,0.017615176151761516,0.033666655238121956,0.15177942340349984,0.29411563503469407,0.3466145709724781,-0.27552588667478706,0.12219053405264929,0.5334590009425071,12850.765604303884,0.1565689043873495,2017-03-10,2021-08-02
GARL_DDAL,3,BA,0.07113858297383335,0.42411501459688034,0.37206271712440936,0.5254371573921927,-0.6738345390326586,0.10557277618324266,0.5027124773960217,15026.755667985044,0.35240801011865397,0.052393857271906055,0.08108059822532665,0.42412227475109593,0.39384788555368494,0.5557129309693336,-0.6685248583655068,0.12128284716826034,0.5049773755656108,15649.165000031648,0.4084248500028482,2017-03-10,2021-08-02
GARL_DDAL_SECTOR,3,PORTFOLIO,0.11943405842003596,0.1311119777715046,0.9263302495722885,1.142059012561456,-0.19522531977032465,0.6117754528999911,0.5587703435804702,164150.9804991146,0.6415098049911461,0.03307236776071466,0.1284807665162282,0.1326734478182792,0.9776617500537915,1.2097111883159588,-0.19637674550555018,0.6542565220004471,0.5614828209764918,170058.89478923695,0.7005889478923695,2017-03-10,2021-08-02
GARL_DDAL_SECTOR,3,NVDA,0.31246933296499035,0.23902792542582305,1.2578292273533729,1.6767430392485345,-0.3242992047107771,0.9635217367975444,0.5520361990950227,36686.50334703807,2.3017853012334264,0.008581752484191508,0.3144529475406377,0.2390370121395364,1.264114411353435,1.684902475953223,-0.3242992047107769,0.969638355484342,0.5520361990950227,36930.69731715739,2.323762758544165,2017-03-10,2021-08-02
GARL_DDAL_SECTOR,3,AAPL,0.0,0.0,0.0,0.0,0.0,0.0,0.0,11111.111111111111,0.0,0.0,0.0,0.0,0.0,0.0,0.0,0.0,0.0,11111.111111111111,0.0,2017-03-10,2021-08-02
GARL_DDAL_SECTOR,3,MSFT,0.20393449729591273,0.14246341192116038,1.3743955685227895,1.7708611754467827,-0.14274380369425077,1.4286749548353705,0.5668789808917197,25109.284336722703,1.2598355903050433,0.00045167118337850043,0.2040306039988362,0.1424619305993916,1.3749691303050755,1.7714698852260902,-0.14274380369425066,1.4293482359196374,0.5668789808917197,25118.09058745889,1.2606281528713001,2017-03-10,2021-08-02
GARL_DDAL_SECTOR,3,JPM,-0.10262566671877227,0.1561447743407147,-0.6150062835960466,-0.7648782030440378,-0.4315480048529482,-0.23780822889852635,0.4890909090909091,6905.218498080188,-0.3785303351727831,0.00045167118337850043,-0.10255412189450674,0.15614465581693954,-0.6144964877054024,-0.764199061670899,-0.43154800485294875,-0.23764244241947627,0.4890909090909091,6907.63723047591,-0.3783126492571681,2017-03-10,2021-08-02
GARL_DDAL_SECTOR,3,BAC,0.05004058880004281,0.3374154769618954,0.31282290265257573,0.4074458375452925,-0.4439480853987309,0.11271720826343687,0.49109653233364575,13769.329749005192,0.23923967741046726,0.08039747064137308,0.06510694743974765,0.33723429067885496,0.3550451600969685,0.4548265101633341,-0.4215366534249415,0.15445145021378442,0.512720156555773,14658.582705299372,0.3192724434769434,2017-03-10,2021-08-02
GARL_DDAL_SECTOR,3,MS,0.18239117132020732,0.2529853368900804,0.7867136153180493,1.145286792056619,-0.3554948710156529,0.5130627364583733,0.475266731328807,23194.603467040648,1.0875143120336581,0.1915085817524842,0.22302881950077258,0.25286255340009,0.9206943444094207,1.3117232881377836,-0.33661031455572343,0.6625727431886278,0.5145833333333333,26906.3249364439,1.4215692442799508,2017-03-10,2021-08-02
GARL_DDAL_SECTOR,3,CAT,0.1241264289995474,0.16007280145394395,0.811311866608262,1.0596802883778171,-0.22386869604567616,0.5544608567078166,0.5312217194570136,18577.24131523991,0.6719517183715917,0.00045167118337850043,0.12421585291043802,0.1600733479690752,0.8118068359678835,1.0603304037666095,-0.2238686960456765,0.5548603047435178,0.5312217194570136,18583.734016363767,0.6725360614727389,2017-03-10,2021-08-02
GARL_DDAL_SECTOR,3,RTX,0.02014267758995203,0.1534804222677714,0.20678544914889707,0.24262230183934,-0.311743221001052,0.06461304122434809,0.5240295748613678,12128.40414030176,0.09155637262715843,0.016711833785004515,0.02317335408059229,0.15336796894349242,0.22615860256099482,0.263281671995179,-0.308795783593362,0.07504426974659777,0.5333960489181562,12287.484965240103,0.10587364687160927,2017-03-10,2021-08-02
GARL_DDAL_SECTOR,3,BA,0.09673408911601888,0.4076366409944427,0.42877661964732255,0.606975216966553,-0.6607886964929692,0.14639186419110928,0.5027124773960217,16669.284534575025,0.5002356081117523,0.06684733514001806,0.10973920454494857,0.40763943246116635,0.4577008896372158,0.6471773822124701,-0.6540775802821766,0.16777704641337166,0.5049773755656108,17555.2319196865,0.5799708727717849,2017-03-10,2021-08-02
ARIMAX,4,NVDA,0.004673526472657841,0.18568644989451388,0.11702578201837176,0.17287774736821554,-0.32973863171304674,0.014173427142516173,0.465391621129326,102071.23966250898,0.020712396625089724,0.42496343427138233,0.08284066857862848,0.18588184018963944,0.52018880228399,0.7695060928110913,-0.2490842188418202,0.33258095982080693,0.4927007299270073,141897.3640629704,0.41897364062970377,2021-08-03,2025-12-30
ARIMAX,4,AAPL,-0.034195033856243784,0.12261088268167683,-0.22389902639169346,-0.32424974288234615,-0.283011590774467,-0.12082555969763772,0.45901639344262296,85814.65889262395,-0.14185341107376048,0.28429369470934995,0.015490323716807364,0.12251435083981682,0.1852595253836931,0.26411799506512634,-0.23526269746497208,0.06584266814807603,0.5013698630136987,106992.24019766488,0.0699224019766489,2021-08-03,2025-12-30
ARIMAX,4,MSFT,0.004378917737756005,0.10123721915000283,0.0934394511957827,0.13210360870716636,-0.12875598888144635,0.03400942958690603,0.45901639344262296,101939.70295389798,0.019397029538979815,0.3069536244925312,0.060272200461829684,0.10109069685188717,0.6291990414472898,0.8735779392480211,-0.10062940129809694,0.5989521917484519,0.5186873290793071,129346.82074420442,0.29346820744204427,2021-08-03,2025-12-30
ARIMAX,4,JPM,-0.10795029011992152,0.09551666424774594,-1.1476859443847602,-1.3027912284917524,-0.42431894729590913,-0.2544083661780009,0.4307832422586521,60515.87857877643,-0.3948412142122357,0.371093319901991,-0.04757776545654002,0.09550411341758724,-0.46241224383548485,-0.5113272241174861,-0.27224768246195274,-0.17475912017428882,0.495897903372835,80708.09942854986,-0.19291900571450138,2021-08-03,2025-12-30
ARIMAX,4,BAC,-0.18386528798115642,0.10190663835364423,-1.9414782475210812,-2.046661717645981,-0.6049125608780729,-0.30395349654215,0.412568306010929,40929.10613479662,-0.5907089386520339,0.3540181248277852,-0.1311995042761579,0.10151921590785379,-1.333744781331605,-1.369945260775816,-0.5007828227139035,-0.2619888269432755,0.46562786434463793,53881.80908701753,-0.4611819091298247,2021-08-03,2025-12-30
ARIMAX,4,MS,-0.1864250141574686,0.10972258423431176,-1.8244842778655406,-2.0517398013450645,-0.5977127983407506,-0.3118973103386509,0.42531876138433516,40367.68425709363,-0.5963231574290637,0.3676021557763886,-0.13184971806656887,0.1094255302338646,-1.2368421637443354,-1.3649716533093215,-0.4971060850977205,-0.26523456867491374,0.4785388127853881,53704.73074273092,-0.4629526925726908,2021-08-03,2025-12-30
ARIMAX,4,CAT,-0.15725912778602846,0.10616198550929955,-1.5578030718388414,-1.7921070651092141,-0.5428007280676733,-0.28971797504004504,0.4143897996357013,47129.164878403164,-0.5287083512159684,0.4053983589164832,-0.0947036454874075,0.10570881745887431,-0.8879788733096792,-1.0063845865467365,-0.3875222025761039,-0.24438250210659618,0.4681238615664845,64567.88591105412,-0.35432114088945876,2021-08-03,2025-12-30
ARIMAX,4,RTX,-0.08471899745316613,0.08701785403941213,-0.973443486128208,-1.0901965374557894,-0.33872235133759165,-0.25011339558377693,0.4207650273224044,67758.16278193356,-0.3224183721806645,0.3760136131685496,-0.0219292508730764,0.08695641057138226,-0.21134913122365126,-0.22840569064590524,-0.136165542461804,-0.16104845966612885,0.48760330578512395,90710.9597665399,-0.092890402334601,2021-08-03,2025-12-30
ARIMAX,4,BA,0.023764543836056973,0.14988530555059681,0.23145055573953102,0.294651374062966,-0.22992734607763832,0.10335675265017207,0.47540983606557374,110878.66557915643,0.10878665579156421,0.2826277873444928,0.07609546759283914,0.1498658513697068,0.5641483912560848,0.7027171879122404,-0.17980595851227577,0.42320882034420415,0.5182481751824818,138051.90884072383,0.38051908840723825,2021-08-03,2025-12-30
RandomForest,4,NVDA,-0.031747082494800516,0.20236402710605847,-0.058655050235260284,-0.07709424692490977,-0.3444394641075532,-0.092170281872484,0.44990892531876137,86775.12794811002,-0.1322487205188998,0.2917038993498704,0.019355681872449404,0.2025456359424345,0.19544679639927007,0.2548614509364967,-0.27420094863723243,0.07058940521047194,0.4762773722627737,108794.4798903617,0.08794479890361706,2021-08-03,2025-12-30
RandomForest,4,AAPL,-0.033982692963237304,0.11997063600193608,-0.22890191191125467,-0.3062839669318731,-0.3077788686470476,-0.11041269048983257,0.4435336976320583,85897.6453211019,-0.141023546788981,0.21670616108261456,0.003670054408317247,0.11992882244842663,0.089765401186611,0.11774856412106338,-0.2513155490699388,0.014603371824382838,0.4904109589041096,101623.74674000264,0.016237467400026295,2021-08-03,2025-12-30
RandomForest,4,MSFT,0.01592688309394319,0.09691977198665279,0.21132293456323484,0.2800674111973962,-0.11481570639432881,0.13871693685568684,0.4672131147540984,107194.6241739686,0.07194624173968589,0.1563057701178135,0.04434104688679885,0.09677454836851564,0.49655316704980906,0.6545825488668008,-0.10486474261058054,0.42284037306476896,0.49316317228805834,121017.03654386628,0.21017036543866285,2021-08-03,2025-12-30
RandomForest,4,JPM,-0.053252889157091254,0.09127324293532592,-0.5537594753462162,-0.6751838153218651,-0.26421296882251133,-0.2015528964926192,0.44626593806921677,78614.92364261477,-0.21385076357385235,0.20996224126379476,-0.017519570069123414,0.09122071053793593,-0.14805940101139242,-0.17801845127367957,-0.16268577755782976,-0.10768962310116967,0.4813126709206928,92522.97006084047,-0.0747702993915953,2021-08-03,2025-12-30
RandomForest,4,BAC,-0.011113475842801535,0.09614661916302651,-0.06812927371293083,-0.08490607128363396,-0.21199065304469644,-0.05242436722178667,0.47358834244080145,95205.01509729479,-0.04794984902705213,0.23489405893139667,0.030716747184758475,0.09619239630924545,0.36265769437552403,0.4430510420470899,-0.16734023830665157,0.18355864372841355,0.5160403299725023,114227.6786528297,0.142276786528297,2021-08-03,2025-12-30
RandomForest,4,MS,-0.10414133977088269,0.1152183764189804,-0.8957288725278921,-0.9462123040426896,-0.4548065171957948,-0.22897943594341616,0.43624772313296906,61660.26751601478,-0.3833973248398522,0.2279172654144199,-0.06735427828714158,0.1150315748429339,-0.5476741570406644,-0.5675700902869161,-0.3673490902059199,-0.18335223928113095,0.4703196347031963,73595.22337255563,-0.2640477662744437,2021-08-03,2025-12-30
RandomForest,4,CAT,-0.04695001392756826,0.11628310268840823,-0.3552742547525438,-0.43154817293291114,-0.2769226696732644,-0.16954196629320256,0.4790528233151184,80942.25297762586,-0.19057747022374139,0.20907238997604544,-0.011136428910217044,0.11626592961798077,-0.038119706011260725,-0.045867216995321564,-0.2378755750735495,-0.04681619332616952,0.5081967213114754,95195.29935026054,-0.04804700649739457,2021-08-03,2025-12-30
RandomForest,4,RTX,-0.028721203522562577,0.06890777408102548,-0.3885597036516549,-0.49982948203862126,-0.18325991843415013,-0.1567238693980038,0.42531876138433516,87973.8043605449,-0.12026195639455095,0.17309325467531073,0.001407225474983731,0.06874723917803488,0.054676608012898226,0.0701360512037718,-0.12923279979031088,0.010889073650551959,0.4637281910009183,100620.21293547154,0.006202129354715424,2021-08-03,2025-12-30
RandomForest,4,BA,-0.055940836285175655,0.1516863197241735,-0.3037856775208733,-0.39701641468466786,-0.3697811065224137,-0.15128094783226814,0.4544626593806922,77638.27922552271,-0.2236172077447729,0.17064246034086106,-0.027097073457431953,0.15177190895146883,-0.10528167902953256,-0.13630380839314574,-0.3278778975921858,-0.08264379409659162,0.48083941605839414,88622.44295804622,-0.11377557041953779,2021-08-03,2025-12-30
LSTM,4,NVDA,0.014703945828762555,0.20431930552840877,0.1733027427700054,0.2256517954204501,-0.3270140500153922,0.044964263242115915,0.5163934426229508,106628.42922891628,0.06628429228916288,0.10176101605171907,0.03306894557753548,0.20438477331646743,0.2610749245876429,0.33850652637091344,-0.31732608665036244,0.10421124190136831,0.5273722627737226,115378.28905344119,0.15378289053441185,2021-08-03,2025-12-30
LSTM,4,AAPL,0.05974212146122815,0.1236642776978894,0.5290985464914292,0.8153362679156007,-0.1286229099523919,0.46447496393403725,0.48451730418943534,129062.73500836248,0.2906273500836247,0.1492812669634398,0.08801421053613989,0.12365244119771206,0.7421107435193477,1.1278971882372197,-0.10877778706158991,0.8091193332174178,0.5150684931506849,144902.47307770728,0.44902473077707294,2021-08-03,2025-12-30
LSTM,4,MSFT,0.014827625060357397,0.10802719979962358,0.18967023110569758,0.27271938964043346,-0.20833958845134137,0.07117046342740786,0.4672131147540984,106685.58493115004,0.06685584931150035,0.1270616573919347,0.03782484686649901,0.10806068289746369,0.3970289578527198,0.5645104913159217,-0.17143210559017164,0.22064039134491936,0.495897903372835,117732.04678203934,0.17732046782039346,2021-08-03,2025-12-30
LSTM,4,JPM,0.014187625851339591,0.09554716441610527,0.19502007735228113,0.2839096514534479,-0.19434250441358814,0.07300320583060066,0.4690346083788707,106390.07850419429,0.06390078504194285,0.1078687128796178,0.033670256366731044,0.09553283235975207,0.3942273605514013,0.5691702238234471,-0.17223658743011216,0.19548840852640154,0.495897903372835,115673.86039795689,0.15673860397956885,2021-08-03,2025-12-30
LSTM,4,BAC,0.05630746477595627,0.1055549048089922,0.5716097581696833,0.7663884703150223,-0.2855154790191049,0.19721335238776505,0.4899817850637523,127233.6570628056,0.27233657062805605,0.14466269843418092,0.08361423077030494,0.10545728178851457,0.8141184009223341,1.0807585228545464,-0.2587211208913862,0.32318285605065483,0.5105407882676444,142343.6067806558,0.42343606780655807,2021-08-03,2025-12-30
LSTM,4,MS,-0.024164966850907743,0.11471689109627498,-0.1563860870414949,-0.2020449364140963,-0.24758433438060312,-0.0976029719786703,0.4744990892531876,89802.80663398743,-0.10197193366012569,0.10115416878330144,-0.006599604357744093,0.11476026436996212,-0.0008411477898499361,-0.001073993037554899,-0.21844437422278495,-0.03021183027132277,0.4977168949771689,97130.62316586664,-0.028693768341333636,2021-08-03,2025-12-30
LSTM,4,CAT,-0.028497208545508412,0.11369676599772337,-0.1972670212220608,-0.223803607107482,-0.2032927943286862,-0.1401781535819405,0.4872495446265938,88063.04384842826,-0.11936956151571732,0.1363331343295175,-0.0048529590173334025,0.11374371775110653,0.014247314724848035,0.015975155545970534,-0.178100961735829,-0.027248359413867898,0.5091074681238615,97883.75773952613,-0.021162422604738662,2021-08-03,2025-12-30
LSTM,4,RTX,-0.06987301198749973,0.0942235604788573,-0.7213392378258381,-0.7859736942828603,-0.2894152847671523,-0.241428202535038,0.48269581056466304,72725.33783167024,-0.27274662168329755,0.10097674516581187,-0.05314961650383632,0.09419507137080022,-0.5324573008323459,-0.5722279705150111,-0.2323833842354246,-0.22871521851145402,0.5032139577594124,78652.63533497571,-0.21347364665024293,2021-08-03,2025-12-30
LSTM,4,BA,-0.08450342803691335,0.15919789041427726,-0.47426763858982635,-0.5224094935596207,-0.44457866142556535,-0.19007531258011479,0.4936247723132969,67828.35795691583,-0.3217164204308417,0.08088571797631589,-0.07133815695541645,0.15917149114654108,-0.3847056182181764,-0.4199139361242584,-0.43221473561792856,-0.16505257936989526,0.5082116788321168,72222.99369796689,-0.27777006302033114,2021-08-03,2025-12-30
TCN,4,NVDA,-0.039664721337507314,0.19648282428233685,-0.1086541539909038,-0.15316773156652203,-0.3585725335921336,-0.11061840386978676,0.4808743169398907,83698.27105147223,-0.16301728948527772,0.17446001142838838,-0.009646890421246335,0.19648597761110867,0.04797325022594427,0.06730068675388433,-0.339876220268039,-0.028383540377253928,0.49635036496350365,95827.39247181691,-0.04172607528183081,2021-08-03,2025-12-30
TCN,4,AAPL,-0.029634711315295825,0.12171026848783621,-0.18753102523932,-0.28358234252391473,-0.2960303863577015,-0.100106991312329,0.43806921675774135,87610.58652183485,-0.12389413478165157,0.2356735630839571,0.011574363320287162,0.1215893175491067,0.15419417983624475,0.22978371103744552,-0.2228510664617509,0.05193766179384082,0.4776255707762557,105190.01499083891,0.05190014990838909,2021-08-03,2025-12-30
TCN,4,MSFT,0.04417730706847234,0.10315734948522955,0.46981700897610174,0.7611485899693976,-0.10274452732780326,0.429972361715442,0.4644808743169399,120933.63347320807,0.2093363347320807,0.17492336958009047,0.0768919227037721,0.10316377865166138,0.7688896318039578,1.2354607794860444,-0.10087835783900312,0.7622241712785195,0.4995442114858706,138501.72810194548,0.38501728101945476,2021-08-03,2025-12-30
TCN,4,JPM,-0.003640585307607136,0.0982154877701333,0.011971150840453524,0.01580110354485216,-0.19704984757997512,-0.018475453558164052,0.45264116575591984,98409.1669400758,-0.015908330599242015,0.18158034179120008,0.02878064316652429,0.09830076993906946,0.33780533694207415,0.439192740897284,-0.1498416913174122,0.19207366730503436,0.4886052871467639,113287.27510013916,0.13287275100139162,2021-08-03,2025-12-30
TCN,4,BAC,-0.05826818670930878,0.10158071284980873,-0.5400925255138987,-0.6580851094843514,-0.3055166376652563,-0.19072017535474176,0.46174863387978143,76800.2502004331,-0.23199749799566893,0.3262389650694235,-0.002471701960597761,0.10155724312290934,0.026443901085821984,0.031743895361543054,-0.19152409630702816,-0.012905435964754162,0.5013748854262144,98917.78900669308,-0.010822109933069202,2021-08-03,2025-12-30
TCN,4,MS,0.06413848385804588,0.1136955661702929,0.6038992789991483,0.7111577385092565,-0.13903768614347722,0.4613028714521286,0.5027322404371585,131433.5230249429,0.3143352302494291,0.13026549998267992,0.08886621625341262,0.11370568833489696,0.8059359736047598,0.9379619021982302,-0.13460087174927438,0.6602202132757858,0.5214611872146119,145402.04790502187,0.4540204790502187,2021-08-03,2025-12-30
TCN,4,CAT,-0.03345803978854067,0.11770693874898004,-0.23029999384543662,-0.2967480152249441,-0.33689969582000656,-0.09931157612684846,0.45901639344262296,86102.95454868214,-0.13897045451317858,0.22773102280860696,0.006160058320527906,0.11773796808809035,0.11095694418820548,0.1412270115144864,-0.2723967234608322,0.022614289343365238,0.4918032786885246,102736.94673209084,0.02736946732090839,2021-08-03,2025-12-30
TCN,4,RTX,0.02863206723984746,0.08687535452734652,0.3682719426441352,0.5022517610175441,-0.15661322951433498,0.1828202338246702,0.4471766848816029,113215.3567877804,0.13215356787780408,0.18844848754576085,0.06339404976623952,0.08688977164272138,0.7507911178659521,1.002826184037094,-0.14957969920152925,0.42381452900790034,0.4903581267217631,131029.73126904471,0.31029731269044714,2021-08-03,2025-12-30
TCN,4,BA,-0.17080206492228034,0.15147250244472557,-1.1606564111809516,-1.3272955183153587,-0.56227904878246,-0.3037674359237274,0.48360655737704916,43888.86606370362,-0.5611113393629638,0.12910377583348043,-0.15168687019173865,0.15147015723576762,-1.010321952626391,-1.1379477463349859,-0.5161812930074154,-0.29386355578283135,0.5109489051094891,48514.77669817311,-0.5148522330182689,2021-08-03,2025-12-30
TFT,4,NVDA,-0.12913643902485472,0.20824449482725108,-0.55896780435787,-0.671518753666187,-0.5173415450641907,-0.24961544313792106,0.4772313296903461,54446.649320503624,-0.45553350679496374,0.06970502199740497,-0.11835749654942451,0.2082529359652988,-0.49990172614040507,-0.597452963510008,-0.49704861838362446,-0.23812056239954305,0.48905109489051096,57472.58860821971,-0.4252741139178029,2021-08-03,2025-12-30
TFT,4,AAPL,-0.041033042031947464,0.11956967844573829,-0.290505250564653,-0.3535072022251322,-0.2669447212605912,-0.153713629691486,0.48360655737704916,83175.18918099547,-0.16824810819004532,0.05547231376812118,-0.031600275532183364,0.11955823296427419,-0.20868745405072314,-0.25220052660092657,-0.24043754366525605,-0.13142820813449235,0.4977168949771689,86832.99137591946,-0.13167008624080534,2021-08-03,2025-12-30
TFT,4,MSFT,-0.040902535482720825,0.11353760775356242,-0.3110127337705817,-0.38951613611769026,-0.276037289685364,-0.14817757241908447,0.48269581056466304,83224.9700027451,-0.16775029997254898,0.05203211530221588,-0.03205537408169501,0.11351806968053389,-0.23021160161938417,-0.28719711982387314,-0.2538508190626636,-0.1262764256584182,0.49134001823154055,86653.71290952401,-0.13346287090475994,2021-08-03,2025-12-30
TFT,4,JPM,0.04651018625385972,0.10166478616274796,0.49789755610640535,0.6677113356269794,-0.15094910637586645,0.3081183278955516,0.49635701275045535,122126.11617685363,0.22126116176853627,0.04860973274090753,0.055520011825797244,0.10167105239463906,0.5822051019817096,0.7752482745084378,-0.14799948182493416,0.3751365284607607,0.512306289881495,126817.14690007997,0.2681714690007997,2021-08-03,2025-12-30
TFT,4,BAC,0.07731789739549555,0.11106013235064394,0.7263355680272695,0.9230848247908351,-0.18353101361689783,0.42127973834922927,0.5081967213114754,138742.7729495709,0.38742772949570914,0.053414146554713125,0.08751036164279147,0.11108689725641373,0.8109793503404263,1.0236860865707436,-0.167805080865446,0.5215000713414715,0.5206232813932172,144607.66514183482,0.4460766514183483,2021-08-03,2025-12-30
TFT,4,MS,0.048857255790126564,0.1283633464814281,0.4358393709678325,0.5442143014298323,-0.17227698790658452,0.28359710942136346,0.505464480874317,123334.99942275841,0.23334999422758407,0.044022291426108695,0.05703179070703035,0.12836719682608394,0.49632097583057244,0.6171301930121388,-0.17079122267280222,0.3339269419968408,0.5123287671232877,127617.7096436963,0.276177096436963,2021-08-03,2025-12-30
TFT,4,CAT,-0.04319092486695031,0.13017976910210163,-0.2738055992347961,-0.33878478464477896,-0.36857117254384786,-0.1171847612737863,0.4681238615664845,82355.4092871582,-0.176445907128418,0.048843299903977164,-0.03491082536527079,0.13018615301246428,-0.20761034072186652,-0.2557638692621733,-0.3539873799971832,-0.09862166658469178,0.4781420765027322,85535.37163689068,-0.14464628363109322,2021-08-03,2025-12-30
TFT,4,RTX,-0.056083223490823175,0.09879272036235595,-0.5344958543499941,-0.6055297232802094,-0.2604665756219505,-0.21531831236659,0.47176684881602915,77586.80668253673,-0.22413193317463276,0.05786186493244951,-0.04639663925999704,0.09878522297839559,-0.4312129407135064,-0.4823223731317075,-0.23855356203451905,-0.19449149643501604,0.48943985307621674,81149.09861888208,-0.18850901381117913,2021-08-03,2025-12-30
TFT,4,BA,-0.0878685175344428,0.1656747273877404,-0.47205537832135497,-0.6061316868516603,-0.5539846273144309,-0.15861183361784936,0.46994535519125685,66738.97974126824,-0.33261020258731766,0.04663783817531975,-0.08033441902295191,0.1656996240712526,-0.42233488369948446,-0.540251737322529,-0.5439074499144373,-0.14769869218667517,0.479014598540146,69196.9840280736,-0.30803015971926406,2021-08-03,2025-12-30
SingleAgentA2C,4,PORTFOLIO,0.18353181666926655,0.17920666373015123,1.0300433964905533,1.4344604767073226,-0.1996118180674029,0.9194436403925411,0.5383920505871725,209777.74258044586,1.0977774258044586,0.002206177296430005,0.18667626916009827,0.1780888401279771,1.050295371834511,1.4636937186032801,-0.1972297826402234,0.946491278655535,0.5401987353206865,212239.37485668767,1.1223937485668767,2021-08-03,2025-12-30
SingleAgentA2C,4,NVDA,0.6678388524696011,0.5342210044282737,1.2224007462537372,1.9822591033174035,-0.6633509053232787,1.0067655702439047,0.534841628959276,105324.69746136844,8.47922277152316,0.0009025270758122744,0.6680984795419029,0.5342270364386479,1.2226849554603743,1.9827423675746936,-0.6633509053232785,1.0071569574723211,0.534841628959276,105396.80491345562,8.485712442211005,2021-08-03,2025-12-30
SingleAgentA2C,4,AAPL,0.09136111994916796,0.1411627842196795,0.6897438265124641,1.0034718098360442,-0.1796142211895636,0.5086519282498576,0.5335144927536232,16319.177203760557,0.46872594833845005,0.004963898916967509,0.09231347856993444,0.14118528290592564,0.6958359164336445,1.0126862444819236,-0.17961422118956327,0.5139541733307832,0.5335144927536232,16381.88378932713,0.47436954103944173,2021-08-03,2025-12-30
SingleAgentA2C,4,MSFT,0.07437934333267071,0.13491590124961692,0.59914429968581,0.8835269043889097,-0.1412936507006437,0.5264167424639404,0.5207956600361664,15231.835339203682,0.3708651805283314,0.1286101083032491,0.09901258877700658,0.13499963100427542,0.7668236980003024,1.13223721319947,-0.14129365070064348,0.7007575236822419,0.527124773960217,16828.25400995088,0.5145428608955793,2021-08-03,2025-12-30
SingleAgentA2C,4,JPM,0.004365026236462732,0.02214946840093217,0.20755162360775084,0.031111437746361024,-0.020113626298800535,0.21701836215993722,0.3333333333333333,11325.944880054174,0.01933503920487567,0.0036101083032490976,0.005005827054554768,0.02210860013116972,0.23673960369729957,0.052735185724064854,-0.01941362629880039,0.2578512111806792,0.5,11357.751369085045,0.02219762321765395,2021-08-03,2025-12-30
SingleAgentA2C,4,BAC,0.06480433578463773,0.1355374210904978,0.5310376234922719,0.7844902076936051,-0.2555928433868614,0.2535451890041807,0.5081818181818182,14643.94494977764,0.31795504547998754,0.0004512635379061372,0.06488942458124658,0.1355350153257663,0.5316343728966818,0.785324263316136,-0.2555928433868616,0.25387809659064237,0.5081818181818182,14649.09081989533,0.3184181737905796,2021-08-03,2025-12-30
SingleAgentA2C,4,MS,0.0,0.0,0.0,0.0,0.0,0.0,0.0,11111.111111111111,0.0,0.0,0.0,0.0,0.0,0.0,0.0,0.0,0.0,11111.111111111111,0.0,2021-08-03,2025-12-30
SingleAgentA2C,4,CAT,0.0,0.0,0.0,0.0,0.0,0.0,0.0,11111.111111111111,0.0,0.0,0.0,0.0,0.0,0.0,0.0,0.0,0.0,11111.111111111111,0.0,2021-08-03,2025-12-30
SingleAgentA2C,4,RTX,0.057712262822569915,0.11849326962152926,0.5328976373681527,0.6986409241291136,-0.17433022984662983,0.3310513780274558,0.5149863760217984,14219.925038154568,0.27979325343391115,0.0582129963898917,0.06862940277325813,0.11847730152661677,0.6196423706698319,0.8098777768133597,-0.15562016826815694,0.4410058383627972,0.5209471766848816,14876.655332122307,0.3388989798910076,2021-08-03,2025-12-30
SingleAgentA2C,4,BA,-0.012997778316695685,0.36843683540999655,0.14874129236408862,0.20724983474703979,-0.516221980237674,-0.02517866114633742,0.5040723981900452,10489.995485904552,-0.055900406268590386,0.004512635379061372,-0.01221311488159682,0.3684402619503077,0.1509004462215449,0.21023130312018895,-0.5162219802376733,-0.02365864947473525,0.5040723981900452,10526.712400629109,-0.05259588394338022,2021-08-03,2025-12-30
SingleAgentPPO,4,PORTFOLIO,0.10471379394784353,0.12048568112795437,0.8868276029438149,1.2497314984303363,-0.16126101413989424,0.6493435162016538,0.5311653116531165,154939.34554574935,0.5493934554574935,0.0007019655034095467,0.10485209901416659,0.12049173479759126,0.8878285052048303,1.2509463132264835,-0.16127296732747898,0.6501529720182748,0.5311653116531165,155024.65194170724,0.5502465194170725,2021-08-03,2025-12-30
SingleAgentPPO,4,NVDA,0.33767948393605063,0.26711050221413685,1.2224007462537372,1.9822591033174035,-0.3934170197537684,0.8583245436290409,0.534841628959276,39930.565863527685,2.5937509277174917,0.0004512635379061372,0.3377847702662298,0.26711351821932394,1.2226849554603743,1.9827423675746936,-0.3934170197537692,0.8585921638002383,0.534841628959276,39944.38632874112,2.594994769586701,2021-08-03,2025-12-30
SingleAgentPPO,4,AAPL,0.15666036465630584,0.280256702186549,0.6587123455213721,0.9590621293815172,-0.3336051402453708,0.469598173880295,0.5335144927536232,21069.90580079651,0.8962915220716858,0.0009025270758122744,0.15684510503631777,0.28025450451126127,0.6592855866626589,0.9598051712018636,-0.3336051402453707,0.47015194346512845,0.5335144927536232,21084.706274028435,0.897623564662559,2021-08-03,2025-12-30
SingleAgentPPO,4,MSFT,0.13721186367393035,0.2626425133272524,0.6205741561568855,0.91702637414977,-0.37148496463451053,0.36936047683363904,0.523508137432188,19556.10209354022,0.7600491884186198,0.0009025270758122744,0.13739337801577678,0.26264061929086024,0.6211848049081797,0.9178303955382614,-0.37148496463450986,0.36984909510658925,0.523508137432188,19569.83014222877,0.7612847128005893,2021-08-03,2025-12-30
SingleAgentPPO,4,JPM,-0.22599369476415643,0.2452651714131469,-0.9210233883431033,-1.327697163173964,-0.7588639852186546,-0.2978052709920605,0.4620253164556962,3602.354729942758,-0.6757880743051519,0.0009025270758122744,-0.22587173232405366,0.2452725377836816,-0.9203466294314744,-1.3267614315484404,-0.7588639852186542,-0.2976445538642507,0.4620253164556962,3604.851183716328,-0.6755633934655305,2021-08-03,2025-12-30
SingleAgentPPO,4,BAC,0.11316378094783097,0.2710748421809956,0.5310376234922719,0.7844902076936051,-0.46642928830495756,0.24261722791696352,0.5081818181818182,17802.032101229743,0.6021828891106769,0.0009025270758122744,0.11334237700367744,0.2710700306515326,0.5316343728966818,0.785324263316136,-0.46642928830495745,0.24300012852017291,0.5081818181818182,17814.593555951415,0.6033134200356274,2021-08-03,2025-12-30
SingleAgentPPO,4,MS,0.0,0.0,0.0,0.0,0.0,0.0,0.0,11111.111111111111,0.0,0.0,0.0,0.0,0.0,0.0,0.0,0.0,0.0,11111.111111111111,0.0,2021-08-03,2025-12-30
SingleAgentPPO,4,CAT,-0.1462695064734646,0.14860538928726627,-0.9893542033932846,-1.360999508327638,-0.5531993376686111,-0.2644065104811929,0.4715447154471545,5543.537791969693,-0.5010815987227276,0.0004512635379061372,-0.1462021752240935,0.14861072524142088,-0.9887830330647589,-1.3602626221162941,-0.5531993376686114,-0.26428479802641136,0.4715447154471545,5545.4603536617815,-0.5009085681704397,2021-08-03,2025-12-30
SingleAgentPPO,4,RTX,0.21047709832885397,0.23674913305958717,0.9259155233918552,1.2318842197616753,-0.3283622809062462,0.6409904869340011,0.5245901639344263,25733.74991183215,1.3160374920648934,0.0009025270758122744,0.21067472837513002,0.23673186084868839,0.9266555943892262,1.2329753835337969,-0.3283622809062461,0.6415923527930475,0.5245901639344263,25752.2280885757,1.3177005279718128,2021-08-03,2025-12-30
SingleAgentPPO,4,BA,-0.010865862915309665,0.3684442294967174,0.15460293589142243,0.2153202437849151,-0.516221980237674,-0.021048818785877558,0.5049773755656108,10589.986141799487,-0.04690124723804623,0.0009025270758122744,-0.010706608535325235,0.36843933603878604,0.1550370977831899,0.21591677659068761,-0.5162219802376733,-0.020740318981372734,0.5049773755656108,10597.48490369259,-0.04622635866766689,2021-08-03,2025-12-30
SingleAgentDQN,4,PORTFOLIO,0.00399621973516906,0.08331127938070038,0.089470167058016,0.13246046106544707,-0.22897110504059592,0.0174529433941481,0.5049683830171635,101769.03179647785,0.01769031796477849,0.04998997192137986,0.02742046654830621,0.08478976408040394,0.3613866294432763,0.5357594245541852,-0.19718704075704097,0.13905815738718674,0.5112917795844625,112630.19609305,0.12630196093050006,2021-08-03,2025-12-30
SingleAgentDQN,4,NVDA,0.18041664629794507,0.351144552217706,0.6483666746802486,0.7796269102868011,-0.5650969530877539,0.3192667122201386,0.4836527621195039,23040.09356311054,1.0736084206799483,0.17644404332129965,0.21778267167912468,0.350990775478551,0.7373275110791941,0.8631962845092308,-0.5526517385960743,0.3940685543347202,0.5347394540942928,26423.65658924786,1.3781290930323076,2021-08-03,2025-12-30
SingleAgentDQN,4,AAPL,0.05268779510319166,0.2351735266493396,0.33522701379996134,0.4499480642696205,-0.30395930866779675,0.17333831733633534,0.5119047619047619,13925.310391836912,0.25327793526532205,0.13808664259927797,0.07861691332822374,0.2352632265912039,0.4386363492212458,0.5845391270677218,-0.29721997007877865,0.2645075070406144,0.5285313376987839,15497.760479682862,0.3947984431714575,2021-08-03,2025-12-30
SingleAgentDQN,4,MSFT,-0.1516149676036197,0.1934432620340691,-0.7529109094935592,-0.8763641897232248,-0.5619940162995432,-0.26978039481973565,0.41995073891625617,5392.539936982156,-0.514671405671606,0.27166064981949456,-0.10990207426907539,0.19321703048449065,-0.5057763463203482,-0.5775166799001688,-0.47022681078121265,-0.23372141219784823,0.4818435754189944,6659.540692252411,-0.40064133769728305,2021-08-03,2025-12-30
SingleAgentDQN,4,JPM,-0.21115833500189807,0.2412787917548735,-0.8616194737408216,-1.2252049886460785,-0.7286899569863854,-0.2897780228441426,0.45958219800181654,3915.974072549327,-0.6475623334705606,0.04422382671480144,-0.20497804314061518,0.24129624458089083,-0.8292272550354077,-1.1784894347650177,-0.7223369851642958,-0.28377066016354247,0.4635036496350365,4052.676042911771,-0.6352591561379406,2021-08-03,2025-12-30
SingleAgentDQN,4,BAC,0.10551368499108005,0.2705626593954153,0.5060369847077092,0.7458181549918494,-0.4726255077443602,0.22325008545275482,0.5081818181818182,17270.357713886155,0.5543321942497539,0.005415162454873646,0.10657695920300703,0.2705389351564567,0.5096122187080482,0.751035039394056,-0.4722512159466664,0.22567852787708495,0.5081818181818182,17343.510539297647,0.5609159485367883,2021-08-03,2025-12-30
SingleAgentDQN,4,MS,0.1406928289291376,0.20555845088250105,0.742582197680996,1.121037765027193,-0.30953052116112456,0.4545362066440635,0.5186194368755677,19820.67006919916,0.7838603062279244,0.21525270758122744,0.18483074144178158,0.2055014928852605,0.927558341057818,1.403136790917879,-0.2845688457297284,0.6495115126457872,0.5268915223336372,23421.323986535444,1.10791915878819,2021-08-03,2025-12-30
SingleAgentDQN,4,CAT,-0.28037658997444825,0.2970038022080768,-0.9577035878232207,-1.3158926587316901,-0.8121287504534818,-0.34523662635744606,0.4701627486437613,2615.01611406977,-0.7646485497337208,0.015342960288808664,-0.27841984378158224,0.2969854842945017,-0.9486494245539915,-1.3029807409955618,-0.8105384511341175,-0.3434998591269952,0.471441523118767,2646.4246856105997,-0.761821778295046,2021-08-03,2025-12-30
SingleAgentDQN,4,RTX,-0.11667393357631928,0.13156129961503177,-0.8767685641306526,-1.1051436377560886,-0.4518062820015524,-0.2582388475420056,0.47770700636942676,6439.633322319175,-0.42043300099127423,0.06092057761732852,-0.10710186565697499,0.13136673183352834,-0.7962626488987516,-1.0043763723002068,-0.4266124901308006,-0.2510518752607015,0.4822242479489517,6752.150336796022,-0.39230646968835803,2021-08-03,2025-12-30
SingleAgentDQN,4,BA,-0.03850153476510232,0.09118053492569675,-0.3843841946457934,-0.19902557717167246,-0.2192692287149165,-0.175590232112141,0.38596491228070173,9349.43661252466,-0.15855070487278067,0.06498194945848375,-0.027407016836580977,0.09110721876561344,-0.25887674895429835,-0.11580067690236935,-0.19027145271258272,-0.14404166492585221,0.5227272727272727,9833.152740715388,-0.11501625333561505,2021-08-03,2025-12-30
MultiAgentA2C,4,PORTFOLIO,0.1394243631720431,0.1448383285985819,0.9738641705545794,1.370218473819534,-0.21503556631452636,0.648378152329048,0.5438121047877146,177515.48844312585,0.7751548844312586,0.03675290814279985,0.15178002026341164,0.14704218742472344,1.0348517662750325,1.453323026553642,-0.20890832863123954,0.726538866391155,0.5465221318879856,186136.33343646527,0.8613633343646527,2021-08-03,2025-12-30
MultiAgentA2C,4,NVDA,0.42328739862819087,0.4230402868366805,1.0459755369877823,1.61776228429909,-0.5369159077140941,0.7883681458244108,0.5321266968325792,52451.54752490597,3.7206392772415366,0.1299638989169675,0.4561838176336306,0.42315259930647153,1.0998760818749804,1.701772732811661,-0.5279080006698254,0.8641350709873898,0.534841628959276,57995.00978482345,4.21955088063411,2021-08-03,2025-12-30
MultiAgentA2C,4,AAPL,0.0,0.0,0.0,0.0,0.0,0.0,0.0,11111.111111111111,0.0,0.0,0.0,0.0,0.0,0.0,0.0,0.0,0.0,11111.111111111111,0.0,2021-08-03,2025-12-30
MultiAgentA2C,4,MSFT,0.08237777925469736,0.20652028656717175,0.48593623988302165,0.6920026697309304,-0.2599705345111406,0.3168735234152746,0.5212285456187895,15736.761744895291,0.41630855704057623,0.06453068592057762,0.09477889842608489,0.20646426934779666,0.5412021405126384,0.770261119167787,-0.25107410420610243,0.3774937233203569,0.523508137432188,16545.080462804443,0.4890572416523997,2021-08-03,2025-12-30
MultiAgentA2C,4,JPM,0.07394776510486079,0.11745217506724395,0.6661127098574328,0.8951090730570677,-0.2824337794222407,0.26182337415918056,0.5209302325581395,15204.951144689168,0.3684456030220251,0.026624548736462094,0.07900610884981796,0.11742187234439526,0.7062820184519217,0.9443221307152482,-0.2738294435221559,0.28852305958626934,0.5353728489483748,15522.36273485301,0.3970126461367709,2021-08-03,2025-12-30
MultiAgentA2C,4,BAC,0.0008364537260736604,0.0019313870089308401,0.433866422216683,0.0,-0.00034999999999985043,2.389867788782908,0.5,11152.032991533173,0.0036829692379856116,0.0009025270758122744,0.0009954852968929728,0.002090926198135861,0.4769033687286063,0.0,0.0,0.0,1.0,11159.826458571451,0.004384381271430593,2021-08-03,2025-12-30
MultiAgentA2C,4,MS,0.06801913165315288,0.10767832055703537,0.6648966637621485,0.8128440773573744,-0.20689368564369182,0.3287636905956331,0.47741147741147744,14839.33727940686,0.3355403551466174,0.078971119133574,0.08299714985089102,0.10767731596229978,0.7942755700094791,0.9461375091805193,-0.19740123451331293,0.42044899088659754,0.5368852459016393,15776.393962847269,0.41987545665625414,2021-08-03,2025-12-30
MultiAgentA2C,4,CAT,0.28360621455895707,0.29723249694718024,0.9882106584609254,1.4965304808976907,-0.34047140378172747,0.8329810122343606,0.5284552845528455,33305.29089671812,1.9974761807046306,0.0009025270758122744,0.28381464016819,0.29722145048284176,0.9887830330647589,1.497425420601,-0.34047140378172747,0.8335931799727313,0.5284552845528455,33329.075257724464,1.9996167731952017,2021-08-03,2025-12-30
MultiAgentA2C,4,RTX,0.07852245230000676,0.11473665003341285,0.7163878158448286,0.9143218167321788,-0.20645456834457632,0.3803376836348392,0.5159176029962547,15491.793851029812,0.39426144659268303,0.0194043321299639,0.08221755185723723,0.11475227530880124,0.7461190819276765,0.945602734696947,-0.19947712725652644,0.41216530931642065,0.5262655205348615,15726.521665861514,0.4153869499275362,2021-08-03,2025-12-30
MultiAgentA2C,4,BA,-0.06617873489544812,0.2868525641461511,-0.09507013211079464,-0.12739858808218446,-0.4594526685625565,-0.1440381989781339,0.5045207956600362,8222.661898836375,-0.2599604291047263,0.11236462093862816,-0.047496001540788035,0.2869229861907996,-0.025965127907760482,-0.0347901732917259,-0.4477637949222688,-0.10607378729455623,0.5049773755656108,8970.951997868551,-0.19261432019183045,2021-08-03,2025-12-30
MultiAgentPPO,4,PORTFOLIO,0.1432148406842484,0.1648145881748945,0.8946475234236794,1.2273732239850128,-0.2216937815179192,0.6460029672626273,0.5474254742547425,180126.6711626694,0.801266711626694,0.0041115122342559145,0.14375505197061766,0.16472822050694214,0.8978996182986962,1.2317830424204577,-0.22114491706868078,0.6500490894211771,0.5474254742547425,180501.21407476888,0.8050121407476889,2021-08-03,2025-12-30
MultiAgentPPO,4,NVDA,0.02206099814889928,0.04053727761117531,0.5585621976654882,0.15195401622810187,-0.03747487709285391,0.5886876718564634,0.4318181818181818,12229.97010652502,0.10069730958725165,0.01444043321299639,0.0246670360380854,0.04055945995420767,0.6210606185853177,0.15696509557199625,-0.03678787534922601,0.6705208116511784,0.6666666666666666,12367.6748923177,0.11309074030859301,2021-08-03,2025-12-30
MultiAgentPPO,4,AAPL,0.15666036465630584,0.280256702186549,0.6587123455213721,0.9590621293815172,-0.3336051402453708,0.469598173880295,0.5335144927536232,21069.90580079651,0.8962915220716858,0.0009025270758122744,0.15684510503631777,0.28025450451126127,0.6592855866626589,0.9598051712018636,-0.3336051402453707,0.47015194346512845,0.5335144927536232,21084.706274028435,0.897623564662559,2021-08-03,2025-12-30
MultiAgentPPO,4,MSFT,0.13721186367393035,0.2626425133272524,0.6205741561568855,0.91702637414977,-0.37148496463451053,0.36936047683363904,0.523508137432188,19556.10209354022,0.7600491884186198,0.0009025270758122744,0.13739337801577678,0.26264061929086024,0.6211848049081797,0.9178303955382614,-0.37148496463450986,0.36984909510658925,0.523508137432188,19569.83014222877,0.7612847128005893,2021-08-03,2025-12-30
MultiAgentPPO,4,JPM,0.11099911080147673,0.12264017914356345,0.9196682084143099,1.2797983442985081,-0.20976618425191373,0.5291563613903325,0.5379746835443038,17650.324635470293,0.5885292171923264,0.0004512635379061372,0.11108804855812249,0.1226362688918408,0.9203466294314744,1.2807044250824744,-0.20976618425191396,0.5295803465858625,0.5379746835443038,17656.5379512105,0.5890884156089449,2021-08-03,2025-12-30
MultiAgentPPO,4,BAC,0.11316378094783097,0.2710748421809956,0.5310376234922719,0.7844902076936051,-0.46642928830495756,0.24261722791696352,0.5081818181818182,17802.032101229743,0.6021828891106769,0.0009025270758122744,0.11334237700367744,0.2710700306515326,0.5316343728966818,0.785324263316136,-0.46642928830495745,0.24300012852017291,0.5081818181818182,17814.593555951415,0.6033134200356274,2021-08-03,2025-12-30
MultiAgentPPO,4,MS,0.1885373526294254,0.2844093851569982,0.7493061984546793,1.085119936750537,-0.32377402296468416,0.5823115483541749,0.5289855072463768,23745.199824072537,1.1370679841665283,0.0009025270758122744,0.18872726568773834,0.2844069170460212,0.7498724826671014,1.0858415969033854,-0.32377402296468394,0.5828981088712111,0.5289855072463768,23761.886694771616,1.1385698025294455,2021-08-03,2025-12-30
MultiAgentPPO,4,CAT,0.28360621455895707,0.29723249694718024,0.9882106584609254,1.4965304808976907,-0.34047140378172747,0.8329810122343606,0.5284552845528455,33305.29089671812,1.9974761807046306,0.0009025270758122744,0.28381464016819,0.29722145048284176,0.9887830330647589,1.497425420601,-0.34047140378172747,0.8335931799727313,0.5284552845528455,33329.075257724464,1.9996167731952017,2021-08-03,2025-12-30
MultiAgentPPO,4,RTX,0.21047709832885397,0.23674913305958717,0.9259155233918552,1.2318842197616753,-0.3283622809062462,0.6409904869340011,0.5245901639344263,25733.74991183215,1.3160374920648934,0.0009025270758122744,0.21067472837513002,0.23673186084868839,0.9266555943892262,1.2329753835337969,-0.3283622809062461,0.6415923527930475,0.5245901639344263,25752.2280885757,1.3177005279718128,2021-08-03,2025-12-30
MultiAgentPPO,4,BA,-0.0459753062078313,0.35971433129374075,0.049000482873970165,0.06755120679369753,-0.5118624982598581,-0.08981964172825754,0.5049773755656108,9034.095792484793,-0.18693137867636855,0.018501805054151624,-0.04285627792394975,0.35971451145305033,0.05807353797668371,0.0800274463044637,-0.5094588992597667,-0.08412116853041342,0.5049773755656108,9164.681217960273,-0.17517869038357547,2021-08-03,2025-12-30
MultiAgentDQN,4,PORTFOLIO,-0.004692366777168888,0.07475911687956503,-0.02554800512131578,-0.03473296076873115,-0.22288612305865174,-0.021052754262023337,0.5203252032520326,97953.22916092793,-0.02046770839072065,0.03344364219815482,0.012254849303910964,0.07459085043591471,0.20058494087507867,0.27193383867388726,-0.18104498558213045,0.06768952624954969,0.5275519421860885,105501.49579030443,0.05501495790304434,2021-08-03,2025-12-30
MultiAgentDQN,4,NVDA,-0.511160978949242,0.5321322644445798,-1.0728789977369193,-1.502365019391968,-0.9750156125695851,-0.5242592758100695,0.4633484162895928,477.61072958660196,-0.9570150343372058,0.21299638989169675,-0.49249293054682786,0.5325320757161657,-1.0015189538519902,-1.4023392793779939,-0.9713628142027058,-0.5070123370442854,0.46467391304347827,563.1678040515967,-0.9493148976353563,2021-08-03,2025-12-30
MultiAgentDQN,4,AAPL,0.1669340358622371,0.27477691896509004,0.6984839031844351,1.0292653176480557,-0.3162973679762082,0.5277756085368178,0.5335144927536232,21905.259186581683,0.9714733267923514,0.01444043321299639,0.1699203128242237,0.2747410011944562,0.7078468318780591,1.0428520503647594,-0.3143675666521184,0.5405147694903872,0.5335144927536232,22152.806805996497,0.9937526125396847,2021-08-03,2025-12-30
MultiAgentDQN,4,MSFT,0.12030213687905911,0.15962680592576337,0.7909043437638429,1.2206865751415306,-0.16999661905077068,0.7076737028701143,0.5216998191681737,18309.46245684849,0.6478516211163641,0.041064981949458484,0.12844866412540012,0.15960528913530306,0.8363970751028906,1.2962478543444498,-0.16771162939034867,0.7658900255893166,0.523508137432188,18902.13372735896,0.7011920354623062,2021-08-03,2025-12-30
MultiAgentDQN,4,JPM,-0.22829273475208,0.23458642452154949,-0.9866298948299892,-1.4107447674116467,-0.7525872609964585,-0.303343873306878,0.4519056261343013,3555.5449647869564,-0.680000953169174,0.0631768953068592,-0.21963910038654955,0.2346063174424518,-0.9390436601356644,-1.3409596273299245,-0.745908182212992,-0.2944586285873885,0.45768880800727935,3734.2175247184864,-0.6639204227753362,2021-08-03,2025-12-30
MultiAgentDQN,4,BAC,-0.011291237362544004,0.0758738382519903,-0.11150026779251364,-0.0549218655208654,-0.15619286583802483,-0.07229035271209663,0.35359116022099446,10569.97676308883,-0.048702091322005425,0.0812274368231047,0.0029955625280218,0.07567225392327476,0.07755242202780313,0.030325961366356922,-0.1342676849619956,0.022310375939450306,0.5245901639344263,11258.201509799255,0.0132381358819329,2021-08-03,2025-12-30
MultiAgentDQN,4,MS,-0.013523478323279492,0.17826013376495606,0.012979350386091453,0.016853158991237575,-0.3821091092695684,-0.03539166692238948,0.5181159420289855,10465.451703389277,-0.058109346694965036,0.15749097472924187,0.014325207794831485,0.17795431988625696,0.16911704474204972,0.21977938606844669,-0.33877969882826997,0.04228472911563996,0.5258855585831063,11828.17230033075,0.06453550702976751,2021-08-03,2025-12-30
MultiAgentDQN,4,CAT,0.1461568546336398,0.23222025672155164,0.703691605946867,0.9425626671441302,-0.36710862181338455,0.39812972496172255,0.5114155251141552,20241.52647461447,0.8217373827153023,0.17779783393501805,0.1826542534036577,0.23222500232450607,0.8387339060922706,1.111315780583802,-0.34104600957617526,0.5355707097427875,0.5338417540514776,23232.74402433447,1.0909469621901025,2021-08-03,2025-12-30
MultiAgentDQN,4,RTX,-0.08589728083352144,0.12601397085248417,-0.6498280015097713,-0.9519507982143717,-0.41422749361540145,-0.20736740597251288,0.47042766151046406,7486.163700291713,-0.3262452669737458,0.029332129963898917,-0.08115608739960245,0.12604367950383946,-0.608624085061019,-0.8946731399030694,-0.4105125061399101,-0.1976945554295561,0.47128532360984504,7658.396549178144,-0.3107443105739671,2021-08-03,2025-12-30
MultiAgentDQN,4,BA,-0.16827465851654666,0.19870419333591247,-0.8271513637449182,-1.0749349153467649,-0.5614400191317532,-0.2997197434852923,0.485921889191644,4942.233181739906,-0.5551990136434084,0.286101083032491,-0.12517197841407857,0.1985961061581399,-0.5734765683774934,-0.743118739249664,-0.47033326982271007,-0.2661346463142222,0.5018315018315018,6171.655544536257,-0.44455100099173683,2021-08-03,2025-12-30
GARL_DDAL,4,PORTFOLIO,0.1947134699084183,0.18614702206847233,1.0489765784837968,1.4816913223231964,-0.22725363047090374,0.8568112619584677,0.5374887082204155,218632.7730162532,1.1863277301625321,0.029131568391496204,0.19821873005984303,0.18449487674718953,1.072603411962143,1.5161882117003525,-0.22475898385554605,0.8819168277929188,0.5420054200542005,221467.26211067234,1.2146726211067236,2021-08-03,2025-12-30
GARL_DDAL,4,NVDA,0.6493948631652524,0.5333697965992786,1.2026304610742544,1.9445110715246565,-0.6839335575888674,0.9494999272365324,0.5339366515837104,100298.85537974183,8.026896984176764,0.004512635379061372,0.6507086835931954,0.5333661512603315,1.2041311428753656,1.9479243240166264,-0.6834830355190706,0.952048038908552,0.5349048050770625,100650.60536460292,8.058554482814262,2021-08-03,2025-12-30
GARL_DDAL,4,AAPL,0.0,0.0,0.0,0.0,0.0,0.0,0.0,11111.111111111111,0.0,0.0,0.0,0.0,0.0,0.0,0.0,0.0,0.0,11111.111111111111,0.0,2021-08-03,2025-12-30
GARL_DDAL,4,MSFT,0.13721186367393035,0.2626425133272524,0.6205741561568855,0.91702637414977,-0.37148496463451053,0.36936047683363904,0.523508137432188,19556.10209354022,0.7600491884186198,0.0009025270758122744,0.13739337801577678,0.26264061929086024,0.6211848049081797,0.9178303955382614,-0.37148496463450986,0.36984909510658925,0.523508137432188,19569.83014222877,0.7612847128005893,2021-08-03,2025-12-30
GARL_DDAL,4,JPM,0.045149759726675676,0.12205741568970051,0.42275337270707836,0.5871299578717141,-0.3421077236785889,0.13197527153492153,0.5248868778280543,13492.179691847912,0.21429617226631215,0.0582129963898917,0.05595266069318661,0.12192815316285512,0.5074214207712263,0.7061001922685689,-0.32435490313739446,0.17250443927923437,0.5304822565969063,14116.206525745602,0.27045858731710415,2021-08-03,2025-12-30
GARL_DDAL,4,BAC,0.0016699008859857312,0.0038627740178616803,0.433866422216683,0.0,-0.0006999999999999229,2.385572694265593,0.5,11192.923493434237,0.007363114409081328,0.0018050541516245488,0.001987619033625654,0.004181852396271722,0.4769033687286063,0.0,0.0,0.0,1.0,11208.541806031792,0.008768762542861186,2021-08-03,2025-12-30
GARL_DDAL,4,MS,-0.08226828772783235,0.17322782475141368,-0.4093944757154624,-0.45129108923105626,-0.5172028813581533,-0.15906386196418557,0.3732283464566929,7617.721745819103,-0.3144050428762808,0.2581227436823105,-0.03949042173412609,0.17316172396310078,-0.14660088804200716,-0.15342060775213245,-0.4488054238733066,-0.08799007238663376,0.47128712871287126,9307.231597576596,-0.16234915621810642,2021-08-03,2025-12-30
GARL_DDAL,4,CAT,0.28360621455895707,0.29723249694718024,0.9882106584609254,1.4965304808976907,-0.34047140378172747,0.8329810122343606,0.5284552845528455,33305.29089671812,1.9974761807046306,0.0009025270758122744,0.28381464016819,0.29722145048284176,0.9887830330647589,1.497425420601,-0.34047140378172747,0.8335931799727313,0.5284552845528455,33329.075257724464,1.9996167731952017,2021-08-03,2025-12-30
GARL_DDAL,4,RTX,0.0,0.0,0.0,0.0,0.0,0.0,0.0,11111.111111111111,0.0,0.0,0.0,0.0,0.0,0.0,0.0,0.0,0.0,11111.111111111111,0.0,2021-08-03,2025-12-30
GARL_DDAL,4,BA,-0.0033686898205785853,0.36587372444441063,0.17373452051581462,0.24002338086208508,-0.5032836273316432,-0.006693422232785564,0.5027372262773723,10947.477492929509,-0.014727025636344204,0.013537906137184115,-0.0009751736794166854,0.3658449879968341,0.18027575856486788,0.24884729306119674,-0.5018664504750576,-0.0019430939814638014,0.5059687786960514,11063.549194539968,-0.004280572491402901,2021-08-03,2025-12-30
GARL_DDAL_SECTOR,4,PORTFOLIO,0.19789474639066063,0.19039441421053424,1.0437223527410635,1.4795967579295248,-0.23178648004412394,0.8537803686953116,0.5356820234869015,221204.09214238788,1.2120409214238785,0.03740473325310869,0.20088504005936803,0.188348273577393,1.0662525258277311,1.5126672824891263,-0.22892446962460833,0.8775166778316904,0.5356820234869015,223642.2881592236,1.2364228815922358,2021-08-03,2025-12-30
GARL_DDAL_SECTOR,4,NVDA,0.6678388524696011,0.5342210044282737,1.2224007462537372,1.9822591033174035,-0.6633509053232787,1.0067655702439047,0.534841628959276,105324.69746136844,8.47922277152316,0.0009025270758122744,0.6680984795419029,0.5342270364386479,1.2226849554603743,1.9827423675746936,-0.6633509053232785,1.0071569574723211,0.534841628959276,105396.80491345562,8.485712442211005,2021-08-03,2025-12-30
GARL_DDAL_SECTOR,4,AAPL,0.0,0.0,0.0,0.0,0.0,0.0,0.0,11111.111111111111,0.0,0.0,0.0,0.0,0.0,0.0,0.0,0.0,0.0,11111.111111111111,0.0,2021-08-03,2025-12-30
GARL_DDAL_SECTOR,4,MSFT,0.1367037892123837,0.2623881805402211,0.6192159564238943,0.9142227683002272,-0.37148496463451053,0.367992791705261,0.523508137432188,19517.715643746888,0.7565944079372198,0.0036101083032490976,0.13742594612675774,0.26239323776442697,0.6216310018578722,0.9176674653599144,-0.37148496463450986,0.36993676517154866,0.523508137432188,19572.294077363116,0.7615064669626805,2021-08-03,2025-12-30
GARL_DDAL_SECTOR,4,JPM,0.07359098224237437,0.11745229322911592,0.6632822575476311,0.8917577880568264,-0.28348133477943793,0.2595972757770161,0.5209302325581395,15182.753851156165,0.3664478466040548,0.02572202166064982,0.0784752582232795,0.1174277752579965,0.7020603655903714,0.9393614269311499,-0.2753989509903303,0.28495118787157214,0.5348615090735435,15488.813503176321,0.39399321528586895,2021-08-03,2025-12-30
GARL_DDAL_SECTOR,4,BAC,0.0016699008859857312,0.0038627740178616803,0.433866422216683,0.0,-0.0006999999999999229,2.385572694265593,0.5,11192.923493434237,0.007363114409081328,0.0018050541516245488,0.001987619033625654,0.004181852396271722,0.4769033687286063,0.0,0.0,0.0,1.0,11208.541806031792,0.008768762542861186,2021-08-03,2025-12-30
GARL_DDAL_SECTOR,4,MS,-0.15122656207615692,0.19984456994415672,-0.7205546711557527,-0.8504770133924615,-0.6614134061727401,-0.22864151325753648,0.3774069319640565,5403.403259597326,-0.5136937066362407,0.3176895306859206,-0.10220481336711662,0.19947389020834855,-0.44095247289510636,-0.4978806579142759,-0.5993319844334999,-0.17053121812566466,0.4625,6916.496060867482,-0.37751535452192664,2021-08-03,2025-12-30
GARL_DDAL_SECTOR,4,CAT,0.28360621455895707,0.29723249694718024,0.9882106584609254,1.4965304808976907,-0.34047140378172747,0.8329810122343606,0.5284552845528455,33305.29089671812,1.9974761807046306,0.0009025270758122744,0.28381464016819,0.29722145048284176,0.9887830330647589,1.497425420601,-0.34047140378172747,0.8335931799727313,0.5284552845528455,33329.075257724464,1.9996167731952017,2021-08-03,2025-12-30
GARL_DDAL_SECTOR,4,RTX,-0.049342171571801985,0.10309906048235418,-0.4393660352745941,-0.575012986501231,-0.299534622431607,-0.1647294431984013,0.45016077170418006,8894.752371086217,-0.19947228660224048,0.05189530685920578,-0.040598173937184234,0.10310179428203428,-0.35056512417070324,-0.4527675743621571,-0.2911395339755337,-0.139445761222507,0.4784090909090909,9260.128449967333,-0.16658843950294,2021-08-03,2025-12-30
GARL_DDAL_SECTOR,4,BA,0.0032637663573484854,0.36564668806991524,0.1917563993694095,0.26442478129207264,-0.5032836273316432,0.0064849444331273615,0.5041322314049587,11271.444054169388,0.014429964875244838,0.009927797833935019,0.005031417173621655,0.36562238909295275,0.19655895816946814,0.2708813151115506,-0.5018664504750576,0.0100254104829263,0.5064575645756457,11359.022979526331,0.022312068157369858,2021-08-03,2025-12-30
