baseline,fold,ticker,CAGR,AnnVol,Sharpe,Sortino,MaxDrawdown,Calmar,WinRate,FinalEquity,TotalReturn,Turnover,Gross_CAGR,Gross_AnnVol,Gross_Sharpe,Gross_Sortino,Gross_MaxDrawdown,Gross_Calmar,Gross_WinRate,Gross_FinalEquity,Gross_TotalReturn,test_start,test_end
RandomForest,0,NVDA,0.0932276512674878,0.2164370046383138,0.5160818068601455,0.801868919095002,-0.2290431862870812,0.4070308869639849,0.4849589790337283,147927.92666903668,0.4792792666903667,0.1867843024403955,0.1298444042442676,0.2164031112994229,0.6684190005728914,1.0280173319307095,-0.208819978058169,0.6218006794737723,0.5082872928176796,170963.46337409926,0.7096346337409927,2003-12-30,2008-05-22
RandomForest,0,AAPL,-0.0986553416501649,0.167373031893284,-0.5370733374137655,-0.6730292323837811,-0.4548595346589699,-0.2168918844894208,0.4658158614402917,63363.9322447848,-0.3663606775521519,0.2054616119754767,-0.0653645511127508,0.1673100512941574,-0.3206511746577056,-0.3964459342699777,-0.3794672291548482,-0.1722534809088289,0.4940421631530706,74308.00361387577,-0.2569199638612423,2003-12-30,2008-05-22
RandomForest,0,MSFT,-0.0414531537293084,0.0928889016617558,-0.4091172521951888,-0.4669750227074091,-0.1976101602601745,-0.2097723805027587,0.4402917046490428,83029.0446609685,-0.169709553390315,0.2300988251988377,-0.0017390008936498,0.0928650839896341,0.0278574082598908,0.0302951906161678,-0.1516012755571193,-0.011470885632454,0.5004659832246039,99238.3322544658,-0.0076166774553418,2003-12-30,2008-05-22
RandomForest,0,JPM,-0.0977018464984114,0.0976287828406858,-1.003784212072121,-1.126771072286928,-0.3819785828217904,-0.2557783365147295,0.4284412032816773,63658.91466589115,-0.3634108533410884,0.2912579942659346,-0.0501095630311804,0.0975598632124056,-0.4778637355126894,-0.5188849995120263,-0.2527662017595802,-0.1982447126330694,0.4825688073394495,79785.31110079393,-0.2021468889920606,2003-12-30,2008-05-22
RandomForest,0,BAC,0.0083656097074575,0.074742472794448,0.1488467373483833,0.1879275418827262,-0.1305584589731984,0.0640755855518708,0.4494074749316317,103727.39467070853,0.0372739467070852,0.2767535304029447,0.0588124994408476,0.0746931393156586,0.8025435338385434,0.9747686346667744,-0.0945517515925011,0.6220138543209391,0.515179392824287,128536.53346040696,0.2853653346040694,2003-12-30,2008-05-22
RandomForest,0,MS,0.1476113190499761,0.1268950290619555,1.147476498229019,1.931344443641706,-0.0835398748691108,1.766956429863602,0.4603463992707384,183092.31495127603,0.8309231495127603,0.2298763376341153,0.1950584566668116,0.1270105460199253,1.4656991516289974,2.4201846853620212,-0.0818266129483934,2.383802159693833,0.5027472527472527,218755.75034661384,1.187557503466138,2003-12-30,2008-05-22
RandomForest,0,CAT,-0.0086559871162587,0.0955079722351464,-0.0432283959540339,-0.053975230182154,-0.1681726217001202,-0.0514708460197151,0.4658158614402917,96253.00037564928,-0.0374699962435073,0.2412608194942198,0.0344438881584125,0.0955055236702277,0.4023825077482135,0.4920347016441428,-0.1388336257800276,0.2480947102324228,0.510989010989011,116039.4008202588,0.1603940082025878,2003-12-30,2008-05-22
RandomForest,0,RTX,-0.0116575416202049,0.068765618151194,-0.1362576804649362,-0.1849248981926624,-0.1453994209838349,-0.0801759837922668,0.4658158614402917,94979.3443346286,-0.050206556653714,0.2610808948741016,0.0349373295998596,0.0685645264939584,0.535040903899552,0.7132663593342142,-0.1012016936401569,0.3452247521082636,0.5219378427787934,116282.75155947224,0.1628275155947225,2003-12-30,2008-05-22
RandomForest,0,BA,0.0549741816481972,0.0850598479605079,0.6715678254542266,0.9129284516897056,-0.1478194095141773,0.3719009690870443,0.4949863263445761,126502.190152358,0.2650219015235799,0.3109557377611304,0.1144418329454737,0.0850456270949402,1.316658517249394,1.7723939368078043,-0.1054973354384876,1.084784108241306,0.5347349177330896,160959.4434012072,0.6095944340120718,2003-12-30,2008-05-22
LSTM,0,NVDA,0.1040725518809926,0.1978122539146404,0.599454846246235,0.7758640786438493,-0.1835005807694026,0.5671510762779337,0.5150410209662717,154483.5965940928,0.5448359659409279,0.0749304297547515,0.1187545597892529,0.1978267062417165,0.6662257314425605,0.8554786170267243,-0.1803267896089869,0.6585519547414745,0.5294659300184162,163713.72688375012,0.6371372688375012,2003-12-30,2008-05-22
LSTM,0,AAPL,-0.1148675745527347,0.1697915647926528,-0.6328730730190303,-0.7297511862502223,-0.4768350276990081,-0.2408958400288547,0.4858705560619872,58507.941132538464,-0.4149205886746153,0.1182310728508648,-0.0961999803913516,0.1697652342715618,-0.5101194511569694,-0.5830941342251791,-0.4387383306049927,-0.2192650463402592,0.5041246562786434,64125.69619949586,-0.3587430380050413,2003-12-30,2008-05-22
LSTM,0,MSFT,-0.0852402775667479,0.0966748748039068,-0.8731800965711871,-1.035913378572029,-0.3576573727816604,-0.238329429374813,0.4339106654512306,67612.55194388451,-0.323874480561155,0.154798031684385,-0.059906502784194,0.0966570141627246,-0.5908335181139995,-0.6783689711518688,-0.2764932642563353,-0.2166653243626763,0.4762348555452004,76233.21736618402,-0.2376678263381597,2003-12-30,2008-05-22
LSTM,0,JPM,-0.0114749163549041,0.0983799003853676,-0.0685944714717711,-0.091738531980631,-0.1783358021851361,-0.0643444345683974,0.4430264357338195,95056.46411592502,-0.0494353588407497,0.1777244719530241,0.0199856472631752,0.0986036859741669,0.2495066927678462,0.3253572224904058,-0.1633328672341673,0.122361454871922,0.4853211009174312,109081.84642193142,0.0908184642193141,2003-12-30,2008-05-22
LSTM,0,BAC,0.0369995855521736,0.0751776094574492,0.5208248484585395,0.6750857529671764,-0.1511737262717836,0.2447487831692058,0.4968094804010939,117304.0644667927,0.1730406446679269,0.1093006081376872,0.0571899836345541,0.0751030894702093,0.7780637885984475,0.9944554979501788,-0.1290573086657226,0.4431363417215265,0.5188592456301748,127673.52617181971,0.2767352617181973,2003-12-30,2008-05-22
LSTM,0,MS,-0.1006280782069912,0.1496804761677342,-0.6317941454223795,-0.675212368537127,-0.4031174691853251,-0.2496247022247739,0.4639927073837739,62756.979705566104,-0.3724302029443389,0.0947393341724902,-0.0854615427083688,0.1496577243431353,-0.5202219285405855,-0.5472998479346448,-0.3735778309070698,-0.2287650273595275,0.4862637362637362,67540.73909357496,-0.3245926090642504,2003-12-30,2008-05-22
LSTM,0,CAT,-0.0888022006168509,0.1048382763378233,-0.8344897993931775,-1.0550855420781045,-0.4003949537839754,-0.2217865129857812,0.4621695533272562,66463.65105338681,-0.3353634894661318,0.1119239300311354,-0.0706181413499252,0.1047483032737539,-0.6467225607973961,-0.808654968357586,-0.3621367511451149,-0.1950040727063,0.489010989010989,72490.58828965422,-0.2750941171034579,2003-12-30,2008-05-22
LSTM,0,RTX,0.0164980623040411,0.0732971945442095,0.2597625440462066,0.3544663250106538,-0.1030941080210672,0.1600291483260109,0.4913400182315405,107452.88524658036,0.0745288524658036,0.1553294643051449,0.0447360863247194,0.0732490730788008,0.6340009678992302,0.858498988341737,-0.0713617540316319,0.6268916302826539,0.5191956124314442,121197.38819173658,0.2119738819173657,2003-12-30,2008-05-22
LSTM,0,BA,-0.0046557828423737,0.0808635948732261,-0.0173288595912946,-0.0239496491248294,-0.19876635081219,-0.0234233954758918,0.4576116681859617,97970.87477291613,-0.0202912522708388,0.1456093696100648,0.0212402002944196,0.080870640638541,0.3002847352990634,0.4107870132033876,-0.1576587936961382,0.134722585378629,0.4917733089579524,109672.4562212355,0.0967245622123549,2003-12-30,2008-05-22
TCN,0,NVDA,0.0448270698685793,0.1844747593206625,0.3296828884084611,0.4462275647223505,-0.2072190808842846,0.2163269409230304,0.4995442114858706,121243.7607179396,0.212437607179396,0.1534294752630214,0.0734897248458101,0.1844582153106943,0.4764392346508491,0.6403688577504115,-0.1916976263976277,0.3833627271595659,0.5156537753222836,136549.6964893295,0.3654969648932951,2003-12-30,2008-05-22
TCN,0,AAPL,-0.1381734211353212,0.1653268748104912,-0.8158014388073194,-0.9446428440906824,-0.5607883276619141,-0.2463913999626303,0.4703737465815861,52036.583473630904,-0.4796341652636909,0.1575005491664935,-0.1138716577330475,0.1652766819376869,-0.6479486653254729,-0.7413359372600917,-0.5164054162025862,-0.2205082560334255,0.4940421631530706,58797.67924534378,-0.4120232075465622,2003-12-30,2008-05-22
TCN,0,MSFT,-0.0820708549445283,0.0963258853396112,-0.8406303334648721,-1.018856186055958,-0.3639371597128475,-0.2255083130540548,0.446672743846855,68647.69348317989,-0.3135230651682011,0.1005133573073009,-0.0656474674950432,0.0963540115767064,-0.6563702315080123,-0.7776538719844632,-0.314072173405038,-0.2090203241609121,0.4808946877912395,74209.24488272874,-0.2579075511727126,2003-12-30,2008-05-22
TCN,0,JPM,-0.035521470662806,0.0883644390970522,-0.3653489229698143,-0.4865516198522202,-0.214197529884042,-0.1658351087523557,0.4521422060164083,85309.90884413352,-0.1469009115586648,0.2623639934279916,0.0101786596574369,0.0882410237106521,0.1586241319417994,0.2052266031111288,-0.0935981222612204,0.1087485454999788,0.5055045871559632,104549.17710598189,0.0454917710598188,2003-12-30,2008-05-22
TCN,0,BAC,-0.0345394237375656,0.0775693161212409,-0.4142038608288745,-0.4689726033984127,-0.176056354900467,-0.1961839080281564,0.471285323609845,85692.14904901183,-0.1430785095098816,0.1432906140484093,-0.0098248118373976,0.077600401033959,-0.0883119907864275,-0.0970980706236949,-0.1344428418694846,-0.0730779839281848,0.516099356025759,95755.47222926212,-0.0424452777073787,2003-12-30,2008-05-22
TCN,0,MS,-0.0164009308878366,0.1177235829762709,-0.0817200107796601,-0.1030477685535718,-0.1896733097460943,-0.0864693662476377,0.463081130355515,92993.15428378223,-0.0700684571621774,0.2242177525596184,0.0232882797314812,0.1176760251539865,0.2543563061592892,0.3134513569716473,-0.145297810953959,0.1602796324224094,0.5036630036630036,110641.94086192976,0.1064194086192975,2003-12-30,2008-05-22
TCN,0,CAT,-0.0247372820498817,0.1107356421152365,-0.1708324263638668,-0.2215597644232189,-0.222205123223996,-0.111326335284111,0.4649042844120328,89580.36785206645,-0.1041963214793354,0.1440882929246777,0.0003758533446227,0.1106892507950771,0.0587223817824916,0.0752172077880354,-0.1632132598877654,0.0023028358411639,0.4899267399267399,100165.21231012858,0.0016521231012858,2003-12-30,2008-05-22
TCN,0,RTX,0.0445903430201717,0.0743083881576869,0.6241517249133616,0.8784629615738268,-0.097767444049737,0.4560858008877411,0.4986326344576117,121123.13423883212,0.2112313423883212,0.15470010814925,0.0734902399098176,0.0742108662713208,0.9926956983946332,1.3871492940786192,-0.0848643206594226,0.8659733482666827,0.5237659963436929,136549.98429641628,0.3654998429641627,2003-12-30,2008-05-22
TCN,0,BA,-0.1052383355012652,0.0787668035307839,-1.3720136281985598,-1.719035169705735,-0.4070825949690029,-0.258518386199436,0.4184138559708295,61356.04677521099,-0.38643953224789,0.3135396194909366,-0.0543283582361674,0.0786380267261517,-0.67093162445958,-0.8265386458369544,-0.2449931667491028,-0.2217545858811851,0.479890310786106,78240.36952267431,-0.2175963047732568,2003-12-30,2008-05-22
TFT,0,NVDA,0.1573064475528804,0.2409838786907365,0.7241013209991045,1.086913655596473,-0.2574383658758523,0.6110450826460742,0.512306289881495,189985.1416679104,0.8998514166791041,0.0412274115138326,0.165749225409109,0.240984273146185,0.7542785175040286,1.1279761627049112,-0.2540483437840959,0.6524318282900194,0.5220994475138122,196149.33743396157,0.9614933743396156,2003-12-30,2008-05-22
TFT,0,AAPL,0.013800556421641,0.1724129685958546,0.1650720287476504,0.2433188150101426,-0.2910318041515919,0.0474194099228159,0.4667274384685506,106205.88765292402,0.0620588765292402,0.050629005142281,0.0228940119179132,0.1724187545716629,0.2168645464845874,0.3182913416739653,-0.2870896899886254,0.0797451553165157,0.4793767186067827,110454.796684878,0.1045479668487798,2003-12-30,2008-05-22
TFT,0,MSFT,-0.1289853450627253,0.1020061034667015,-1.3020838963630128,-1.469684422066947,-0.4755056194457813,-0.271259349601509,0.4658158614402917,54518.063724023035,-0.4548193627597696,0.0427358254642216,-0.1223896709618378,0.1019953760910027,-1.2283096532833329,-1.372301706025206,-0.4584945721781053,-0.2669381021904328,0.4771668219944082,56355.01661895291,-0.4364498338104708,2003-12-30,2008-05-22
TFT,0,JPM,-0.0697112283823087,0.1148883041429858,-0.5709310347777722,-0.6027225000194347,-0.3650314296278997,-0.1909732223698378,0.5059252506836828,72801.84521810181,-0.2719815478189819,0.041248654168157,-0.0629147305597603,0.1148808213041353,-0.5076307351474008,-0.5321156381011835,-0.3540829647469631,-0.1776835849889612,0.5146788990825688,75167.42384458365,-0.2483257615541635,2003-12-30,2008-05-22
TFT,0,BAC,0.0381745259905799,0.0785407208111038,0.5162198476715232,0.6780225681782202,-0.1104803355748872,0.3455323138904113,0.5050136736554239,117889.0324710255,0.1788903247102549,0.0440094448658529,0.0462645943104405,0.0785367334055469,0.6150949105306721,0.8011295472728868,-0.1060759129033021,0.4361460867427548,0.5188592456301748,121978.2591719258,0.2197825917192579,2003-12-30,2008-05-22
TFT,0,MS,-0.0157737099451185,0.1326502032773227,-0.0534155060894784,-0.0650125372405341,-0.207023332577276,-0.076192909025028,0.4731084776663628,93253.9318908471,-0.0674606810915289,0.0572718957827655,-0.0057793749829033,0.1326499336004151,0.0227454669086998,0.0273948310252343,-0.204540222974305,-0.0282554448160027,0.489010989010989,97485.97973986676,-0.0251402026013324,2003-12-30,2008-05-22
TFT,0,CAT,-0.0143194871024155,0.106361481258244,-0.0824279381451948,-0.1061960627138625,-0.2204069222027239,-0.0649684091557022,0.4986326344576117,93860.72231727604,-0.0613927768272395,0.0942989087447263,0.0022133324868698,0.1063730943674494,0.0739582687818404,0.0947046873241495,-0.1983803482427376,0.0111570148277066,0.5155677655677655,100975.94249091182,0.0097594249091181,2003-12-30,2008-05-22
TFT,0,RTX,0.0172050610963827,0.0759230171077257,0.2626352339381466,0.3417039737142419,-0.0911770306756825,0.1886995109281559,0.5113947128532361,107781.57766532144,0.0778157766532143,0.0564277901292416,0.0273803191827513,0.0759178696841221,0.3937666014939277,0.5095944046853259,-0.0789266170793965,0.3469085613438615,0.5255941499085923,112598.77615508424,0.1259877615508422,2003-12-30,2008-05-22
TFT,0,BA,0.0095517811716352,0.089376891588934,0.1510161277586807,0.208777347417845,-0.2657712165672939,0.0359398632214813,0.479489516864175,104264.47173415717,0.0426447173415716,0.0579656893295345,0.0199254672561106,0.0893944667816774,0.2653687697979572,0.3657343523096417,-0.253869722549748,0.0784869777143514,0.4872029250457038,109053.57717330212,0.090535771733021,2003-12-30,2008-05-22
RandomForest,1,NVDA,-0.0211661336999114,0.2183107633200948,0.0105381589581962,0.0138095352535571,-0.3024274249852111,-0.0699874811318666,0.4831358249772106,91030.28592918516,-0.0896971407081484,0.2343633541041185,0.0201365965174897,0.2183892936286146,0.1998371278416945,0.2586468758783433,-0.278649264907893,0.0722650265169222,0.5133149678604224,109152.77896067324,0.0915277896067323,2008-05-23,2012-10-11
RandomForest,1,AAPL,0.0054593431377296,0.1495961710506761,0.1110993245254803,0.1351815482723241,-0.2497150612985397,0.0218622902012422,0.4813126709206928,102420.51911113384,0.0242051911113383,0.1781442414575207,0.0375370370823366,0.1497218722219352,0.3208928464187089,0.3842164877606971,-0.2413211724575137,0.155548047028262,0.510036496350365,117571.3667636021,0.1757136676360209,2008-05-23,2012-10-11
RandomForest,1,MSFT,0.0136024783139308,0.1113712216563608,0.1768218518077317,0.2443759769563153,-0.169429320630538,0.0802840869768504,0.4767547857793983,106114.76304399414,0.0611476304399414,0.2550234454716499,0.060241684728677,0.1113252461058358,0.5809913177382641,0.7919402035490655,-0.1317286524253592,0.4573164882470161,0.5161290322580645,129300.43526695514,0.2930043526695514,2008-05-23,2012-10-11
RandomForest,1,JPM,0.0797339485702095,0.2832198755666989,0.4123777041194292,0.4942769260798212,-0.2799345551515751,0.2848306759665175,0.4904284412032816,140073.42624763533,0.4007342624763532,0.1491021684942185,0.1085118916032703,0.2831866425098125,0.5053034398139296,0.5979647585536264,-0.2793954789553936,0.3883809860094215,0.5059578368469294,157230.93394632416,0.5723093394632417,2008-05-23,2012-10-11
RandomForest,1,BAC,-0.1454764660633167,0.3769801050388235,-0.2226967355322944,-0.2424467999832761,-0.6311598313138249,-0.2304906916533207,0.4731084776663628,50127.19557306112,-0.4987280442693887,0.1376147321861929,-0.1244764141550081,0.3770127156562671,-0.1582890908367455,-0.1694595601929594,-0.6260217448936523,-0.1988372052094675,0.4912442396313364,55768.750331221374,-0.4423124966877862,2008-05-23,2012-10-11
RandomForest,1,MS,0.2082908482392467,0.4102198911991397,0.6475444233970163,0.9774545545524732,-0.4655705327404278,0.4473883839108354,0.479489516864175,229597.7351148097,1.295977351148097,0.148272292436348,0.240299366048263,0.4101952859805438,0.7113461448022239,1.0567839421299006,-0.464603549244498,0.5172137975248341,0.4981651376146789,257542.34691270263,1.5754234691270264,2008-05-23,2012-10-11
RandomForest,1,CAT,-0.1255453255218812,0.1878624177312303,-0.6200059034066504,-0.7581420185517647,-0.4811870609820005,-0.2609075257877257,0.4585232452142206,55470.272350237814,-0.4452972764976218,0.1665722396857646,-0.0994624507789692,0.187900447584615,-0.4635032330182226,-0.5590255375776685,-0.4603220475674699,-0.2160714467285881,0.4835466179159049,63115.06323555035,-0.3688493676444965,2008-05-23,2012-10-11
RandomForest,1,RTX,-0.0322169709438922,0.1220789352298639,-0.2074655559473946,-0.263618801059439,-0.2869824900652468,-0.1122611032351399,0.4512306289881495,86601.3764766969,-0.133986235233031,0.2340215218101144,0.0085685703325799,0.1221238630462471,0.1306396791127772,0.162281319935455,-0.2064559348317938,0.0415031437074504,0.4926739926739927,103819.13971300428,0.0381913971300429,2008-05-23,2012-10-11
RandomForest,1,BA,-0.0855637630213811,0.1495883907069174,-0.5233554668212741,-0.6561713849492502,-0.4394656173612177,-0.1946995615610406,0.4639927073837739,67507.58281546496,-0.3249241718453504,0.2156268243557604,-0.050096194059334,0.1495534746898062,-0.2691433971466887,-0.3308251158073227,-0.354219066136638,-0.1414271529924076,0.4986301369863014,79790.2440300286,-0.202097559699714,2008-05-23,2012-10-11
LSTM,1,NVDA,0.082844237812657,0.2018722805143014,0.4946261921830172,0.6702603946483813,-0.2206937188871328,0.3753810404319899,0.5095715587967183,141854.61042402574,0.4185461042402574,0.1789065118310078,0.1175528701028507,0.2018738779292271,0.650953097315297,0.8759069878022304,-0.2026815832931048,0.5799879209195514,0.5261707988980716,162942.64893788684,0.6294264893788684,2008-05-23,2012-10-11
LSTM,1,AAPL,-0.0295920718471257,0.1413325974536296,-0.1423787940310203,-0.1911223990231936,-0.175710828705409,-0.1684134783561851,0.4567000911577028,87637.96043106138,-0.1236203956893862,0.1916844617591291,0.0037994366039031,0.1412280471443776,0.0969380696569091,0.1282982821489456,-0.1736106863068469,0.0218848083878192,0.4844890510948905,101679.82860742064,0.0167982860742064,2008-05-23,2012-10-11
LSTM,1,MSFT,-0.1075066988002397,0.1395736457758244,-0.7420935454255877,-0.7387259720971499,-0.4152916232897111,-0.2588703763120262,0.4585232452142206,60675.68222413448,-0.3932431777586552,0.1635148604776524,-0.081349440189384,0.1394041741117328,-0.5360863885869036,-0.5212468067632994,-0.3434312088030035,-0.2368725907960424,0.4903225806451612,68885.00995943384,-0.3111499004056616,2008-05-23,2012-10-11
LSTM,1,JPM,-0.0059556779482469,0.2798036561434942,0.1179888187321265,0.137132069665892,-0.3500722669877427,-0.0170127099741249,0.4995442114858706,97410.06336839848,-0.025899366316015,0.1053206877260768,0.0126994032467273,0.2797568687541624,0.1844182500681257,0.2119254469129534,-0.3499244295947753,0.0362918452462256,0.5123739688359303,105700.0739287117,0.057000739287117,2008-05-23,2012-10-11
LSTM,1,BAC,0.0620456129267257,0.3693969043634112,0.351536352276227,0.4048677951982846,-0.4775877379177248,0.1299145853225705,0.4804010938924339,130269.63851185684,0.3026963851185682,0.0982530384716079,0.0805804493477548,0.3694770949886195,0.3983691500361319,0.4518214017709199,-0.4765569298708032,0.1690888208667967,0.4949308755760369,140556.4750594537,0.4055647505945368,2008-05-23,2012-10-11
LSTM,1,MS,0.2380685071979633,0.4290760507017139,0.6798606317876861,1.2319236559445668,-0.3715404341823866,0.6407606959976184,0.4913400182315405,255513.6553233314,1.555136553233314,0.0861576003961629,0.257031019248235,0.429054064795846,0.7153180468548892,1.2861430201213204,-0.3696969129405033,0.6952479456857135,0.5009174311926605,273157.26932853216,1.7315726932853217,2008-05-23,2012-10-11
LSTM,1,CAT,-0.0925077131899623,0.1844871841867349,-0.4342547910149347,-0.5249739572255286,-0.4040329392043762,-0.2289608203037331,0.4676390154968095,65284.497949425735,-0.3471550205057426,0.1622055047938773,-0.06615513814709,0.184476753365796,-0.2791755146849486,-0.3325571137406075,-0.3562924410385003,-0.1856765132436291,0.4908592321755027,74032.28449250128,-0.2596771550749872,2008-05-23,2012-10-11
LSTM,1,RTX,-0.0433930266587734,0.1251045217690121,-0.2925668011748151,-0.3527053670050468,-0.3218792839311094,-0.1348114924602003,0.4639927073837739,82293.43757934848,-0.1770656242065151,0.190323012354047,-0.0107312206717107,0.1251382912042088,-0.0242008288435792,-0.0284825171432666,-0.2590982426073763,-0.0414175741360478,0.4990842490842491,95371.01474560086,-0.0462898525439914,2008-05-23,2012-10-11
LSTM,1,BA,-0.0271513994775817,0.1393391502297928,-0.1276952544984195,-0.1501029437671364,-0.3353797584006134,-0.0809571800250067,0.5004557885141294,88610.36558429307,-0.1138963441570692,0.0897065343278555,-0.0116274955871321,0.1393042267236233,-0.0141324900260139,-0.0164921348787104,-0.3259030470166068,-0.0356777750118417,0.5150684931506849,94992.02898008806,-0.0500797101991193,2008-05-23,2012-10-11
TCN,1,NVDA,-0.0547432751971606,0.2324360639314978,-0.1258698551417202,-0.1598311532236853,-0.3336155276230008,-0.1640909090389304,0.479489516864175,78089.68260942219,-0.219103173905778,0.1281683541468086,-0.033141997864686,0.2325263322259745,-0.0285894331262738,-0.0361391327554389,-0.3237211165382581,-0.1023782390815067,0.4866850321395776,86238.34522704069,-0.1376165477295932,2008-05-23,2012-10-11
TCN,1,AAPL,-0.0100222588849192,0.1372235974985071,-0.0049578692429813,-0.0063730389468908,-0.2628250949862403,-0.0381328080008644,0.4840474020054695,95671.62236323806,-0.0432837763676193,0.2074007513793816,0.0268681725598922,0.1372221547788576,0.2616571350868036,0.333205388747308,-0.1638214052599302,0.1640089249464157,0.5082116788321168,112352.41255349683,0.1235241255349683,2008-05-23,2012-10-11
TCN,1,MSFT,-0.1491044191898698,0.1381222253945027,-1.0974981775997978,-1.0768413894919633,-0.5485200779203097,-0.2718303763012519,0.4521422060164083,49199.02129538763,-0.5080097870461237,0.2108677704641232,-0.1168246241205931,0.1380160750840293,-0.8288296553642602,-0.793955756546013,-0.4782908206176227,-0.2442543722033721,0.4811059907834101,57941.79790307086,-0.4205820209692914,2008-05-23,2012-10-11
TCN,1,JPM,-0.139489878137458,0.2839621911367335,-0.3835913465740858,-0.4047457727024097,-0.6232926687173357,-0.2237951529648377,0.4949863263445761,51688.31259316553,-0.4831168740683447,0.1362772258765852,-0.1185506842400633,0.2840095125721061,-0.2988848361481781,-0.3115444004248647,-0.5904737705318248,-0.2007721429070214,0.5096241979835013,57445.996235235056,-0.4255400376476494,2008-05-23,2012-10-11
TCN,1,BAC,-0.1260577909227783,0.3288058736341467,-0.2451047863228502,-0.2941995457398502,-0.6027224882111284,-0.2091473163659714,0.4621695533272562,55327.61214434379,-0.4467238785565621,0.1833849870696792,-0.0973255207246368,0.328874951915747,-0.1466903496258461,-0.1737439128921246,-0.5966549577921468,-0.163118598871245,0.4783410138248848,63775.629881830195,-0.362243701181698,2008-05-23,2012-10-11
TCN,1,MS,0.2057155641491321,0.2789718235290831,0.8084284335819939,1.0885100709198492,-0.3157672467149163,0.6514784743803972,0.4913400182315405,227455.84146738905,1.2745584146738906,0.144492994606414,0.2368090129703628,0.2790284304031922,0.8996119793061371,1.200535983261991,-0.3133524417837322,0.7557273580583818,0.5036697247706422,254373.7647508732,1.5437376475087317,2008-05-23,2012-10-11
TCN,1,CAT,-0.0719176796630903,0.155961128530341,-0.4005487440152505,-0.5168863285656241,-0.3186682648557321,-0.2256819633283817,0.4448495897903373,72046.37316147037,-0.2795362683852963,0.2163061461087038,-0.0358171393253107,0.1560033745392918,-0.1558532310359097,-0.1987044168717531,-0.281235773561846,-0.1273562707606052,0.4716636197440585,85195.08464351716,-0.1480491535648284,2008-05-23,2012-10-11
TCN,1,RTX,-0.0023271971622901,0.1125280341603753,0.0354373428738802,0.0461818535866627,-0.1430088861459074,-0.0162730948055616,0.4731084776663628,98981.724026791,-0.0101827597320899,0.1798930889346958,0.0298489538746509,0.1124412186605896,0.3176845274629287,0.4079113909685339,-0.1367898768435358,0.2182102547602481,0.5045787545787546,113792.14972203282,0.1379214972203282,2008-05-23,2012-10-11
TCN,1,BA,-0.0976765265402086,0.1367225189448168,-0.6817821087756183,-0.7116557198749902,-0.376846884505038,-0.259194199438586,0.4603463992707384,63666.76232085483,-0.3633323767914517,0.1825711194665776,-0.0681210627622784,0.1366563355135309,-0.4464441518949302,-0.4587405542237961,-0.2895240272379199,-0.2352863885327871,0.4867579908675799,73350.08845439712,-0.2664991154560288,2008-05-23,2012-10-11
TFT,1,NVDA,0.0683480006466616,0.255093806708069,0.3844812965686074,0.5426647873132541,-0.4459373539374707,0.1532681665780468,0.5168641750227895,133699.86599783893,0.3369986599783894,0.0404757220507345,0.0760055275468953,0.2550790350913687,0.4124945622512669,0.5806552131350309,-0.4410463403627427,0.1723300265554497,0.5234159779614325,137961.07313840953,0.3796107313840953,2008-05-23,2012-10-11
TFT,1,AAPL,-0.0347793783845555,0.1717273660049887,-0.1213168944274028,-0.1616525629734211,-0.3988896349474209,-0.0871904791137026,0.4676390154968095,85598.63009907238,-0.1440136990092761,0.0574977798299353,-0.0249389909520767,0.1717319444751461,-0.0622529629102862,-0.0822276290459252,-0.3789804964669597,-0.0658054733279684,0.4835766423357664,89499.00784363814,-0.1050099215636185,2008-05-23,2012-10-11
TFT,1,MSFT,-0.024521821955448,0.1437891829434633,-0.1003611978179979,-0.1137227050986713,-0.2316720229079333,-0.1058471439393139,0.4949863263445761,89667.33753959437,-0.1033266246040562,0.0392010472462968,-0.0177515262588228,0.1437851313106404,-0.0522709812254021,-0.0587413743986803,-0.2273943127757527,-0.0780649526460614,0.504147465437788,92433.53393931196,-0.0756646606068804,2008-05-23,2012-10-11
TFT,1,JPM,-0.1163086267519429,0.2404071176311343,-0.3929788000736127,-0.450571014394972,-0.5067740731460637,-0.229507847609284,0.4849589790337283,58090.655161860006,-0.4190934483813999,0.0599567845285156,-0.1069104221965189,0.2404221050827543,-0.3489634357711438,-0.398061385271627,-0.4911918596826667,-0.2176551180338943,0.4912923923006416,60853.95981616765,-0.3914604018383235,2008-05-23,2012-10-11
TFT,1,BAC,-0.1988264441182702,0.3467894611172272,-0.4605517811124434,-0.5254979113583724,-0.6838057320778279,-0.2907645180365943,0.4776663628076572,37764.586558009854,-0.6223541344199015,0.0460291041117728,-0.1922892739328132,0.3467912084887408,-0.4371361393037405,-0.4952495518488442,-0.6809199669533403,-0.2823962921709854,0.4838709677419355,39137.060080379546,-0.6086293991962045,2008-05-23,2012-10-11
TFT,1,MS,-0.1107182477711833,0.3590114520237009,-0.1552999929762025,-0.2053891754568828,-0.4534475882016774,-0.2441698900864806,0.471285323609845,59722.40386800472,-0.4027759613199528,0.0627280132965306,-0.1008182204010954,0.3590082225790967,-0.1244797517758887,-0.1632418527976114,-0.4522393415945075,-0.222931114408645,0.481651376146789,62698.71674786165,-0.3730128325213835,2008-05-23,2012-10-11
TFT,1,CAT,0.1062828832467104,0.1839951111166798,0.6409603268993781,0.807645081452561,-0.23193211575185,0.4582499620726314,0.5168641750227895,155846.8105809435,0.5584681058094352,0.0487454550644623,0.1158376602540431,0.1839736327576046,0.6877739105653193,0.8633153485458069,-0.2273532488704763,0.5095051899611787,0.5228519195612431,161846.92741618364,0.6184692741618363,2008-05-23,2012-10-11
TFT,1,RTX,0.0766592147380738,0.1274704355164658,0.6432126466768833,0.8245764514744429,-0.151510039643288,0.5059678877951495,0.4949863263445761,138329.63185579455,0.3832963185579454,0.051068107783977,0.0864003058227038,0.1274618585336961,0.7139313004026042,0.9059745111513556,-0.1507713684338891,0.5730551279077168,0.5119047619047619,143912.46030295006,0.4391246030295006,2008-05-23,2012-10-11
TFT,1,BA,-0.0218247518449052,0.1564757448075485,-0.0629527505220419,-0.0810657790827358,-0.2447263677280358,-0.089180222170253,0.4949863263445761,90761.52759209929,-0.0923847240790073,0.0521041297483505,-0.0127909276902137,0.1564710238886575,-0.0042142629454542,-0.0054054599526458,-0.237356565167749,-0.053889083207679,0.5050228310502283,94501.81314168868,-0.054981868583113,2008-05-23,2012-10-11
RandomForest,2,NVDA,-0.130837437847336,0.1541212704888955,-0.8273089276147567,-0.7568676221878499,-0.4642555308264515,-0.2818220336856812,0.4703737465815861,54010.65489888444,-0.4598934510111556,0.2113839824198363,-0.0978020769920819,0.154158160757327,-0.585228625385276,-0.5183340810127686,-0.3970023331225383,-0.2463513909926935,0.5055350553505535,63627.85660982235,-0.3637214339017764,2012-10-12,2017-03-09
RandomForest,2,AAPL,-0.0206374347828733,0.0882772113444572,-0.191935383668392,-0.2104377174703926,-0.2307106698606649,-0.0894515836451653,0.4940747493163172,91246.47331578317,-0.0875352668421685,0.1825639313630916,0.0114473264605077,0.0879403892392514,0.1735352458169896,0.1858496296427917,-0.1479344029576976,0.0773810975110443,0.5424657534246575,105127.1963504393,0.051271963504393,2012-10-12,2017-03-09
RandomForest,2,MSFT,-0.0222924977141709,0.0779813153706195,-0.2501440031703593,-0.2941538282884228,-0.2081456974906422,-0.1071004492666642,0.4457611668185962,90571.02983810076,-0.0942897016189923,0.2248113839984546,0.0172693452918855,0.0778747847125289,0.2587508885246202,0.2956381899411217,-0.1445939333779072,0.1194334014467312,0.4976915974145891,107811.50264591536,0.0781150264591534,2012-10-12,2017-03-09
RandomForest,2,JPM,-0.0686179123681426,0.0860677561673458,-0.782883901489117,-0.9573351807175836,-0.3019059074805778,-0.2272824435293866,0.4557885141294439,73178.44772445473,-0.2682155227554527,0.2582420956645474,-0.0251909358259129,0.0859766290986774,-0.2538731198734017,-0.304902497025221,-0.1718247798966746,-0.1466082822341531,0.4995408631772268,89397.46515299863,-0.1060253484700136,2012-10-12,2017-03-09
RandomForest,2,BAC,-0.0404626426320753,0.0661274674839692,-0.5916488570120378,-0.7035478383065228,-0.228041018350694,-0.177435809244851,0.4812785388127854,83406.60329105702,-0.1659339670894297,0.1242515572302844,-0.0191835098597558,0.065943224664242,-0.2609254543764993,-0.306086256699542,-0.1762303802449442,-0.1088547265976074,0.5131332082551595,91843.03494746724,-0.0815696505253276,2012-10-12,2017-03-09
RandomForest,2,MS,-0.0032990457434478,0.0965620752572835,0.0140741333790197,0.0159339847688592,-0.1566396476970054,-0.0210613710637892,0.4949863263445761,98558.8657348284,-0.014411342651716,0.1621751674013913,0.0256223707694003,0.0966095574880635,0.3101838765779862,0.3440804200286,-0.1238353694340702,0.206906725328111,0.5313075506445673,111754.86859891195,0.1175486859891195,2012-10-12,2017-03-09
RandomForest,2,CAT,-0.0072462663449892,0.0906584356846821,-0.0349793858059438,-0.0470354685014424,-0.1323646570433815,-0.0547447219435196,0.4475843208751139,96855.7232461612,-0.0314427675383881,0.2139620963717881,0.0309286668525061,0.0907631605766225,0.3809005457937969,0.5041944964928301,-0.0997105977740585,0.3101843489354027,0.4853747714808044,114317.15848519938,0.1431715848519938,2012-10-12,2017-03-09
RandomForest,2,RTX,-0.045127215434166,0.0605714562413855,-0.7319377149381916,-0.8630545430279986,-0.2389016697280394,-0.1888945166667857,0.4475843208751139,81640.0973940702,-0.183599026059298,0.2335911294764321,-0.0049467119251694,0.0604420847257101,-0.0517695252629959,-0.0595302289450951,-0.153857656403865,-0.0321512236751139,0.5059797608095676,97845.14371827482,-0.0215485628172518,2012-10-12,2017-03-09
RandomForest,2,BA,0.0101025667107206,0.0823431439920315,0.1631347517980575,0.2249727078332248,-0.1156845035523038,0.0873286084177472,0.4393801276207839,104514.5864805046,0.0451458648050457,0.2916339704851724,0.0634201206489022,0.0823426469070247,0.7878937972962037,1.065763034242155,-0.096195991205961,0.6592802865674122,0.4967978042086002,131011.88430932922,0.3101188430932922,2012-10-12,2017-03-09
LSTM,2,NVDA,-0.095861732417656,0.1275629652942141,-0.726119604698145,-0.8986651733353568,-0.4048265674970394,-0.2367970388167696,0.4621695533272562,64231.18776915107,-0.3576881223084893,0.0884104260383907,-0.0816443952691537,0.1275574014042206,-0.6038878962129521,-0.7374438054748295,-0.3632347825306635,-0.2247703116434383,0.4824723247232472,68787.90513967235,-0.3121209486032764,2012-10-12,2017-03-09
LSTM,2,AAPL,-0.0860449131828229,0.1100328481345349,-0.7624216228185365,-0.8843034684578389,-0.447125289288717,-0.1924402739994922,0.4749316317228806,67351.68530528662,-0.3264831469471337,0.1066949470824915,-0.0686608176755778,0.109900407579129,-0.5920854654326466,-0.6792674089209912,-0.411814230584366,-0.1667276470221728,0.4949771689497717,73163.64030187803,-0.2683635969812197,2012-10-12,2017-03-09
LSTM,2,MSFT,-0.0233303241407797,0.0889708787786431,-0.2209096015260479,-0.2645554276048921,-0.1876699701844026,-0.1243157022823395,0.4895168641750227,90149.45947730394,-0.0985054052269606,0.1159319613393276,-0.0031484018730113,0.0889529927128014,0.008947159365561,0.0105201024983012,-0.167998170375432,-0.0187406914371477,0.5170821791320406,98624.32041745844,-0.0137567958254155,2012-10-12,2017-03-09
LSTM,2,JPM,-0.0736237067529983,0.0852789504364442,-0.8540378389256436,-1.0689652594394574,-0.3086744818622047,-0.2385156891131178,0.4293527803099362,71466.404953644,-0.28533595046356,0.2153881173990899,-0.0377304716919443,0.0851625323155242,-0.4090647105034241,-0.5005457480678052,-0.2038520078463178,-0.1850875647022764,0.4756657483930211,84454.91635928466,-0.1554508364071534,2012-10-12,2017-03-09
LSTM,2,BAC,-0.0412800593080768,0.1046484087068188,-0.3505296514053244,-0.4393735182068695,-0.2220007973838184,-0.1859455452167027,0.4758432087511394,83094.92865063007,-0.1690507134936992,0.1148306924232708,-0.0216572250132047,0.1046290680805041,-0.1569949573479846,-0.1929112251813865,-0.1668423241207101,-0.1298065411599985,0.5075046904315197,90829.83106104768,-0.091701689389523,2012-10-12,2017-03-09
LSTM,2,MS,-0.0140199109156723,0.1110599492532657,-0.0714027906948355,-0.0814386068866325,-0.2752973046651393,-0.0509264372665239,0.487693710118505,93986.1016648485,-0.060138983351515,0.0979318323852343,0.0031591961293409,0.1110842935028236,0.08412696905173,0.0945077067622107,-0.242177103893638,0.0130449826946827,0.5101289134438306,101395.24614220385,0.0139524614220383,2012-10-12,2017-03-09
LSTM,2,CAT,0.0014199138052977,0.080699793381795,0.057910043246342,0.0760297219700567,-0.1460550559171599,0.009721770988216,0.4612579762989973,100625.25202546312,0.0062525202546313,0.2115640984179095,0.0394943712809532,0.0807272300123689,0.5201867508546462,0.6716731144130181,-0.1088310047328232,0.3628963214840356,0.5009140767824497,118548.82853671926,0.1854882853671926,2012-10-12,2017-03-09
LSTM,2,RTX,-0.0595011836229844,0.0631893263580301,-0.9390828376924384,-1.1433390630985063,-0.307955370163789,-0.1932136581717607,0.4603463992707384,76377.70645652851,-0.2362229354347148,0.1051982120770574,-0.0418803402731766,0.0631684763386985,-0.6456234131579799,-0.7759658076737922,-0.2664065946964877,-0.1572045929301794,0.4903403863845446,82866.6196162733,-0.171333803837267,2012-10-12,2017-03-09
LSTM,2,BA,-0.025309023612937,0.0799589435497502,-0.2806356894329345,-0.3465528929842887,-0.1654840399013827,-0.1529393627809639,0.5050136736554239,89349.90223838256,-0.1065009776161743,0.0890990916724558,-0.0098661270980614,0.0799420756119091,-0.0840890535670632,-0.1027908505773875,-0.1369840947104522,-0.0720238880208377,0.5279048490393413,95737.92217761138,-0.0426207782238861,2012-10-12,2017-03-09
TCN,2,NVDA,-0.1885928226185612,0.1992308390301211,-0.9367125634495138,-0.8059366713621117,-0.6128927264204007,-0.3077093502480237,0.4457611668185962,39929.990960254545,-0.6007000903974545,0.2066125215543958,-0.1584418718270057,0.1991994202835309,-0.7538956736427951,-0.6271350968133447,-0.547502234055026,-0.2893903658685012,0.4806273062730627,46871.10981931774,-0.5312889018068225,2012-10-12,2017-03-09
TCN,2,AAPL,-0.0415922234273218,0.1078116048332014,-0.3401283863199846,-0.4155980709457389,-0.3292711659425206,-0.1263160207431658,0.4721969006381039,82976.14055267429,-0.170238594473257,0.1257867440111608,-0.0200849549919742,0.1078083025351662,-0.1343218026291834,-0.1618366057070691,-0.2789757817883268,-0.0719953354489163,0.5013698630136987,91472.80829077128,-0.0852719170922873,2012-10-12,2017-03-09
TCN,2,MSFT,-0.0429609492653333,0.0943155118649893,-0.4183955947641547,-0.4811599537687807,-0.28289801325079,-0.1518602013908394,0.4448495897903373,82456.8454803394,-0.1754315451966059,0.1829482381166924,-0.0115506595489885,0.0941453321922528,-0.07636199598056,-0.0849513281041204,-0.2158840569373331,-0.0535039952132339,0.494921514312096,95024.47308724004,-0.0497552691275994,2012-10-12,2017-03-09
TCN,2,JPM,-0.026110800101589,0.0909646774032085,-0.2453720180046595,-0.2998335297827156,-0.1659155823877606,-0.1573740074670359,0.4658158614402917,89027.48261893296,-0.1097251738106703,0.1354491032887493,-0.0025444414657158,0.0908037234387383,0.0173234675737555,0.0207757402515525,-0.109035670880376,-0.0233358628893785,0.5022956841138659,98887.07810001368,-0.0111292189998631,2012-10-12,2017-03-09
TCN,2,BAC,-0.019251915856506,0.0918732858297843,-0.1657807799824599,-0.2301484719569017,-0.1276596156484764,-0.1508066255621369,0.4639927073837739,91814.8998554955,-0.0818510014450449,0.1436715150260517,0.0059282153612101,0.091814686612236,0.1101439283770824,0.1512395484217439,-0.1154123372129463,0.0513655255960377,0.4943714821763602,102630.49411684182,0.0263049411684181,2012-10-12,2017-03-09
TCN,2,MS,-0.0114412024862445,0.1151584090441409,-0.0425623628374796,-0.0616703537610513,-0.2882273560027434,-0.0396950610272249,0.4703737465815861,95070.70623981162,-0.0492929376018838,0.1377017762087,0.0128483333869702,0.1153131496874611,0.1681436972820749,0.2419474481676292,-0.2455835521449069,0.0523175647340952,0.4926335174953959,105768.375825268,0.0576837582526801,2012-10-12,2017-03-09
TCN,2,CAT,-0.0788368154670455,0.0895799718232643,-0.8716926172837717,-1.0868939863054592,-0.3471322701029896,-0.2271088638450574,0.4348222424794895,69716.51313515876,-0.3028348686484123,0.194576233655868,-0.0466596016763284,0.0895548811852515,-0.4886718836397702,-0.5986840535610763,-0.253110579298609,-0.1843447310879938,0.473491773308958,81066.12515622568,-0.1893387484377432,2012-10-12,2017-03-09
TCN,2,RTX,-0.025042975372157,0.0615100141226557,-0.3815311008979986,-0.4696156473407243,-0.1492918583793466,-0.167745084320161,0.479489516864175,89457.08765631796,-0.1054291234368204,0.1359797756579651,-0.001373563339663,0.0615251120031947,0.0084331259985324,0.0102543400370775,-0.111578024815483,-0.0123103392620057,0.5087396504139834,99398.01769049448,-0.0060198230950552,2012-10-12,2017-03-09
TCN,2,BA,-0.0028070088218674,0.0778822115797373,0.0028115881618902,0.003750860472516,-0.1735735455753519,-0.0161718700425398,0.4685505925250683,98772.77977696928,-0.0122722022303071,0.1964936760134643,0.0323569502151488,0.0779396559741097,0.4475315770506,0.5873926799889378,-0.1161577158855462,0.2785604896624442,0.5114364135407137,115014.53113071722,0.1501453113071722,2012-10-12,2017-03-09
TFT,2,NVDA,-0.1399489027724092,0.1330604161144214,-1.0659502853881937,-1.2353578429394931,-0.5231454541874007,-0.2675143244621922,0.4658158614402917,51567.30115339755,-0.4843269884660245,0.055467368205743,-0.1314866011506202,0.1330538641632585,-0.992465311774168,-1.1389017197794704,-0.5083278191402589,-0.2586649720902648,0.4806273062730627,53833.67286307296,-0.4616632713692704,2012-10-12,2017-03-09
TFT,2,AAPL,-0.0428334221428823,0.1129921300984499,-0.3309945868684918,-0.4296484986103973,-0.3843473226256471,-0.1114445701098376,0.479489516864175,82505.12299118344,-0.1749487700881656,0.0636830271245689,-0.0320166661249747,0.1129763368176122,-0.2316068848894937,-0.299287465938841,-0.3604258556108241,-0.0888301036858613,0.4904109589041096,86680.14228898783,-0.1331985771101217,2012-10-12,2017-03-09
TFT,2,MSFT,-0.0602311814286768,0.0991167703000991,-0.5770216009481338,-0.696745495377895,-0.2716163577315601,-0.2217509355169385,0.4667274384685506,76117.62755605282,-0.2388237244394718,0.0511610298301435,-0.0517092996102683,0.0991151599489277,-0.4859772394268876,-0.5801101194350715,-0.2434445573396819,-0.2124068830099889,0.4856879039704525,79196.73300266403,-0.2080326699733597,2012-10-12,2017-03-09
TFT,2,JPM,-0.0582370233291544,0.0972115078841875,-0.5687063692723066,-0.7689378602932905,-0.2784904335490417,-0.2091167821709001,0.4667274384685506,76829.71621465737,-0.2317028378534262,0.0578838593274542,-0.0485646180711879,0.0971601894677818,-0.4639152224984704,-0.6240365952218804,-0.2496749668110277,-0.1945113628790234,0.4820936639118457,80356.93147955147,-0.1964306852044853,2012-10-12,2017-03-09
TFT,2,BAC,0.0085937946915233,0.115322403282072,0.1319741329355503,0.1562217735300924,-0.2727571676182223,0.0315071268944691,0.5013673655423884,103830.54635049324,0.0383054635049324,0.0459864617465779,0.0168094894829251,0.1153143071039871,0.2023303666235613,0.2354682581755032,-0.264111351253535,0.0636454639421718,0.524390243902439,107597.57601876406,0.0759757601876405,2012-10-12,2017-03-09
TFT,2,MS,-0.0610452529989937,0.1183259051789907,-0.4733328539276049,-0.6773199452818464,-0.3445012083327479,-0.1771989517669011,0.4639927073837739,75828.40267831013,-0.2417159732168987,0.0442785812098911,-0.0536788007541558,0.1183093376485528,-0.4073794818265859,-0.5810803076641287,-0.3235744739976339,-0.1658931870953096,0.4760589318600368,78476.72258489017,-0.2152327741510983,2012-10-12,2017-03-09
TFT,2,CAT,0.0013232146991311,0.0980144797321518,0.0621691177590488,0.0880958624798321,-0.1385991778343647,0.0095470602337369,0.4931631722880583,100582.5754900354,0.0058257549003539,0.0506548845081477,0.0103082107620644,0.0980385410222903,0.1532968075930494,0.2166908156158571,-0.1327996047271404,0.0776223000305191,0.4990859232175503,104608.08928873712,0.0460808928873712,2012-10-12,2017-03-09
TFT,2,RTX,-0.0463761432655576,0.0744394208936865,-0.6004386434393955,-0.6783828834968846,-0.3204057653959093,-0.1447419125191237,0.4694621695533272,81172.06196879975,-0.1882793803120024,0.0599436305993799,-0.0362382588828668,0.0744542930416764,-0.4582979310942948,-0.5109135073510684,-0.300349558144708,-0.1206536114343383,0.4894204231830726,85031.74717109687,-0.1496825282890312,2012-10-12,2017-03-09
TFT,2,BA,-0.0614613472689122,0.1007526286284888,-0.5794224751780759,-0.7879977109620069,-0.3181892557300154,-0.1931597191360302,0.4658158614402917,75680.90011557993,-0.2431909988442007,0.0737531787824255,-0.0491611652629101,0.1006789275179157,-0.4506233612324026,-0.6081138259523073,-0.2907428133898301,-0.1690881528238997,0.4839890210430009,80135.8389962509,-0.198641610037491,2012-10-12,2017-03-09
RandomForest,3,NVDA,-0.0370274027576522,0.1996201685616562,-0.0892687963981009,-0.1121256453418629,-0.4862206191252112,-0.0761535017257608,0.4785779398359161,84726.31737424272,-0.1527368262575728,0.2252863300158659,0.0019971354351042,0.1997227287621202,0.1097554422893063,0.1360856167767373,-0.436394901769791,0.0045764408039711,0.5045620437956204,100880.29013879242,0.0088029013879242,2017-03-10,2021-08-02
RandomForest,3,AAPL,0.0653755720500439,0.1472782836391837,0.5027441773347568,0.7081629978743158,-0.1508001618994738,0.4335245481607938,0.4557885141294439,132073.46878582874,0.3207346878582873,0.1831435115578205,0.1002905195176193,0.147641950872884,0.7203224717466679,0.9996003181209374,-0.1240088398269201,0.8087368582561971,0.4867579908675799,152172.4212867126,0.521724212867126,2017-03-10,2021-08-02
RandomForest,3,MSFT,0.0517217758345602,0.1428706593413705,0.4243409833178392,0.506468757155582,-0.1460666906193323,0.3540969923755825,0.4721969006381039,124797.9282844057,0.247979282844057,0.1984094547776825,0.0891686738317483,0.1429040246189457,0.6691575282778338,0.7731317438433788,-0.1419977410662232,0.6279583968181782,0.5110091743119266,145530.37851766212,0.455303785176621,2017-03-10,2021-08-02
RandomForest,3,JPM,-0.0983592863548634,0.1256174481373046,-0.7609794984925787,-0.8429976074188437,-0.3687643258326214,-0.2667266854861329,0.4557885141294439,63455.40950177123,-0.3654459049822877,0.2438383451834989,-0.0587054102385035,0.1255235459523867,-0.4188793281462792,-0.4513181018893886,-0.2384218351974301,-0.2462249742767531,0.4967919340054995,76662.00078762959,-0.2333799921237042,2017-03-10,2021-08-02
RandomForest,3,BAC,-0.153172223394695,0.1126793851679491,-1.4184824150661797,-1.6554448829796122,-0.5252324658682858,-0.2916274856343449,0.4293527803099362,48174.16173255139,-0.5182583826744862,0.259244133311119,-0.113514468561956,0.1125961178490917,-1.0133836180573406,-1.1621272036087475,-0.4320569568521326,-0.2627303339564215,0.4612546125461255,58901.86441214852,-0.4109813558785148,2017-03-10,2021-08-02
RandomForest,3,MS,-0.0803554422853966,0.1822934438412114,-0.3693303585588609,-0.4238844531369238,-0.3282909275880852,-0.2447690007023909,0.463081130355515,69213.03278399109,-0.3078696721600891,0.1956312585223376,-0.0480407807489924,0.1822177346987262,-0.1800985454446726,-0.2020976331922158,-0.2301358676606677,-0.2087496453174692,0.4922232387923147,80551.46443703321,-0.1944853556296679,2017-03-10,2021-08-02
RandomForest,3,CAT,-0.0124608064820797,0.1405123349496114,-0.0181322278584161,-0.0201715144501476,-0.3041261806287683,-0.0409724886437514,0.4667274384685506,94640.71174315445,-0.0535928825684556,0.206189787862286,0.024120246799778,0.1405019891447176,0.2407373526209929,0.2613845058886621,-0.2718758479297551,0.0887178724533488,0.5022789425706472,111037.64808575048,0.1103764808575047,2017-03-10,2021-08-02
RandomForest,3,RTX,-0.1506908816567485,0.1354982512330977,-1.1366678403023451,-1.226330486665489,-0.536040857003977,-0.2811182761310123,0.4247948951686418,48797.33842964837,-0.5120266157035164,0.2374929765057565,-0.1143384313707089,0.1355498673514452,-0.8271697031436366,-0.8666978486169317,-0.4564967792891924,-0.2504693057172155,0.4665444546287809,58661.745006503115,-0.4133825499349688,2017-03-10,2021-08-02
RandomForest,3,BA,-0.1851539553849093,0.2438800042759644,-0.7130361899541588,-0.7147109566583716,-0.684524360706749,-0.2704855605047334,0.4484958979033728,40678.75441072168,-0.5932124558927832,0.2510230503402668,-0.1482436674612709,0.2439241414053458,-0.5313734107175746,-0.5180226367123352,-0.6679765539511289,-0.2219294473502087,0.4826642335766423,49418.02447708581,-0.5058197552291419,2017-03-10,2021-08-02
LSTM,3,NVDA,-0.1060919711984175,0.2118502955324489,-0.4228177066004825,-0.4733161107087467,-0.4729989874968187,-0.2242964023239713,0.4731084776663628,61099.32262257345,-0.3890067737742655,0.1408841839210021,-0.0835620122041287,0.2117294098503615,-0.3056830229760788,-0.3388922458039814,-0.4352406732153712,-0.1919903569370216,0.4890510948905109,68159.16444299744,-0.3184083555700255,2017-03-10,2021-08-02
LSTM,3,AAPL,0.020562987907525,0.1311521179521484,0.2202179720643525,0.2994515445403269,-0.1966460165008163,0.1045685454169356,0.4576116681859617,109353.3369246736,0.0935333692467359,0.1119451031312816,0.0409203787795358,0.1311115540940643,0.3708991932536822,0.4970035903736933,-0.1798752082586099,0.2274931558144678,0.4849315068493151,119264.89714876511,0.1926489714876511,2017-03-10,2021-08-02
LSTM,3,MSFT,0.0766023936303113,0.1063252049169826,0.7468913845159464,1.076452640647526,-0.110218901109064,0.6950023349852809,0.4740200546946217,138297.5651126225,0.3829756511262252,0.2047984418718765,0.1161615245296174,0.1066054002844305,1.083808365686144,1.5249803884575366,-0.0922766599979846,1.2588397166970988,0.518348623853211,162053.38336561105,0.6205338336561106,2017-03-10,2021-08-02
LSTM,3,JPM,0.0200195386296884,0.1223144594835611,0.2234932895719018,0.2697988052937007,-0.2473905986816355,0.080922794707536,0.4576116681859617,109097.76920800704,0.0909776920800702,0.242288546255887,0.0645512114177828,0.1223386564635501,0.5728047249939132,0.6684533626759167,-0.173262972096949,0.3725620693015892,0.5059578368469294,131625.12921370496,0.3162512921370495,2017-03-10,2021-08-02
LSTM,3,BAC,-0.0558299962307168,0.1469188885555416,-0.317383879528759,-0.3832289088553204,-0.3594397874111812,-0.1553250313016964,0.4685505925250683,77696.07636791543,-0.2230392363208456,0.1015347647601113,-0.0387799213792329,0.1470426209541222,-0.1953104082053049,-0.2312354174453584,-0.3433237304648591,-0.1129543865981097,0.496309963099631,84051.05401386225,-0.1594894598613775,2017-03-10,2021-08-02
LSTM,3,MS,0.0367376289045606,0.1368339145923381,0.3301726314207578,0.4995728972570595,-0.2471254047090392,0.1486598633912804,0.4813126709206928,117173.95021502663,0.1717395021502663,0.1589366409766004,0.0661877586001757,0.1370049557722517,0.5343984581005681,0.8006148927988671,-0.2074992716663057,0.3189782695074563,0.5032021957913998,132516.33990597067,0.3251633990597067,2017-03-10,2021-08-02
LSTM,3,CAT,-0.0383120873096048,0.1254085312232467,-0.2484669552558975,-0.2789557796242131,-0.4103656960237327,-0.0933608429769655,0.4849589790337283,84230.90707302252,-0.1576909292697748,0.1011077079767397,-0.021004439137358,0.1254164051882674,-0.1062418924307029,-0.1174053956943803,-0.3903491867527385,-0.0538093580060742,0.5113947128532361,91096.36152975388,-0.0890363847024612,2017-03-10,2021-08-02
LSTM,3,RTX,-0.0160587032326543,0.1137727569857897,-0.0857525183779952,-0.1181177992611565,-0.2577030231498489,-0.0623147646324527,0.4539653600729261,93135.3712426372,-0.0686462875736281,0.1192809495317525,0.0048593230133324,0.1138268568334126,0.0991405664445045,0.1353583532459199,-0.2480256276406299,0.0195920198229404,0.4720439963336388,102152.29631980168,0.0215229631980167,2017-03-10,2021-08-02
LSTM,3,BA,-0.0692187372323381,0.2658558224914682,-0.1365564086056115,-0.1515535937023318,-0.6137339523427752,-0.1127829688550112,0.4703737465815861,72971.30246268773,-0.2702869753731227,0.1512135454389901,-0.0440634749671038,0.2659244971774425,-0.0362142149862261,-0.0395006616734658,-0.6085125200237209,-0.0724117803942409,0.4917883211678832,82040.37515517307,-0.1795962484482693,2017-03-10,2021-08-02
TCN,3,NVDA,-0.1109646717233332,0.1682302191509108,-0.6150273915747679,-0.7994887455126096,-0.4771958320881788,-0.2325348719785729,0.4539653600729261,59649.73912559075,-0.4035026087440925,0.2239988630097659,-0.0751098312147261,0.1681930492900379,-0.3802344609570111,-0.4883135996222548,-0.3916406575314906,-0.1917825173927117,0.4854014598540146,70964.13783014676,-0.2903586216985323,2017-03-10,2021-08-02
TCN,3,AAPL,-0.0455220647870576,0.1303909008876337,-0.2923296674070991,-0.3709930084568249,-0.299575925258334,-0.1519550169053221,0.4694621695533272,81491.90297459751,-0.1850809702540249,0.1460611129026053,-0.0206154293649026,0.1304647602603822,-0.0946765114864911,-0.1181060048769442,-0.2507411752186181,-0.0822179657845519,0.5031963470319635,91255.4800188344,-0.0874451998116561,2017-03-10,2021-08-02
TCN,3,MSFT,-0.0015515738203535,0.1027973898504262,0.0363661345755388,0.0434461264209539,-0.1296693555583205,-0.0119656168080182,0.4557885141294439,99320.20758813304,-0.0067979241186694,0.1900370763316022,0.0325023726448534,0.1026394862098427,0.363026797523429,0.4212965137895799,-0.1261105796334113,0.2577291511888537,0.501834862385321,115085.71885096475,0.1508571885096477,2017-03-10,2021-08-02
TCN,3,JPM,-0.0329083035642421,0.1365949492632944,-0.1757285030081279,-0.192292784018132,-0.2307465102429849,-0.1426166901921438,0.4749316317228806,86329.94850037823,-0.1367005149962177,0.1665631389535765,-0.0040696605672067,0.1366000025603058,0.0393712420065779,0.0421349648906288,-0.1824019400261005,-0.0223114982583209,0.5022914757103575,98224.558627179,-0.0177544137282099,2017-03-10,2021-08-02
TCN,3,BAC,-0.0462143770643291,0.1331980001928061,-0.2880636000225857,-0.3306586186728849,-0.3030860794520006,-0.1524793786236827,0.4703737465815861,81232.56669698047,-0.1876743330301953,0.1803484199786458,-0.0153940383201488,0.1333142172907382,-0.0491773068195565,-0.0550270153215298,-0.294954793659871,-0.0521911786180379,0.5027675276752768,93412.06092276792,-0.0658793907723209,2017-03-10,2021-08-02
TCN,3,MS,-0.066981461628508,0.1508682019885178,-0.3826737434962584,-0.3930477883631257,-0.4167409692897438,-0.1607268460853879,0.5013673655423884,73744.9474342126,-0.2625505256578739,0.1477737673234117,-0.04231316872538,0.1507256553042201,-0.2100903592671881,-0.212256012250346,-0.399098459832831,-0.1060218792703525,0.5224153705397987,82702.2998076182,-0.172977001923818,2017-03-10,2021-08-02
TCN,3,CAT,-0.0651623622027556,0.1283508626821307,-0.4604856752852239,-0.5301628056932456,-0.318133606957101,-0.2048270310893073,0.4649042844120328,74378.64466199603,-0.2562135533800397,0.1677401210229039,-0.0370799753962116,0.1283415034410558,-0.2299675127363376,-0.2613235550228074,-0.2385696048115476,-0.1554262347271862,0.4867821330902461,84705.999838451,-0.15294000161549,2017-03-10,2021-08-02
TCN,3,RTX,-0.0322070530675089,0.1431640414666999,-0.1583679340296398,-0.2165284444976348,-0.2725329352844859,-0.1181767371855049,0.4785779398359161,86605.27517935428,-0.1339472482064572,0.1599087862175115,-0.0045176956418936,0.1431754941363869,0.0386610603144225,0.0518168200629057,-0.2472236666996923,-0.0182737182981003,0.5096241979835013,98030.59568119886,-0.0196940431880113,2017-03-10,2021-08-02
TCN,3,BA,-0.0238458450200774,0.2343979113151955,0.0180972565190303,0.0180463158112987,-0.3960839703264994,-0.0602040143165119,0.4886052871467639,89940.61650284512,-0.1005938349715488,0.2098081193833158,0.0129847647487262,0.2343902618584772,0.1759975481094031,0.1711032419595078,-0.384214610746353,0.0337956037733775,0.5200729927007299,105830.97548198352,0.0583097548198352,2017-03-10,2021-08-02
TFT,3,NVDA,-0.1346128005304097,0.221762185562486,-0.540710618890339,-0.6621744780037483,-0.6026541383466572,-0.2233665911590871,0.4685505925250683,52987.63686113235,-0.4701236313886764,0.0491670610913617,-0.1270698543224141,0.2217609995098744,-0.5016035248366417,-0.6129955434759885,-0.5950639730103091,-0.2135398210709905,0.4717153284671533,55046.70630111613,-0.4495329369888386,2017-03-10,2021-08-02
TFT,3,AAPL,-0.0374095896381648,0.1509172706075846,-0.1769676397934453,-0.2013961214052895,-0.3094356859278939,-0.1208961711251436,0.5104831358249772,84578.70089344723,-0.1542129910655277,0.0660528210252354,-0.0261232626583995,0.1508966425429644,-0.0997752852609337,-0.1127083643293402,-0.2859026478164798,-0.0913711812671565,0.5214611872146119,89022.47813445289,-0.1097752186554711,2017-03-10,2021-08-02
TFT,3,MSFT,-0.0682101007246835,0.1487879604153807,-0.4002375934931977,-0.4452573026293314,-0.3359683785869445,-0.2030253591471009,0.4895168641750227,73319.30672295998,-0.2668069327704001,0.0626003484572235,-0.0578616701334665,0.1487949922518763,-0.3260044778082726,-0.356367615244236,-0.3106403221228182,-0.1862658065059233,0.5119266055045871,76964.32346409188,-0.2303567653590812,2017-03-10,2021-08-02
TFT,3,JPM,-0.0568126927546951,0.1783850930981354,-0.2381571528088694,-0.2810613579361797,-0.3083665262894707,-0.18423754821353,0.4494074749316317,77341.4683622173,-0.2265853163778269,0.0470198603120989,-0.0489549940892768,0.178382865222962,-0.1916629294748082,-0.2240981999292233,-0.2938273983683075,-0.1666113996214628,0.459211732355637,80212.19701452719,-0.1978780298547281,2017-03-10,2021-08-02
TFT,3,BAC,-0.0438980023037387,0.1407055036805878,-0.248766959274677,-0.3043806296508341,-0.3149803813004324,-0.1393674174959749,0.4867821330902461,82102.77729027835,-0.1789722270972165,0.0870756751259342,-0.0290995959475007,0.1407310706982814,-0.1395763644385943,-0.1685429576935307,-0.3031028567787279,-0.0960056802392468,0.5055350553505535,87833.50415167106,-0.1216649584832894,2017-03-10,2021-08-02
TFT,3,MS,-0.0097699105350312,0.2011745802220572,0.0515048633189889,0.057233479875149,-0.4510440582011996,-0.0216606567748491,0.5159525979945305,95778.79725542464,-0.0422120274457534,0.0421846638905164,-0.0023766847597793,0.2011906651835195,0.0884874253566383,0.0976521167332347,-0.4497337688417329,-0.0052846482173228,0.5233302836230558,98960.15781896828,-0.0103984218103171,2017-03-10,2021-08-02
TFT,3,CAT,0.0068118637079419,0.1508433450668394,0.120588178396683,0.1409921563833639,-0.2393469282454573,0.0284602094452458,0.5132178669097539,103027.12190797762,0.0302712190797762,0.055537960852007,0.0167215020238431,0.1508579764797424,0.185517671337217,0.2159710151395511,-0.2314113612239503,0.0722587773366095,0.5205104831358249,107556.6813212779,0.0755668132127789,2017-03-10,2021-08-02
TFT,3,RTX,-0.026248037701102,0.1800970905186223,-0.0583125846041516,-0.0706541860965984,-0.4281266748725187,-0.0613090452934702,0.4886052871467639,88972.38524303782,-0.1102761475696217,0.0460792631099516,-0.0182981614291033,0.180086507179928,-0.0131800258242657,-0.0157539962823184,-0.4231289006057739,-0.0432448868486806,0.5041246562786434,92207.77610911982,-0.0779222389088017,2017-03-10,2021-08-02
TFT,3,BA,0.0049028279265401,0.2869140142298242,0.1642364620282975,0.1729902591849539,-0.5067398773467436,0.0096752360445975,0.4931631722880583,102171.7257538926,0.0217172575389259,0.0881852363586402,0.0206572418656079,0.2869112072701156,0.2184565005092273,0.2276016300616427,-0.5067031148174964,0.0407679393742195,0.5054744525547445,109397.70871429582,0.0939770871429581,2017-03-10,2021-08-02
RandomForest,4,NVDA,-0.0317470824948005,0.2023640271060584,-0.0586550502352602,-0.0770942469249097,-0.3444394641075532,-0.092170281872484,0.4499089253187613,86775.12794811002,-0.1322487205188998,0.2917038993498704,0.0193556818724494,0.2025456359424345,0.19544679639927,0.2548614509364967,-0.2742009486372324,0.0705894052104719,0.4762773722627737,108794.4798903617,0.087944798903617,2021-08-03,2025-12-30
RandomForest,4,AAPL,-0.0339826929632373,0.119970636001936,-0.2289019119112546,-0.3062839669318731,-0.3077788686470476,-0.1104126904898325,0.4435336976320583,85897.6453211019,-0.141023546788981,0.2167061610826145,0.0036700544083172,0.1199288224484266,0.089765401186611,0.1177485641210633,-0.2513155490699388,0.0146033718243828,0.4904109589041096,101623.74674000264,0.0162374674000262,2021-08-03,2025-12-30
RandomForest,4,MSFT,0.0159268830939431,0.0969197719866527,0.2113229345632348,0.2800674111973962,-0.1148157063943288,0.1387169368556868,0.4672131147540984,107194.6241739686,0.0719462417396858,0.1563057701178135,0.0443410468867988,0.0967745483685156,0.496553167049809,0.6545825488668008,-0.1048647426105805,0.4228403730647689,0.4931631722880583,121017.03654386628,0.2101703654386628,2021-08-03,2025-12-30
RandomForest,4,JPM,-0.0532528891570912,0.0912732429353259,-0.5537594753462162,-0.6751838153218651,-0.2642129688225113,-0.2015528964926192,0.4462659380692167,78614.92364261477,-0.2138507635738523,0.2099622412637947,-0.0175195700691234,0.0912207105379359,-0.1480594010113924,-0.1780184512736795,-0.1626857775578297,-0.1076896231011696,0.4813126709206928,92522.97006084048,-0.0747702993915953,2021-08-03,2025-12-30
RandomForest,4,BAC,-0.0111134758428015,0.0961466191630265,-0.0681292737129308,-0.0849060712836339,-0.2119906530446964,-0.0524243672217866,0.4735883424408014,95205.0150972948,-0.0479498490270521,0.2348940589313966,0.0307167471847584,0.0961923963092454,0.362657694375524,0.4430510420470899,-0.1673402383066515,0.1835586437284135,0.5160403299725023,114227.6786528297,0.142276786528297,2021-08-03,2025-12-30
RandomForest,4,MS,-0.1041413397708826,0.1152183764189804,-0.8957288725278921,-0.9462123040426896,-0.4548065171957948,-0.2289794359434161,0.436247723132969,61660.26751601478,-0.3833973248398522,0.2279172654144199,-0.0673542782871415,0.1150315748429339,-0.5476741570406644,-0.5675700902869161,-0.3673490902059199,-0.1833522392811309,0.4703196347031963,73595.22337255563,-0.2640477662744437,2021-08-03,2025-12-30
RandomForest,4,CAT,-0.0469500139275682,0.1162831026884082,-0.3552742547525438,-0.4315481729329111,-0.2769226696732644,-0.1695419662932025,0.4790528233151184,80942.25297762586,-0.1905774702237413,0.2090723899760454,-0.011136428910217,0.1162659296179807,-0.0381197060112607,-0.0458672169953215,-0.2378755750735495,-0.0468161933261695,0.5081967213114754,95195.29935026054,-0.0480470064973945,2021-08-03,2025-12-30
RandomForest,4,RTX,-0.0287212035225625,0.0689077740810254,-0.3885597036516549,-0.4998294820386212,-0.1832599184341501,-0.1567238693980038,0.4253187613843351,87973.8043605449,-0.1202619563945509,0.1730932546753107,0.0014072254749837,0.0687472391780348,0.0546766080128982,0.0701360512037718,-0.1292327997903108,0.0108890736505519,0.4637281910009183,100620.21293547154,0.0062021293547154,2021-08-03,2025-12-30
RandomForest,4,BA,-0.0559408362851756,0.1516863197241735,-0.3037856775208733,-0.3970164146846678,-0.3697811065224137,-0.1512809478322681,0.4544626593806922,77638.27922552271,-0.2236172077447729,0.170642460340861,-0.0270970734574319,0.1517719089514688,-0.1052816790295325,-0.1363038083931457,-0.3278778975921858,-0.0826437940965916,0.4808394160583941,88622.44295804622,-0.1137755704195377,2021-08-03,2025-12-30
LSTM,4,NVDA,0.0147039458287625,0.2043193055284087,0.1733027427700054,0.2256517954204501,-0.3270140500153922,0.0449642632421159,0.5163934426229508,106628.42922891628,0.0662842922891628,0.101761016051719,0.0330689455775354,0.2043847733164674,0.2610749245876429,0.3385065263709134,-0.3173260866503624,0.1042112419013683,0.5273722627737226,115378.2890534412,0.1537828905344118,2021-08-03,2025-12-30
LSTM,4,AAPL,0.0597421214612281,0.1236642776978894,0.5290985464914292,0.8153362679156007,-0.1286229099523919,0.4644749639340372,0.4845173041894353,129062.73500836248,0.2906273500836247,0.1492812669634398,0.0880142105361398,0.123652441197712,0.7421107435193477,1.1278971882372195,-0.1087777870615899,0.8091193332174178,0.5150684931506849,144902.47307770728,0.4490247307770729,2021-08-03,2025-12-30
LSTM,4,MSFT,0.0148276250603573,0.1080271997996235,0.1896702311056975,0.2727193896404334,-0.2083395884513413,0.0711704634274078,0.4672131147540984,106685.58493115004,0.0668558493115003,0.1270616573919347,0.037824846866499,0.1080606828974636,0.3970289578527198,0.5645104913159217,-0.1714321055901716,0.2206403913449193,0.495897903372835,117732.04678203934,0.1773204678203934,2021-08-03,2025-12-30
LSTM,4,JPM,0.0141876258513395,0.0955471644161052,0.1950200773522811,0.2839096514534479,-0.1943425044135881,0.0730032058306006,0.4690346083788707,106390.07850419429,0.0639007850419428,0.1078687128796178,0.033670256366731,0.095532832359752,0.3942273605514013,0.5691702238234471,-0.1722365874301121,0.1954884085264015,0.495897903372835,115673.86039795689,0.1567386039795688,2021-08-03,2025-12-30
LSTM,4,BAC,0.0563074647759562,0.1055549048089922,0.5716097581696833,0.7663884703150223,-0.2855154790191049,0.197213352387765,0.4899817850637523,127233.6570628056,0.272336570628056,0.1446626984341809,0.0836142307703049,0.1054572817885145,0.8141184009223341,1.0807585228545464,-0.2587211208913862,0.3231828560506548,0.5105407882676444,142343.6067806558,0.423436067806558,2021-08-03,2025-12-30
LSTM,4,MS,-0.0241649668509077,0.1147168910962749,-0.1563860870414949,-0.2020449364140963,-0.2475843343806031,-0.0976029719786703,0.4744990892531876,89802.80663398743,-0.1019719336601256,0.1011541687833014,-0.006599604357744,0.1147602643699621,-0.0008411477898499,-0.0010739930375548,-0.2184443742227849,-0.0302118302713227,0.4977168949771689,97130.62316586664,-0.0286937683413336,2021-08-03,2025-12-30
LSTM,4,CAT,-0.0284972085455084,0.1136967659977233,-0.1972670212220608,-0.223803607107482,-0.2032927943286862,-0.1401781535819405,0.4872495446265938,88063.04384842826,-0.1193695615157173,0.1363331343295175,-0.0048529590173334,0.1137437177511065,0.014247314724848,0.0159751555459705,-0.178100961735829,-0.0272483594138678,0.5091074681238615,97883.75773952612,-0.0211624226047386,2021-08-03,2025-12-30
LSTM,4,RTX,-0.0698730119874997,0.0942235604788573,-0.7213392378258381,-0.7859736942828603,-0.2894152847671523,-0.241428202535038,0.482695810564663,72725.33783167024,-0.2727466216832975,0.1009767451658118,-0.0531496165038363,0.0941950713708002,-0.5324573008323459,-0.5722279705150111,-0.2323833842354246,-0.228715218511454,0.5032139577594124,78652.63533497571,-0.2134736466502429,2021-08-03,2025-12-30
LSTM,4,BA,-0.0845034280369133,0.1591978904142772,-0.4742676385898263,-0.5224094935596207,-0.4445786614255653,-0.1900753125801147,0.4936247723132969,67828.35795691583,-0.3217164204308417,0.0808857179763158,-0.0713381569554164,0.159171491146541,-0.3847056182181764,-0.4199139361242584,-0.4322147356179285,-0.1650525793698952,0.5082116788321168,72222.99369796689,-0.2777700630203311,2021-08-03,2025-12-30
TCN,4,NVDA,-0.0396647213375073,0.1964828242823368,-0.1086541539909038,-0.153167731566522,-0.3585725335921336,-0.1106184038697867,0.4808743169398907,83698.27105147223,-0.1630172894852777,0.1744600114283883,-0.0096468904212463,0.1964859776111086,0.0479732502259442,0.0673006867538843,-0.339876220268039,-0.0283835403772539,0.4963503649635036,95827.39247181691,-0.0417260752818308,2021-08-03,2025-12-30
TCN,4,AAPL,-0.0296347113152958,0.1217102684878362,-0.18753102523932,-0.2835823425239147,-0.2960303863577015,-0.100106991312329,0.4380692167577413,87610.58652183485,-0.1238941347816515,0.2356735630839571,0.0115743633202871,0.1215893175491067,0.1541941798362447,0.2297837110374455,-0.2228510664617509,0.0519376617938408,0.4776255707762557,105190.01499083891,0.051900149908389,2021-08-03,2025-12-30
TCN,4,MSFT,0.0441773070684723,0.1031573494852295,0.4698170089761017,0.7611485899693976,-0.1027445273278032,0.429972361715442,0.4644808743169399,120933.63347320809,0.2093363347320807,0.1749233695800904,0.0768919227037721,0.1031637786516613,0.7688896318039578,1.2354607794860444,-0.1008783578390031,0.7622241712785195,0.4995442114858706,138501.72810194548,0.3850172810194547,2021-08-03,2025-12-30
TCN,4,JPM,-0.0036405853076071,0.0982154877701333,0.0119711508404535,0.0158011035448521,-0.1970498475799751,-0.018475453558164,0.4526411657559198,98409.1669400758,-0.015908330599242,0.1815803417912,0.0287806431665242,0.0983007699390694,0.3378053369420741,0.439192740897284,-0.1498416913174122,0.1920736673050343,0.4886052871467639,113287.27510013916,0.1328727510013916,2021-08-03,2025-12-30
TCN,4,BAC,-0.0582681867093087,0.1015807128498087,-0.5400925255138987,-0.6580851094843514,-0.3055166376652563,-0.1907201753547417,0.4617486338797814,76800.2502004331,-0.2319974979956689,0.3262389650694235,-0.0024717019605977,0.1015572431229093,0.0264439010858219,0.031743895361543,-0.1915240963070281,-0.0129054359647541,0.5013748854262144,98917.78900669308,-0.0108221099330692,2021-08-03,2025-12-30
TCN,4,MS,0.0641384838580458,0.1136955661702929,0.6038992789991483,0.7111577385092565,-0.1390376861434772,0.4613028714521286,0.5027322404371585,131433.5230249429,0.3143352302494291,0.1302654999826799,0.0888662162534126,0.1137056883348969,0.8059359736047598,0.9379619021982302,-0.1346008717492743,0.6602202132757858,0.5214611872146119,145402.04790502187,0.4540204790502187,2021-08-03,2025-12-30
TCN,4,CAT,-0.0334580397885406,0.11770693874898,-0.2302999938454366,-0.2967480152249441,-0.3368996958200065,-0.0993115761268484,0.4590163934426229,86102.95454868214,-0.1389704545131785,0.2277310228086069,0.0061600583205279,0.1177379680880903,0.1109569441882054,0.1412270115144864,-0.2723967234608322,0.0226142893433652,0.4918032786885246,102736.94673209084,0.0273694673209083,2021-08-03,2025-12-30
TCN,4,RTX,0.0286320672398474,0.0868753545273465,0.3682719426441352,0.5022517610175441,-0.1566132295143349,0.1828202338246702,0.4471766848816029,113215.3567877804,0.132153567877804,0.1884484875457608,0.0633940497662395,0.0868897716427213,0.7507911178659521,1.002826184037094,-0.1495796992015292,0.4238145290079003,0.4903581267217631,131029.73126904471,0.3102973126904471,2021-08-03,2025-12-30
TCN,4,BA,-0.1708020649222803,0.1514725024447255,-1.1606564111809516,-1.3272955183153587,-0.56227904878246,-0.3037674359237274,0.4836065573770491,43888.86606370362,-0.5611113393629638,0.1291037758334804,-0.1516868701917386,0.1514701572357676,-1.010321952626391,-1.137947746334986,-0.5161812930074154,-0.2938635557828313,0.5109489051094891,48514.77669817311,-0.5148522330182689,2021-08-03,2025-12-30
TFT,4,NVDA,-0.1291364390248547,0.208244494827251,-0.55896780435787,-0.671518753666187,-0.5173415450641907,-0.249615443137921,0.4772313296903461,54446.649320503624,-0.4555335067949637,0.0697050219974049,-0.1183574965494245,0.2082529359652988,-0.499901726140405,-0.597452963510008,-0.4970486183836244,-0.238120562399543,0.4890510948905109,57472.58860821971,-0.4252741139178029,2021-08-03,2025-12-30
TFT,4,AAPL,-0.0410330420319474,0.1195696784457382,-0.290505250564653,-0.3535072022251322,-0.2669447212605912,-0.153713629691486,0.4836065573770491,83175.18918099547,-0.1682481081900453,0.0554723137681211,-0.0316002755321833,0.1195582329642741,-0.2086874540507231,-0.2522005266009265,-0.240437543665256,-0.1314282081344923,0.4977168949771689,86832.99137591946,-0.1316700862408053,2021-08-03,2025-12-30
TFT,4,MSFT,-0.0409025354827208,0.1135376077535624,-0.3110127337705817,-0.3895161361176902,-0.276037289685364,-0.1481775724190844,0.482695810564663,83224.9700027451,-0.1677502999725489,0.0520321153022158,-0.032055374081695,0.1135180696805338,-0.2302116016193841,-0.2871971198238731,-0.2538508190626636,-0.1262764256584182,0.4913400182315405,86653.71290952401,-0.1334628709047599,2021-08-03,2025-12-30
TFT,4,JPM,0.0465101862538597,0.1016647861627479,0.4978975561064053,0.6677113356269794,-0.1509491063758664,0.3081183278955516,0.4963570127504553,122126.11617685364,0.2212611617685362,0.0486097327409075,0.0555200118257972,0.101671052394639,0.5822051019817096,0.7752482745084378,-0.1479994818249341,0.3751365284607607,0.512306289881495,126817.14690007996,0.2681714690007997,2021-08-03,2025-12-30
TFT,4,BAC,0.0773178973954955,0.1110601323506439,0.7263355680272695,0.9230848247908352,-0.1835310136168978,0.4212797383492292,0.5081967213114754,138742.7729495709,0.3874277294957091,0.0534141465547131,0.0875103616427914,0.1110868972564137,0.8109793503404263,1.0236860865707436,-0.167805080865446,0.5215000713414715,0.5206232813932172,144607.66514183482,0.4460766514183483,2021-08-03,2025-12-30
TFT,4,MS,0.0488572557901265,0.1283633464814281,0.4358393709678325,0.5442143014298323,-0.1722769879065845,0.2835971094213634,0.505464480874317,123334.9994227584,0.233349994227584,0.0440222914261086,0.0570317907070303,0.1283671968260839,0.4963209758305724,0.6171301930121388,-0.1707912226728022,0.3339269419968408,0.5123287671232877,127617.7096436963,0.276177096436963,2021-08-03,2025-12-30
TFT,4,CAT,-0.0431909248669503,0.1301797691021016,-0.2738055992347961,-0.3387847846447789,-0.3685711725438478,-0.1171847612737863,0.4681238615664845,82355.4092871582,-0.176445907128418,0.0488432999039771,-0.0349108253652707,0.1301861530124642,-0.2076103407218665,-0.2557638692621733,-0.3539873799971832,-0.0986216665846917,0.4781420765027322,85535.37163689068,-0.1446462836310932,2021-08-03,2025-12-30
TFT,4,RTX,-0.0560832234908231,0.0987927203623559,-0.5344958543499941,-0.6055297232802094,-0.2604665756219505,-0.21531831236659,0.4717668488160291,77586.80668253673,-0.2241319331746327,0.0578618649324495,-0.046396639259997,0.0987852229783955,-0.4312129407135064,-0.4823223731317075,-0.238553562034519,-0.194491496435016,0.4894398530762167,81149.09861888208,-0.1885090138111791,2021-08-03,2025-12-30
TFT,4,BA,-0.0878685175344428,0.1656747273877404,-0.4720553783213549,-0.6061316868516603,-0.5539846273144309,-0.1586118336178493,0.4699453551912568,66738.97974126824,-0.3326102025873176,0.0466378381753197,-0.0803344190229519,0.1656996240712526,-0.4223348836994844,-0.540251737322529,-0.5439074499144373,-0.1476986921866751,0.479014598540146,69196.9840280736,-0.308030159719264,2021-08-03,2025-12-30
ARIMAX,0,NVDA,0.056012422767752756,0.19783220942783913,0.37428623832939406,0.4785917705829505,-0.29853190850683187,0.18762625090199,0.5013673655423884,127049.9958515946,0.270499958515946,0.18949124242121942,0.09188962878937379,0.19788203501234464,0.5431121053689255,0.6847047210955939,-0.271012047027159,0.33906104838271356,0.5267034990791897,147134.24148328006,0.4713424148328005,2003-12-30,2008-05-22
ARIMAX,0,AAPL,-0.10890349278834455,0.1496579723034373,-0.6951509729381091,-0.781895598395253,-0.4467008973548654,-0.2437951063747922,0.4785779398359161,60259.64134867708,-0.39740358651322916,0.3542086930417949,-0.05139879514727497,0.14946976300364304,-0.27799918034989896,-0.3050867304169462,-0.2996417405768931,-0.17153416292509213,0.5242896425297892,79310.71123996437,-0.2068928876003563,2003-12-30,2008-05-22
ARIMAX,0,MSFT,-0.045441220202078636,0.0779368046162906,-0.5575447030255108,-0.6429606049303312,-0.19249312671781815,-0.23606671561157805,0.45031905195989064,81522.22854545375,-0.18477771454546255,0.3699417951980355,0.01892950037000385,0.07798832969660688,0.2795864480392267,0.30925120444628973,-0.12168269895138717,0.1555644354795769,0.5176908752327747,108586.54803144695,0.08586548031446939,2003-12-30,2008-05-22
ARIMAX,0,JPM,-0.054399971305482464,0.08756083315962299,-0.5948133427176525,-0.660642678493117,-0.26594427907344953,-0.20455401971801043,0.4594348222424795,78214.3455195262,-0.21785654480473793,0.38688387600884944,0.012413268131307165,0.08735872808802006,0.185029752823973,0.1972290849243881,-0.11609138459151658,0.10692669550789619,0.5330275229357798,105568.94309968765,0.05568943099687651,2003-12-30,2008-05-22
ARIMAX,0,BAC,0.026004121583328876,0.081070359860406,0.3568861044108394,0.5232851851356493,-0.08239207991095032,0.3156143358856122,0.4621695533272562,111937.71240043266,0.11937712400432665,0.1694243669870305,0.057134247394153403,0.0809709625849269,0.726425145169595,1.0371009379824534,-0.06428845236982561,0.8887171068527682,0.5096596136154554,127643.96009357601,0.27643960093576014,2003-12-30,2008-05-22
ARIMAX,0,MS,0.060249199577369295,0.11732119164702692,0.5568766193336502,0.8127913612607083,-0.18485743148631495,0.3259225181965679,0.47219690063810393,129304.46121025913,0.29304461210259136,0.16844690182325409,0.09221610253976609,0.11733391511744404,0.8100595805319974,1.1627562273516252,-0.13867135664063757,0.6649974787420678,0.5082417582417582,147327.59436362874,0.47327594363628744,2003-12-30,2008-05-22
ARIMAX,0,CAT,-0.15798348008476681,0.08836419901527373,-1.9010654966921676,-2.2553795791376894,-0.5601943401909857,-0.2820154877518147,0.422971741112124,46983.36496956159,-0.5301663503043841,0.4115239549039842,-0.09452099900382316,0.08802775677510358,-1.0836730111097603,-1.2732681746817394,-0.40392876568185965,-0.23400412903068488,0.47435897435897434,64650.65017942969,-0.3534934982057031,2003-12-30,2008-05-22
ARIMAX,0,RTX,-0.06588438703280852,0.06994922598786837,-0.9392078224186228,-1.1325565190960094,-0.31048947105411706,-0.21219523743954957,0.4576116681859617,74126.62047003311,-0.2587337952996689,0.2452922694700382,-0.02456150717780481,0.06982281081430988,-0.3212031086096419,-0.3795394445135061,-0.19568658738335332,-0.12551451535964703,0.5,89651.31384565467,-0.10348686154345332,2003-12-30,2008-05-22
ARIMAX,0,BA,-0.01728591273592428,0.08035466505325002,-0.1768385650327015,-0.21915137046984312,-0.2527815099529611,-0.0683828209553022,0.48951686417502277,92626.16667470263,-0.07373833325297363,0.4027686476036758,0.05506039162111498,0.08048081750366025,0.7062376792209313,0.8679580601644645,-0.14587391046113085,0.37745194769277274,0.5502742230347349,126547.60742044343,0.2654760742044342,2003-12-30,2008-05-22
SingleAgentA2C,0,PORTFOLIO,0.055249811762226875,0.10465966980693621,0.5661433507091503,0.8265686095802616,-0.1472283811195254,0.3752660413848676,0.527124773960217,126647.44226042357,0.2664744226042357,0.0005018568704205561,0.0553564353515148,0.10467051725101958,0.5670609998510463,0.8278510479603007,-0.1472359687297462,0.37597087063095536,0.527124773960217,126703.66551214668,0.2670366551214667,2003-12-30,2008-05-22
SingleAgentA2C,0,NVDA,0.17100575704900622,0.2518026257525573,0.7546045306962025,1.0055146799230736,-0.3928115980484458,0.4353378512716825,0.5187214611872146,22229.388505993593,1.0006449655394234,0.00045167118337850043,0.17110017034088565,0.25179866383252675,0.7549328266382663,1.0059398758403533,-0.392811598048446,0.4355782038792643,0.5187214611872146,22237.26273619457,1.0013536462575114,2003-12-30,2008-05-22
SingleAgentA2C,0,AAPL,-0.31596181322365513,0.19865240469578094,-1.8103936344973417,-2.4574961470968155,-0.817703376116719,-0.3864015026135281,0.45545454545454545,2095.506514689794,-0.8114044136779185,0.00045167118337850043,-0.3159071853768499,0.19865205847540288,-1.8099957126122823,-2.456823479224012,-0.817639414669953,-0.38636491796859923,0.45545454545454545,2096.2417539143717,-0.8113382421477066,2003-12-30,2008-05-22
SingleAgentA2C,0,MSFT,0.04471694957123895,0.204934347790291,0.316039606695808,0.4511954447673604,-0.26647467546325,0.167809378108825,0.4939981532779317,13465.292923118292,0.21187636308064617,0.0009033423667570009,0.04488440941849681,0.20492963346870716,0.31682445905274975,0.4522843819873219,-0.2664746754632501,0.16843780498266103,0.4939981532779317,13474.776955533598,0.21272992599802376,2003-12-30,2008-05-22
SingleAgentA2C,0,JPM,0.04367232471939775,0.11997493069379027,0.41589403253417884,0.6548012645483952,-0.15046201187137054,0.29025482363437405,0.5031847133757962,13406.247277376417,0.20656225496387748,0.00045167118337850043,0.04375534950826787,0.1199758629675702,0.416554891040924,0.6558468445716162,-0.15046201187137043,0.29080662264222684,0.5031847133757962,13410.93278368498,0.2069839505316482,2003-12-30,2008-05-22
SingleAgentA2C,0,BAC,0.0,0.0,0.0,0.0,0.0,0.0,0.0,11111.111111111111,0.0,0.0,0.0,0.0,0.0,0.0,0.0,0.0,0.0,11111.111111111111,0.0,2003-12-30,2008-05-22
SingleAgentA2C,0,MS,0.007997518815533455,0.15454228487107383,0.12825434145507517,0.19264636751079517,-0.2796190416404686,0.028601481389155844,0.5022706630336058,11506.79610663947,0.03561164959755225,0.00045167118337850043,0.008077917449524685,0.1545417087073359,0.12877037491242335,0.19340444459852119,-0.27961904164046925,0.028889010569999637,0.5022706630336058,11510.828375371746,0.03597455378345704,2003-12-30,2008-05-22
SingleAgentA2C,0,CAT,0.18670107290128568,0.2568232185657704,0.7961841799361453,1.071271159700117,-0.2743562767640457,0.6805059286536899,0.5376930063578564,23568.305287269817,1.1211474758542836,0.0009033423667570009,0.1868926482916724,0.2568147404904374,0.7968309485080551,1.0721142925902545,-0.2743562767640454,0.6812042009609486,0.5376930063578564,23585.023611970253,1.1226521250773227,2003-12-30,2008-05-22
SingleAgentA2C,0,RTX,0.1182399085871253,0.18408110019719837,0.6989767651120837,1.1481096330106968,-0.18598588187345588,0.6357466889211263,0.5167724388032638,18153.683423113973,0.6338315080802575,0.0009033423667570009,0.11841785630990698,0.18408191148423197,0.6998393296162733,1.1495315111590239,-0.18598588187345655,0.6367034697315231,0.5167724388032638,18166.377073254935,0.6349739365929441,2003-12-30,2008-05-22
SingleAgentA2C,0,BA,0.0,0.0,0.0,0.0,0.0,0.0,0.0,11111.111111111111,0.0,0.0,0.0,0.0,0.0,0.0,0.0,0.0,0.0,11111.111111111111,0.0,2003-12-30,2008-05-22
SingleAgentPPO,0,PORTFOLIO,0.043121624919359114,0.08555194522006149,0.5362009603165767,0.7840357886303485,-0.12105686396464022,0.35620966467423615,0.5198915009041591,120376.80464856008,0.20376804648560087,0.0004014854963364448,0.043206451935174695,0.08556826801184489,0.5370654445619921,0.7852154837414355,-0.12107861618678573,0.356846264814597,0.5198915009041591,120419.81262842024,0.20419812628420253,2003-12-30,2008-05-22
SingleAgentPPO,0,NVDA,0.0,0.0,0.0,0.0,0.0,0.0,0.0,11111.111111111111,0.0,0.0,0.0,0.0,0.0,0.0,0.0,0.0,0.0,11111.111111111111,0.0,2003-12-30,2008-05-22
SingleAgentPPO,0,AAPL,0.0,0.0,0.0,0.0,0.0,0.0,0.0,11111.111111111111,0.0,0.0,0.0,0.0,0.0,0.0,0.0,0.0,0.0,11111.111111111111,0.0,2003-12-30,2008-05-22
SingleAgentPPO,0,MSFT,0.027505395262724885,0.1024671738951455,0.316039606695808,0.4511954447673604,-0.14054217694103632,0.1957091875292683,0.4939981532779317,12517.66735980978,0.12659006238288018,0.00045167118337850043,0.027587502932712615,0.10246481673435358,0.31682445905274975,0.4522843819873219,-0.14054217694103643,0.196293408378659,0.4939981532779317,12522.062057212252,0.12698558514910263,2003-12-30,2008-05-22
SingleAgentPPO,0,JPM,0.04367232471939775,0.11997493069379027,0.41589403253417884,0.6548012645483952,-0.15046201187137054,0.29025482363437405,0.5031847133757962,13406.247277376417,0.20656225496387748,0.00045167118337850043,0.04375534950826787,0.1199758629675702,0.416554891040924,0.6558468445716162,-0.15046201187137043,0.29080662264222684,0.5031847133757962,13410.93278368498,0.2069839505316482,2003-12-30,2008-05-22
SingleAgentPPO,0,BAC,0.009377963245956744,0.19971536144665045,0.14577302427301328,0.21483658424627547,-0.3222832414578125,0.02909851348005738,0.510036496350365,11576.181789382896,0.041856361044460666,0.0009033423667570009,0.009539016422117186,0.1997142952019585,0.14657169030264325,0.2159843020243842,-0.3222832414578124,0.02959823904888292,0.510036496350365,11584.297853061991,0.042586806775579245,2003-12-30,2008-05-22
SingleAgentPPO,0,MS,0.007997518815533455,0.15454228487107383,0.12825434145507517,0.19264636751079517,-0.2796190416404686,0.028601481389155844,0.5022706630336058,11506.79610663947,0.03561164959755225,0.00045167118337850043,0.008077917449524685,0.1545417087073359,0.12877037491242335,0.19340444459852119,-0.27961904164046925,0.028889010569999637,0.5022706630336058,11510.828375371746,0.03597455378345704,2003-12-30,2008-05-22
SingleAgentPPO,0,CAT,0.18670107290128568,0.2568232185657704,0.7961841799361453,1.071271159700117,-0.2743562767640457,0.6805059286536899,0.5376930063578564,23568.305287269817,1.1211474758542836,0.0009033423667570009,0.1868926482916724,0.2568147404904374,0.7968309485080551,1.0721142925902545,-0.2743562767640454,0.6812042009609486,0.5376930063578564,23585.023611970253,1.1226521250773227,2003-12-30,2008-05-22
SingleAgentPPO,0,RTX,0.061943193467113966,0.09204055009859918,0.6989767651120837,1.1481096330106968,-0.09503451947147679,0.6517967767039144,0.5167724388032638,14468.273494748364,0.30214461452735275,0.00045167118337850043,0.06202774575972847,0.09204095574211599,0.6998393296162733,1.1495315111590239,-0.09503451947147756,0.6526864775524506,0.5167724388032638,14473.334613785688,0.30260011524071184,2003-12-30,2008-05-22
SingleAgentPPO,0,BA,0.0,0.0,0.0,0.0,0.0,0.0,0.0,11111.111111111111,0.0,0.0,0.0,0.0,0.0,0.0,0.0,0.0,0.0,11111.111111111111,0.0,2003-12-30,2008-05-22
SingleAgentDQN,0,PORTFOLIO,-0.04463110111564028,0.06433710655921838,-0.6776626727542456,-1.0972607910253454,-0.25526034591975666,-0.1748454150010063,0.4701627486437613,81826.59343484516,-0.18173406565154848,0.0011542708019672793,-0.03684565078365831,0.06592733180189957,-0.5366664656813548,-0.8670383011558785,-0.23477136715319769,-0.15694269378094586,0.4719710669077758,84796.58732853938,-0.15203412671460625,2003-12-30,2008-05-22
SingleAgentDQN,0,NVDA,-0.3147313596345186,0.4448213362485517,-0.6312492410512004,-0.9135210593570721,-0.8985594310775696,-0.3502621515608453,0.4840182648401826,2112.1156160662817,-0.8099095945540347,0.11562782294489611,-0.30054743666933825,0.4447006869281694,-0.5855542628942694,-0.847409642888688,-0.8900891893420816,-0.33765991124045774,0.4849315068493151,2311.014822214864,-0.7920086660006622,2003-12-30,2008-05-22
SingleAgentDQN,0,AAPL,-0.5508029070861621,0.3973048093915619,-1.8103936344973417,-2.4574961470968155,-0.9722002334979326,-0.5665529467159229,0.45545454545454545,330.34109686491917,-0.9702693012821573,0.0009033423667570009,-0.5507309926937408,0.39730411695080575,-1.8099957126122823,-2.456823479224012,-0.9721806772715419,-0.5664903711513647,0.45545454545454545,330.5734810209504,-0.9702483867081144,2003-12-30,2008-05-22
SingleAgentDQN,0,MSFT,-0.03708469886252963,0.10246273167893323,-0.31760850406099095,-0.4293520370293375,-0.2855068295834349,-0.12989075923906127,0.5060018467220684,9411.574951523397,-0.15295825436289434,0.00045167118337850043,-0.0370081708808635,0.10246481673435358,-0.31682445905274975,-0.4283008586018599,-0.2855068295834351,-0.12962271667847586,0.5060018467220684,9414.861197822751,-0.1526624921959524,2003-12-30,2008-05-22
SingleAgentDQN,0,JPM,0.005305064364776735,0.1560668156995104,0.11200015786862784,0.15437111458726166,-0.29240596601308133,0.018142804803577103,0.4913557779799818,11372.389007120639,0.02351501064085748,0.11878952122854562,0.026624615034128718,0.15586525653706168,0.2465846487858942,0.33915282463403834,-0.2552388973760593,0.10431252958635462,0.49499545040946313,12470.599726429558,0.12235397537866022,2003-12-30,2008-05-22
SingleAgentDQN,0,BAC,0.053627746801960585,0.19975473792049206,0.360541939268886,0.5470341519469323,-0.3377358401568765,0.15878607013413434,0.5063752276867031,13977.165737857387,0.25794491640716477,0.14363143631436315,0.0806843142174194,0.19962854703357358,0.48768849646279533,0.738138183963655,-0.3349407249970554,0.24089132254111148,0.5118613138686131,15623.98146727327,0.4061583320545943,2003-12-30,2008-05-22
SingleAgentDQN,0,MS,0.0,0.0,0.0,0.0,0.0,0.0,0.0,11111.111111111111,0.0,0.0,0.0,0.0,0.0,0.0,0.0,0.0,0.0,11111.111111111111,0.0,2003-12-30,2008-05-22
SingleAgentDQN,0,CAT,0.0,0.0,0.0,0.0,0.0,0.0,0.0,11111.111111111111,0.0,0.0,0.0,0.0,0.0,0.0,0.0,0.0,0.0,11111.111111111111,0.0,2003-12-30,2008-05-22
SingleAgentDQN,0,RTX,-0.13121636760485378,0.18396183167742577,-0.672238903153326,-0.9680481104484887,-0.5730534465900143,-0.22897753845764982,0.4841341795104261,5989.699155158658,-0.4609270760357208,0.0036133694670280035,-0.13066244545113692,0.1839637660205994,-0.6687670307920829,-0.9628600030870245,-0.5730534465900154,-0.22801092328935574,0.4841341795104261,6006.4933395953685,-0.45941559943641685,2003-12-30,2008-05-22
SingleAgentDQN,0,BA,0.09284358711370211,0.11063487064093196,0.8578275377801853,1.4340399503413226,-0.16896617070562403,0.5494803292633998,0.5167724388032638,16411.085648031658,0.47699770832284916,0.00045167118337850043,0.09293082238658834,0.11063327942502026,0.8585600459910667,1.4350607594770601,-0.1689661707056238,0.5499966176572365,0.5167724388032638,16416.841071960403,0.4775156964764362,2003-12-30,2008-05-22
MultiAgentA2C,0,PORTFOLIO,-0.0399610005088713,0.05608061349114063,-0.6991647603051112,-1.091234943695931,-0.20463890446981348,-0.19527567650151292,0.4719710669077758,83598.3221273494,-0.164016778726506,0.04586971795643884,-0.02718657309469552,0.056321076171254744,-0.4612721568971878,-0.7163985689654284,-0.16428827078122488,-0.1654809133081608,0.4783001808318264,88596.29290649894,-0.11403707093501059,2003-12-30,2008-05-22
MultiAgentA2C,0,NVDA,-0.1988091209701337,0.2517948125997969,-0.7552608009039234,-1.1350659343370482,-0.7763759355296296,-0.2560732653756324,0.4812785388127854,4196.463743884581,-0.6223182630503876,0.00045167118337850043,-0.1987460036253068,0.25179866383252675,-0.7549328266382663,-1.1345903819887257,-0.7763759355296285,-0.2559919679758314,0.4812785388127854,4197.9161943174695,-0.6221875425114278,2003-12-30,2008-05-22
MultiAgentA2C,0,AAPL,-0.1208014624955901,0.262522479048772,-0.35983411129735143,-0.49018955958875954,-0.5511426656637084,-0.2191836524761081,0.4235294117647059,6311.600184671668,-0.4319559833795499,0.34598012646793136,-0.06541306219735055,0.2624163010809987,-0.12740690459175988,-0.17161092650145887,-0.45129407426313795,-0.14494553757249176,0.46697566628041715,8254.56249476681,-0.2570893754709872,2003-12-30,2008-05-22
MultiAgentA2C,0,MSFT,-0.03684947683583961,0.0637422022486532,-0.557213690728507,-0.5225383005974554,-0.19379307261333956,-0.19014857620510794,0.3295238095238095,9421.678623934775,-0.15204892384587032,0.15627822944896116,-0.009925420531837648,0.06374313085439638,-0.1247279195227966,-0.09714366574289544,-0.1312569771183073,-0.07561823188181042,0.4971590909090909,10634.748847920946,-0.042872603687114874,2003-12-30,2008-05-22
MultiAgentA2C,0,JPM,0.07395343110240904,0.23994986138758054,0.41589403253417884,0.6548012645483952,-0.29721154609857003,0.24882421989717193,0.5031847133757962,15200.999517503817,0.3680899565753435,0.0009033423667570009,0.07412403257259625,0.2399517259351404,0.416554891040924,0.6558468445716162,-0.29721154609857037,0.24939822677014364,0.5031847133757962,15211.609962036558,0.3690448965832902,2003-12-30,2008-05-22
MultiAgentA2C,0,BAC,0.0,0.0,0.0,0.0,0.0,0.0,0.0,11111.111111111111,0.0,0.0,0.0,0.0,0.0,0.0,0.0,0.0,0.0,11111.111111111111,0.0,2003-12-30,2008-05-22
MultiAgentA2C,0,MS,-0.23560752787944594,0.2721926587910487,-0.8472638145384495,-0.9349260871153227,-0.7828375966570437,-0.30096603546580064,0.4673469387755102,3413.3679862939866,-0.6927968812335412,0.09123757904245709,-0.22315059594433906,0.2720280855033124,-0.7886122531673843,-0.8531390212807288,-0.7696159972913528,-0.28995056850392,0.4924731182795699,3664.568813274706,-0.6701888068052765,2003-12-30,2008-05-22
MultiAgentA2C,0,CAT,0.01431539910563262,0.1613604838267369,0.16940084321377874,0.205301304494811,-0.2483296255515286,0.057646763143297065,0.5177111716621253,11827.002284761427,0.06443020562852841,0.15130984643179765,0.04180112746446274,0.16107666539355067,0.3354033857120362,0.4051914437592243,-0.22510098869527428,0.18569943964595434,0.5291936978683967,13300.981143097531,0.19708830287877777,2003-12-30,2008-05-22
MultiAgentA2C,0,RTX,0.061943193467113966,0.09204055009859918,0.6989767651120837,1.1481096330106968,-0.09503451947147679,0.6517967767039144,0.5167724388032638,14468.273494748364,0.30214461452735275,0.00045167118337850043,0.06202774575972847,0.09204095574211599,0.6998393296162733,1.1495315111590239,-0.09503451947147756,0.6526864775524506,0.5167724388032638,14473.334613785688,0.30260011524071184,2003-12-30,2008-05-22
MultiAgentA2C,0,BA,-0.08151519706274912,0.11066829650005362,-0.7128368987390742,-1.0630456150956504,-0.4388770313404212,-0.1857358468129099,0.485947416137806,7647.825180439653,-0.31169573376043125,0.016711833785004515,-0.07880486091657912,0.11069169738068728,-0.6860539641468119,-1.0240994400079309,-0.4365329589015313,-0.18052442389431383,0.485947416137806,7747.459726188128,-0.3027286246430685,2003-12-30,2008-05-22
MultiAgentPPO,0,PORTFOLIO,0.04187441964382188,0.08134484428409475,0.5449697592319674,0.811217888027927,-0.12997469047804056,0.32217364388258835,0.5198915009041591,119745.82996303159,0.1974582996303158,0.00045167118337850043,0.04197072229527188,0.08135740490862635,0.5460344426627111,0.8126910599552103,-0.12999878339491977,0.3228547313998329,0.5198915009041591,119794.45931103075,0.19794459311030743,2003-12-30,2008-05-22
MultiAgentPPO,0,NVDA,0.0,0.0,0.0,0.0,0.0,0.0,0.0,11111.111111111111,0.0,0.0,0.0,0.0,0.0,0.0,0.0,0.0,0.0,11111.111111111111,0.0,2003-12-30,2008-05-22
MultiAgentPPO,0,AAPL,-0.31596181322365513,0.19865240469578094,-1.8103936344973417,-2.4574961470968155,-0.817703376116719,-0.3864015026135281,0.45545454545454545,2095.506514689794,-0.8114044136779185,0.00045167118337850043,-0.3159071853768499,0.19865205847540288,-1.8099957126122823,-2.456823479224012,-0.817639414669953,-0.38636491796859923,0.45545454545454545,2096.2417539143717,-0.8113382421477066,2003-12-30,2008-05-22
MultiAgentPPO,0,MSFT,0.027505395262724885,0.1024671738951455,0.316039606695808,0.4511954447673604,-0.14054217694103632,0.1957091875292683,0.4939981532779317,12517.66735980978,0.12659006238288018,0.00045167118337850043,0.027587502932712615,0.10246481673435358,0.31682445905274975,0.4522843819873219,-0.14054217694103643,0.196293408378659,0.4939981532779317,12522.062057212252,0.12698558514910263,2003-12-30,2008-05-22
MultiAgentPPO,0,JPM,0.04367232471939775,0.11997493069379027,0.41589403253417884,0.6548012645483952,-0.15046201187137054,0.29025482363437405,0.5031847133757962,13406.247277376417,0.20656225496387748,0.00045167118337850043,0.04375534950826787,0.1199758629675702,0.416554891040924,0.6558468445716162,-0.15046201187137043,0.29080662264222684,0.5031847133757962,13410.93278368498,0.2069839505316482,2003-12-30,2008-05-22
MultiAgentPPO,0,BAC,0.00964062031199564,0.09985768072332522,0.14577302427301328,0.21483658424627547,-0.16627077467805118,0.05798144821699844,0.510036496350365,11589.420308293678,0.04304782774643101,0.00045167118337850043,0.009721115504043976,0.09985714760097925,0.14657169030264325,0.2159843020243842,-0.16627077467805107,0.05846556932730303,0.510036496350365,11593.479790646363,0.04341318115817261,2003-12-30,2008-05-22
MultiAgentPPO,0,MS,0.0,0.0,0.0,0.0,0.0,0.0,0.0,11111.111111111111,0.0,0.0,0.0,0.0,0.0,0.0,0.0,0.0,0.0,11111.111111111111,0.0,2003-12-30,2008-05-22
MultiAgentPPO,0,CAT,0.09850567310187541,0.1284116092828852,0.7961841799361453,1.071271159700117,-0.14413502157871894,0.683426359693413,0.5376930063578564,16787.89265858731,0.5109103392728578,0.00045167118337850043,0.09859376537094144,0.1284073702452187,0.7968309485080551,1.0721142925902545,-0.14413502157871905,0.6840375384902181,0.5376930063578564,16793.807428268745,0.5114426685441871,2003-12-30,2008-05-22
MultiAgentPPO,0,RTX,0.1182399085871253,0.18408110019719837,0.6989767651120837,1.1481096330106968,-0.18598588187345588,0.6357466889211263,0.5167724388032638,18153.683423113973,0.6338315080802575,0.0009033423667570009,0.11841785630990698,0.18408191148423197,0.6998393296162733,1.1495315111590239,-0.18598588187345655,0.6367034697315231,0.5167724388032638,18166.377073254935,0.6349739365929441,2003-12-30,2008-05-22
MultiAgentPPO,0,BA,0.17981225118312638,0.2212697412818639,0.8578275377801853,1.4340399503413226,-0.31626565477361923,0.5685481444763097,0.5167724388032638,22973.19019893841,1.067587117904457,0.0009033423667570009,0.18000095978564,0.2212665588500405,0.8585600459910667,1.4350607594770601,-0.3162656547736191,0.5691448219835427,0.5167724388032638,22989.33620182689,1.0690402581644198,2003-12-30,2008-05-22
MultiAgentDQN,0,PORTFOLIO,0.03173801622014505,0.08500874335409633,0.40999567492765104,0.5957954071248643,-0.18106365959183912,0.1752865058161872,0.5108499095840868,114711.92862212453,0.14711928622124537,0.0542507276924621,0.07098964032149757,0.08479248978581198,0.8512589162462975,1.2313073221887079,-0.16332013343199703,0.4346655787607235,0.527124773960217,135158.21133091158,0.3515821133091157,2003-12-30,2008-05-22
MultiAgentDQN,0,NVDA,0.2536670180792493,0.3687774430284376,0.7899580754824385,1.2304074797459583,-0.4270400829637464,0.594012197447012,0.5255474452554745,29995.621931390593,1.6996059738251534,0.24074074074074073,0.3081136742929935,0.3685838058723751,0.9055888525887148,1.4147105761184073,-0.4208732822812511,0.7320818100472691,0.5307057745187901,36154.67358717144,2.25392062284543,2003-12-30,2008-05-22
MultiAgentDQN,0,AAPL,-0.2854695036047118,0.21979676081607147,-1.4180260279656256,-1.939091109608252,-0.7792090872800039,-0.36635802670269696,0.4567000911577028,2537.9998056644786,-0.771580017490197,0.10885275519421861,-0.27163911158877685,0.22007163386984252,-1.3290031820113808,-1.8220609535307069,-0.759809705887432,-0.35750939937192766,0.461044912923923,2760.996420868467,-0.751510322121838,2003-12-30,2008-05-22
MultiAgentDQN,0,MSFT,0.0040285518875036175,0.11446385175064645,0.09245501174314588,0.12319820609175731,-0.20853365469908036,0.01931847352561353,0.48938134810710987,11309.090945070955,0.017818185056385882,0.11698283649503162,0.024942850056124843,0.11463394461303565,0.27233232897008114,0.36350104794444205,-0.20071596518777557,0.12426938750382954,0.4958371877890842,12381.108379383695,0.11429975414453253,2003-12-30,2008-05-22
MultiAgentDQN,0,JPM,-0.18243504706928415,0.16199873551424993,-1.1610999887698576,-1.318976047869256,-0.6501056394226961,-0.28062369560628536,0.48003629764065336,4586.488426891596,-0.5872160415797564,0.4561878952122855,-0.11383532530899065,0.1617466403210479,-0.6653936369698705,-0.7508440074421766,-0.5098108472375642,-0.22328933549729887,0.5045537340619308,6534.252244744755,-0.41191729797297205,2003-12-30,2008-05-22
MultiAgentDQN,0,BAC,-0.12133673389999622,0.19752958602883056,-0.5558532580886241,-0.7533861998501012,-0.4598911663841213,-0.26383793116532805,0.46678798908098273,6294.73756338602,-0.4334736192952582,0.3685636856368564,-0.06227037617531428,0.1974609974114623,-0.22679329287172736,-0.3069258925572497,-0.30556433149427475,-0.20378810534200395,0.4844606946983547,8377.193257954104,-0.24605260678413066,2003-12-30,2008-05-22
MultiAgentDQN,0,MS,-0.04045099470489333,0.21866409349284907,-0.08099224976771019,-0.08455239466763295,-0.385915835826359,-0.10481817782438464,0.3939393939393939,9267.894563360042,-0.16588948929759628,0.3035230352303523,0.012382979516571746,0.21846750774008641,0.16401233716576477,0.15505512338444719,-0.3573555597117075,0.034651705227593414,0.505091649694501,11728.341078143923,0.05555069703295312,2003-12-30,2008-05-22
MultiAgentDQN,0,CAT,0.1105758824938794,0.160151595355034,0.7344561736644933,1.168297041185258,-0.22330412499119812,0.4951806532827726,0.4977293369663942,17613.448473049662,0.5852103625744696,0.2822944896115628,0.16724060537315633,0.16021402955200648,1.0449838654351817,1.6645675037421648,-0.19654058340849456,0.8509214864064971,0.5165745856353591,21917.11957388338,0.9725407616495043,2003-12-30,2008-05-22
MultiAgentDQN,0,RTX,-0.07975495532640198,0.12683880028427005,-0.5917913050660969,-0.8337344684329442,-0.41628264909214563,-0.1915884687971896,0.4786944696282865,7712.419925230725,-0.3058822067292347,0.1838301716350497,-0.04938792014673499,0.12661527298650274,-0.33672443988150064,-0.47641905084649033,-0.3381383345124255,-0.14605832910944364,0.48548094373865697,8894.658043468495,-0.19948077608783554,2003-12-30,2008-05-22
MultiAgentDQN,0,BA,0.2070310907261319,0.2187652781688443,0.969453920249026,1.6071369548731598,-0.3266480283334753,0.6338048075244271,0.5158946412352406,25394.226988080452,1.2854804289272406,0.05058717253839205,0.2178547330982088,0.2187231294488133,1.0104392449388766,1.6809056067361758,-0.31947833738390263,0.6819076838891354,0.5206232813932172,26409.86874529333,1.3768881870763998,2003-12-30,2008-05-22
GARL_DDAL,0,PORTFOLIO,0.3130051390481512,0.19714801295484413,1.4804515571327872,2.03512125712758,-0.2556663714084234,1.2242718403826756,0.5397830018083183,330771.0666833221,2.307710666833221,0.02659841413228947,0.3217085278739167,0.1967793708669272,1.5164683970539456,2.078932017278265,-0.2545810137193111,1.2636783991622298,0.5452079566003617,340511.5052448697,2.405115052448697,2003-12-30,2008-05-22
GARL_DDAL,0,NVDA,-0.1988091209701337,0.2517948125997969,-0.7552608009039234,-1.1350659343370482,-0.7763759355296296,-0.2560732653756324,0.4812785388127854,4196.463743884581,-0.6223182630503876,0.00045167118337850043,-0.1987460036253068,0.25179866383252675,-0.7549328266382663,-1.1345903819887257,-0.7763759355296285,-0.2559919679758314,0.4812785388127854,4197.9161943174695,-0.6221875425114278,2003-12-30,2008-05-22
GARL_DDAL,0,AAPL,1.0436202345730567,0.3899577767558644,2.0284977235470665,3.3009257775872536,-0.3853258688479583,2.708409476096836,0.5415129151291513,256626.3224985974,22.096369024873766,0.037037037037037035,1.0570321196242203,0.3898881865611813,2.045616726160863,3.3365357802387487,-0.3810136971707505,2.7742627823443144,0.5516917293233082,264107.52524549444,22.769677272094498,2003-12-30,2008-05-22
GARL_DDAL,0,MSFT,-0.1023174276663078,0.0780228177870832,-1.344113776719139,-1.4386588503792097,-0.3883181465879526,-0.263488658887934,0.3866995073891626,6915.64387065239,-0.37759205164128484,0.16757000903342367,-0.0753768180361849,0.07803275513272864,-0.9651356608448406,-0.9559408350788273,-0.3076048556421648,-0.2450443049048302,0.4848024316109423,7874.910407267271,-0.2912580633459456,2003-12-30,2008-05-22
GARL_DDAL,0,JPM,-0.1264611753829118,0.18799048822687525,-0.6235420517676498,-0.6933240675275394,-0.479821603333738,-0.2635587362142013,0.48043676069153773,6135.057484979698,-0.4478448263518272,0.13685636856368563,-0.10508310010200472,0.18787471847542797,-0.49542861371913405,-0.5501801860654306,-0.42173389513147874,-0.24916920673223164,0.48498635122838946,6822.535775158418,-0.3859717802357424,2003-12-30,2008-05-22
GARL_DDAL,0,BAC,0.002154497614188955,0.046196845835483905,0.06905784898240495,0.01810483949567318,-0.043980261242524965,0.04898783120700859,0.2857142857142857,11216.656129394634,0.00949905164551712,0.012646793134598013,0.0043901306523530526,0.046280547834642256,0.11713666682345322,0.027650100449394477,-0.041943512557446994,0.10466769196643243,0.42857142857142855,11326.992755327923,0.019429347979513123,2003-12-30,2008-05-22
GARL_DDAL,0,MS,0.028188652909228118,0.14856724769203003,0.2607877215330096,0.3912822248673514,-0.24566750940001236,0.11474310533807487,0.48598130841121495,12554.274076184134,0.12988466685657207,0.03477868112014453,0.034524290897595344,0.14850758076098985,0.30220324874767135,0.4515732545626523,-0.2403491808927143,0.14364222407317503,0.5048449612403101,12897.669580730202,0.16079026226571824,2003-12-30,2008-05-22
GARL_DDAL,0,CAT,-0.001131864248834824,0.013486397044494593,-0.07723160433582706,-0.017656382567581702,-0.02783776622717027,-0.040659305764630636,0.34375,11055.97133923615,-0.004962579468746564,0.00993676603432701,0.0006215554447184246,0.013413262751574307,0.05302732535493859,0.010377878077848169,-0.021685514123316763,0.028662241585967932,0.5238095238095238,11141.480941195126,0.002733284707561401,2003-12-30,2008-05-22
GARL_DDAL,0,RTX,0.061943193467113966,0.09204055009859918,0.6989767651120837,1.1481096330106968,-0.09503451947147679,0.6517967767039144,0.5167724388032638,14468.273494748364,0.30214461452735275,0.00045167118337850043,0.06202774575972847,0.09204095574211599,0.6998393296162733,1.1495315111590239,-0.09503451947147756,0.6526864775524506,0.5167724388032638,14473.334613785688,0.30260011524071184,2003-12-30,2008-05-22
GARL_DDAL,0,BA,-0.0827598359358449,0.11065722009548001,-0.7251667915495363,-1.077864001559378,-0.44434115825053433,-0.18625291490369245,0.4886672710788758,7602.404045644715,-0.31578363589197567,0.011291779584462511,-0.080933098901117,0.11068529966440423,-0.7069870305902664,-1.0519124927654504,-0.44394845083599366,-0.18230291996449793,0.4886672710788758,7669.139731593204,-0.3097774241566117,2003-12-30,2008-05-22
GARL_DDAL_SECTOR,0,PORTFOLIO,-0.05269117721445704,0.03724577418026214,-1.4345755861834302,-1.9681146134510181,-0.25327087238374413,-0.20804278327995746,0.4719710669077758,78837.1432347397,-0.21162856765260296,0.05214292883669578,-0.038417221287778025,0.0372980327655967,-1.031614724137431,-1.4159342791925555,-0.21130952316813056,-0.18180544213906996,0.4837251356238698,84190.46373859997,-0.15809536261400037,2003-12-30,2008-05-22
GARL_DDAL_SECTOR,0,NVDA,-0.1988091209701337,0.2517948125997969,-0.7552608009039234,-1.1350659343370482,-0.7763759355296296,-0.2560732653756324,0.4812785388127854,4196.463743884581,-0.6223182630503876,0.00045167118337850043,-0.1987460036253068,0.25179866383252675,-0.7549328266382663,-1.1345903819887257,-0.7763759355296285,-0.2559919679758314,0.4812785388127854,4197.9161943174695,-0.6221875425114278,2003-12-30,2008-05-22
GARL_DDAL_SECTOR,0,AAPL,-0.023394361150786525,0.07645227598236451,-0.2713857336425745,-0.09197171473312524,-0.16053108176424802,-0.14573103783816088,0.2545454545454545,10013.721894780761,-0.09876502946973154,0.031616982836495035,-0.01792417062575391,0.07636350027042284,-0.1986658702133489,-0.06782023053441573,-0.14264483240132408,-0.12565594087085577,0.40540540540540543,10262.465170294516,-0.07637813467349364,2003-12-30,2008-05-22
GARL_DDAL_SECTOR,0,MSFT,-0.03479736408472778,0.03386541920339606,-1.0287909906243684,-0.5591107544161404,-0.15268539831183825,-0.2279023696402134,0.3076923076923077,9510.180400260628,-0.14408376397654354,0.07633242999096658,-0.021705488289847086,0.033691759668787,-0.6344399262579218,-0.3249078107935605,-0.11650103386726895,-0.186311550801999,0.4846153846153846,10090.016583613376,-0.09189850747479611,2003-12-30,2008-05-22
GARL_DDAL_SECTOR,0,JPM,-0.14247889388926238,0.13151937346028122,-1.102391948309706,-1.354263555661478,-0.5387493238619946,-0.26446231592071495,0.4590909090909091,5656.027507806921,-0.49095752429737716,0.13324299909665763,-0.12204456530982288,0.13129650871467227,-0.9252480092421937,-1.1406073006426571,-0.49645154357949484,-0.24583379161209187,0.46678798908098273,6272.492249633451,-0.4354756975329894,2003-12-30,2008-05-22
GARL_DDAL_SECTOR,0,BAC,-0.026019385820919227,0.08688123381962587,-0.26025829988331717,-0.1652523969257918,-0.22523979162961916,-0.11551860189830536,0.3108108108108108,9896.021969796318,-0.1093580227183314,0.14453477868112014,-0.0008403329956769845,0.08660675216147262,0.03330424801418564,0.01764523167496827,-0.19371886902997892,-0.00433789955457018,0.49324324324324326,11070.153289902093,-0.0036862039088116916,2003-12-30,2008-05-22
GARL_DDAL_SECTOR,0,MS,-0.05718138063708089,0.10348901630454863,-0.5165205338200181,-0.23999099915413458,-0.34420739385814547,-0.1661247888842459,0.3081761006289308,8578.749952538928,-0.22791250427149645,0.10840108401084012,-0.038968610779332,0.10345673745173829,-0.3318512797935225,-0.1321796818377943,-0.3257990721473967,-0.11960933627736664,0.49038461538461536,9330.955410280822,-0.16021401307472605,2003-12-30,2008-05-22
GARL_DDAL_SECTOR,0,CAT,-0.05422213958876543,0.11717955551095717,-0.41707714395203427,-0.3591756891390362,-0.32526361818113203,-0.16670213500044856,0.3436754176610978,8697.664602055493,-0.21721018581500573,0.2104787714543812,-0.0184115116989787,0.11694935611198004,-0.10042346061555593,-0.08062072493721671,-0.24689373655216207,-0.07457261555555436,0.4752475247524752,10240.112924800787,-0.0783898367679291,2003-12-30,2008-05-22
GARL_DDAL_SECTOR,0,RTX,0.07337630100453407,0.11732320152577645,0.6619419536054284,1.0348080991925765,-0.1442905527360111,0.5085315678205264,0.5167724388032638,15165.147667741898,0.36486329009677076,0.036585365853658534,0.08031746752529267,0.1173764710657964,0.7166240984587952,1.1222938696223668,-0.14338510980984676,0.5601520801693245,0.5167724388032638,15600.696563094743,0.40406269067852696,2003-12-30,2008-05-22
GARL_DDAL_SECTOR,0,BA,-0.09625519279978412,0.11063194024914867,-0.859290617645725,-1.2848212038033222,-0.4477982250761847,-0.214952153469139,0.48322756119673616,7123.16549587418,-0.35891510537132376,0.00045167118337850043,-0.09618329072000686,0.11063327942502026,-0.8585600459910667,-1.28374438393372,-0.44779822507618516,-0.21479158543704127,0.48322756119673616,7125.655352662717,-0.35869101826035554,2003-12-30,2008-05-22
ARIMAX,1,NVDA,-0.1307155685704926,0.21171191113978186,-0.5549010551688893,-0.6572039478450996,-0.5133528508835816,-0.2546310366164429,0.45487693710118504,54043.93028076576,-0.4595606971923424,0.2194820100105417,-0.09637351425727292,0.21168387626823007,-0.372076219058014,-0.4342098876268822,-0.45062353488081053,-0.21386702379573588,0.480257116620753,64071.6270413054,-0.359283729586946,2008-05-23,2012-10-11
ARIMAX,1,AAPL,0.02344421956770182,0.16297899491157428,0.22225371727619633,0.30989268811899395,-0.1803842574530493,0.12996821285141202,0.4612579762989973,110716.027214228,0.10716027214227997,0.24740218762543612,0.06907876706466465,0.1630542051277899,0.4898029663912728,0.6678009383553638,-0.16965959611447856,0.4071609779033863,0.5,134102.0713286212,0.3410207132862122,2008-05-23,2012-10-11
ARIMAX,1,MSFT,0.038949241694824055,0.1318993510800075,0.35461925954514695,0.5550225828180999,-0.15697022765978852,0.24813139584177202,0.463081130355515,118275.97123302844,0.18275971233028443,0.26586860061383766,0.08881747887482905,0.1319670443992144,0.7098232122209768,1.0975661833373156,-0.12661500313471286,0.7014767340038772,0.5023041474654378,145324.35523421652,0.4532435523421652,2008-05-23,2012-10-11
ARIMAX,1,JPM,0.14887160910951835,0.2624199489573608,0.6571869325193027,0.8606108918399695,-0.235304869510775,0.6326754283455289,0.49134001823154055,183977.23070388427,0.8397723070388428,0.23454061937804865,0.19740244737679125,0.26235463608985315,0.8150491629666228,1.0384419006720327,-0.23303561471362755,0.8470913238707091,0.5279560036663611,220646.86653864413,1.2064686653864412,2008-05-23,2012-10-11
ARIMAX,1,BAC,-0.08100777749039856,0.41249420723333197,-0.0016842129351696627,-0.00205389067537162,-0.43975216556318164,-0.18421234466612244,0.49316317228805834,68997.62412784934,-0.31002375872150656,0.12403063368502035,-0.06063823464258833,0.41242159010861795,0.051365583690595386,0.06191341140187126,-0.43804573515238243,-0.13842900358679255,0.504147465437788,75972.90262320732,-0.24027097376792672,2008-05-23,2012-10-11
ARIMAX,1,MS,0.038577805547535204,0.517781967623601,0.27953201392919014,0.4735232421331572,-0.4467147579314009,0.08635892336796124,0.4585232452142206,118090.3318837047,0.18090331883704702,0.30512236397978476,0.096027730238329,0.5177062518134278,0.38353838783394784,0.6260853070303405,-0.4421805637516778,0.2171685915445546,0.501834862385321,149599.57034547234,0.4959957034547233,2008-05-23,2012-10-11
ARIMAX,1,CAT,-0.12280843704894762,0.1911112407445424,-0.5906149338641924,-0.7323565670363749,-0.5352927310265969,-0.22942294922148995,0.4612579762989973,56236.98513163556,-0.43763014868364436,0.19173079102327337,-0.09260969226157445,0.1910585251325724,-0.41375720461404936,-0.5043017890397216,-0.4916543362083996,-0.18836342007226717,0.489945155393053,65252.27669324538,-0.3474772330675462,2008-05-23,2012-10-11
ARIMAX,1,RTX,0.024005950327885772,0.10808774607608404,0.27318304930686166,0.38972133807518056,-0.21208432663066257,0.11319059125802962,0.43846855059252504,110983.2207617729,0.10983220761772894,0.3787068907642779,0.09474155624795033,0.10805150635105489,0.8915344065969013,1.2404319297122912,-0.08948096988466325,1.058790001606685,0.5155677655677655,148829.924392819,0.4882992439281899,2008-05-23,2012-10-11
ARIMAX,1,BA,-0.04232905672865006,0.14771864538249263,-0.21986480205950537,-0.2961429250363508,-0.32635528159221394,-0.1297023799404628,0.44849589790337285,82696.2728484528,-0.173037271515472,0.2808775947573492,0.006337822611715005,0.1476038131194749,0.11563845558556476,0.1530774907476824,-0.23596527154806413,0.02685913299925597,0.4821917808219178,102814.20045436043,0.02814200454360427,2008-05-23,2012-10-11
SingleAgentA2C,1,PORTFOLIO,-0.06338404474753045,0.11458848016042565,-0.5140656038091748,-0.6978488864959075,-0.32606643526139223,-0.1943899705491564,0.49909584086799275,75002.19254141948,-0.24997807458580512,0.0006022282445046673,-0.06329845704941672,0.11461529905234127,-0.5131214053495654,-0.6964485855435314,-0.32612603350022096,-0.19409200906180904,0.49909584086799275,75032.30444128314,-0.24967695558716863,2008-05-23,2012-10-11
SingleAgentA2C,1,NVDA,-0.17978996375618794,0.5759791394083076,-0.056821367222990936,-0.08261067832755215,-0.8901960820419559,-0.20196669855452615,0.5,4652.031635563763,-0.5813171527992613,0.0009033423667570009,-0.17965777684155837,0.5759760828042065,-0.05654500867647474,-0.08220588191916958,-0.8901960820419559,-0.20181820664662384,0.5,4655.326001673436,-0.5810206598493908,2008-05-23,2012-10-11
SingleAgentA2C,1,AAPL,0.0,0.0,0.0,0.0,0.0,0.0,0.0,11111.111111111111,0.0,0.0,0.0,0.0,0.0,0.0,0.0,0.0,0.0,11111.111111111111,0.0,2008-05-23,2012-10-11
SingleAgentA2C,1,MSFT,-0.053725011013640134,0.1638327128500843,-0.2547348873677959,-0.322197742517503,-0.39200497992629,-0.1370518584323654,0.4990859232175503,8717.765551311591,-0.2154011003819568,0.00045167118337850043,-0.05364907251015438,0.16382932425115182,-0.2542538281756104,-0.32158270360929425,-0.39200497992629013,-0.13685814022118337,0.4990859232175503,8720.839212987348,-0.21512447083113873,2008-05-23,2012-10-11
SingleAgentA2C,1,JPM,-0.32004088182960266,0.6024883756284806,-0.3296692286770405,-0.3881455335522631,-0.8627556077263572,-0.3709519578470373,0.5063636363636363,2041.1662120579808,-0.8162950409147818,0.0009033423667570009,-0.31993068668966285,0.6024841755567425,-0.3294070392860251,-0.3878299387564054,-0.8627556077263581,-0.37082423321800756,0.5063636363636363,2042.6197436896541,-0.8161642230679311,2008-05-23,2012-10-11
SingleAgentA2C,1,BAC,-0.24120449310836944,0.8331163983023514,0.08169367063075925,0.11356630053514587,-0.915543169392536,-0.26345507363504106,0.4867337602927722,3304.9328891358,-0.7025560399777779,0.0009033423667570009,-0.2410843773164585,0.8331176336022605,0.0818848185201917,0.11383219319331528,-0.915543169392536,-0.26332387742723073,0.4867337602927722,3307.231691888054,-0.7023491477300752,2008-05-23,2012-10-11
SingleAgentA2C,1,MS,-0.012670855831630079,0.41629161879040744,0.16584670213210942,0.2519572826733406,-0.5092028885681598,-0.02488370768527958,0.4858962693357598,10505.812798010182,-0.054476848179083714,0.00045167118337850043,-0.012592557487552503,0.41629247157921107,0.16603775378441427,0.2522480485065278,-0.5092028885681597,-0.02472994118898624,0.4858962693357598,10509.473174732577,-0.054147414274068106,2008-05-23,2012-10-11
SingleAgentA2C,1,CAT,0.030773839039557105,0.42451197082643355,0.2828997403848787,0.41695692575707277,-0.7262794222175017,0.04237189998526647,0.5086128739800544,12693.528780954543,0.14241759028590883,0.0009033423667570009,0.030937360632105282,0.42451350300194424,0.2832740892343687,0.41751017351365893,-0.726279422217502,0.04259704968322831,0.5086128739800544,12702.37704449463,0.14321393400451665,2008-05-23,2012-10-11
SingleAgentA2C,1,RTX,0.0,0.0,0.0,0.0,0.0,0.0,0.0,11111.111111111111,0.0,0.0,0.0,0.0,0.0,0.0,0.0,0.0,0.0,11111.111111111111,0.0,2008-05-23,2012-10-11
SingleAgentA2C,1,BA,-0.005091557753510778,0.35953845835760107,0.1646987640999879,0.23948651979614366,-0.6372239126486976,-0.007990217649471295,0.5045289855072463,10864.732452163395,-0.02217407930529447,0.0009033423667570009,-0.0049356128044737435,0.35954576627988394,0.1651386134948622,0.2401309803506903,-0.6372239126486974,-0.007745492136285782,0.5045289855072463,10872.215349595208,-0.02150061853643126,2008-05-23,2012-10-11
SingleAgentPPO,1,PORTFOLIO,0.016305269931889077,0.09952547795665265,0.21223319270577073,0.31252752062001865,-0.19281385144954233,0.08456482669325249,0.5126582278481012,107363.3881971354,0.07363388197135401,0.0005018568704205561,0.016391291797329233,0.09953935426053181,0.2130678420516085,0.31376730584838963,-0.19283997857093982,0.08499944834467707,0.5126582278481012,107403.31369375832,0.07403313693758329,2008-05-23,2012-10-11
SingleAgentPPO,1,NVDA,0.0,0.0,0.0,0.0,0.0,0.0,0.0,11111.111111111111,0.0,0.0,0.0,0.0,0.0,0.0,0.0,0.0,0.0,11111.111111111111,0.0,2008-05-23,2012-10-11
SingleAgentPPO,1,AAPL,0.17135486510030828,0.1796914770401145,0.9702963010179293,1.335742645024688,-0.3356476820882136,0.5105200311059305,0.5366515837104072,22258.515460148938,1.0032663914134043,0.00045167118337850043,0.17144687661373736,0.179697534698151,0.9707069748409525,1.336353041337401,-0.33564768208821383,0.5107941623403741,0.5366515837104072,22266.19711582806,1.0039577404245255,2008-05-23,2012-10-11
SingleAgentPPO,1,MSFT,-0.1287356302411944,0.3276654257001686,-0.2547348873677959,-0.322197742517503,-0.6488856673123737,-0.1983949356970787,0.4990859232175503,6065.195281123205,-0.4541324246989116,0.0009033423667570009,-0.12859477566204858,0.32765864850230364,-0.2542538281756104,-0.32158270360929425,-0.6488856673123727,-0.19817786420630434,0.4990859232175503,6069.503839602222,-0.45374465443580003,2008-05-23,2012-10-11
SingleAgentPPO,1,JPM,0.05569922286296025,0.3012400802991533,0.32914474510895575,0.47601901046332795,-0.389685891008991,0.14293364001129602,0.49363636363636365,14098.283336147495,0.2688455002532746,0.00045167118337850043,0.055782673142653394,0.30124208777837125,0.3294070392860251,0.47640152291843324,-0.3896858910089912,0.1431477875635131,0.49363636363636365,14103.179536120613,0.2692861582508552,2008-05-23,2012-10-11
SingleAgentPPO,1,BAC,0.0,0.0,0.0,0.0,0.0,0.0,0.0,11111.111111111111,0.0,0.0,0.0,0.0,0.0,0.0,0.0,0.0,0.0,11111.111111111111,0.0,2008-05-23,2012-10-11
SingleAgentPPO,1,MS,-0.012670855831630079,0.41629161879040744,0.16584670213210942,0.2519572826733406,-0.5092028885681598,-0.02488370768527958,0.4858962693357598,10505.812798010182,-0.054476848179083714,0.00045167118337850043,-0.012592557487552503,0.41629247157921107,0.16603775378441427,0.2522480485065278,-0.5092028885681597,-0.02472994118898624,0.4858962693357598,10509.473174732577,-0.054147414274068106,2008-05-23,2012-10-11
SingleAgentPPO,1,CAT,0.030773839039557105,0.42451197082643355,0.2828997403848787,0.41695692575707277,-0.7262794222175017,0.04237189998526647,0.5086128739800544,12693.528780954543,0.14241759028590883,0.0009033423667570009,0.030937360632105282,0.42451350300194424,0.2832740892343687,0.41751017351365893,-0.726279422217502,0.04259704968322831,0.5086128739800544,12702.37704449463,0.14321393400451665,2008-05-23,2012-10-11
SingleAgentPPO,1,RTX,-0.05527781926762809,0.15349630290571545,-0.2934474975349994,-0.3856739149307224,-0.41196255377355373,-0.13418165986516586,0.49636363636363634,8655.097866365417,-0.22104119202711248,0.00045167118337850043,-0.05520210528321545,0.15349337357729642,-0.2929340213450044,-0.3849872601297966,-0.4119625537735536,-0.13399787135400365,0.49636363636363634,8658.145411162797,-0.22076691299534823,2008-05-23,2012-10-11
SingleAgentPPO,1,BA,-0.005091557753510778,0.35953845835760107,0.1646987640999879,0.23948651979614366,-0.6372239126486976,-0.007990217649471295,0.5045289855072463,10864.732452163395,-0.02217407930529447,0.0009033423667570009,-0.0049356128044737435,0.35954576627988394,0.1651386134948622,0.2401309803506903,-0.6372239126486974,-0.007745492136285782,0.5045289855072463,10872.215349595208,-0.02150061853643126,2008-05-23,2012-10-11
SingleAgentDQN,1,PORTFOLIO,0.013084738650295247,0.15205709275787532,0.16255211801446579,0.17653205273395534,-0.3376324987203667,0.03875438146471872,0.5108499095840868,105876.86529816188,0.05876865298161871,0.0004014854963364448,0.013171639064601948,0.1520826337131338,0.16311469296356357,0.17714193057823271,-0.3376792549951687,0.03900636142066352,0.5108499095840868,105916.76663306534,0.05916766633065351,2008-05-23,2012-10-11
SingleAgentDQN,1,NVDA,-0.17978996375618794,0.5759791394083076,-0.056821367222990936,-0.08261067832755215,-0.8901960820419559,-0.20196669855452615,0.5,4652.031635563763,-0.5813171527992613,0.0009033423667570009,-0.17965777684155837,0.5759760828042065,-0.05654500867647474,-0.08220588191916958,-0.8901960820419559,-0.20181820664662384,0.5,4655.326001673436,-0.5810206598493908,2008-05-23,2012-10-11
SingleAgentDQN,1,AAPL,0.3282201046927131,0.359382954080229,0.9702963010179293,1.335742645024688,-0.5871825275130842,0.5589745765815544,0.5366515837104072,38660.29902184114,2.4794269119657026,0.0009033423667570009,0.3284258703161964,0.359395069396302,0.9707069748409525,1.336353041337401,-0.5871825275130841,0.5593250053048933,0.5366515837104072,38686.615586414104,2.4817954027772693,2008-05-23,2012-10-11
SingleAgentDQN,1,MSFT,-0.053725011013640134,0.1638327128500843,-0.2547348873677959,-0.322197742517503,-0.39200497992629,-0.1370518584323654,0.4990859232175503,8717.765551311591,-0.2154011003819568,0.00045167118337850043,-0.05364907251015438,0.16382932425115182,-0.2542538281756104,-0.32158270360929425,-0.39200497992629013,-0.13685814022118337,0.4990859232175503,8720.839212987348,-0.21512447083113873,2008-05-23,2012-10-11
SingleAgentDQN,1,JPM,0.0,0.0,0.0,0.0,0.0,0.0,0.0,11111.111111111111,0.0,0.0,0.0,0.0,0.0,0.0,0.0,0.0,0.0,11111.111111111111,0.0,2008-05-23,2012-10-11
SingleAgentDQN,1,BAC,-0.11513403084633844,0.4165595013942215,-0.08207595265277168,-0.09473196307483064,-0.7091528810816194,-0.16235431585743945,0.5132662397072278,6492.289931427616,-0.4156939061715146,0.00045167118337850043,-0.11506326385855825,0.41655881680113027,-0.0818848185201917,-0.0945096243260099,-0.7091528810816192,-0.16225452498065104,0.5132662397072278,6494.571098660171,-0.4154886011205846,2008-05-23,2012-10-11
SingleAgentDQN,1,MS,-0.15269141452194057,0.4162933913531132,-0.1662287779063605,-0.1694767908646896,-0.7437138008832729,-0.20530937349904813,0.5141037306642402,5366.047958319034,-0.517055683751287,0.00045167118337850043,-0.15262355825175256,0.41629247157921107,-0.16603775378441427,-0.16927991311145932,-0.7437138008832727,-0.2052181337370491,0.5141037306642402,5367.935988834161,-0.5168857610049256,2008-05-23,2012-10-11
SingleAgentDQN,1,CAT,0.0,0.0,0.0,0.0,0.0,0.0,0.0,11111.111111111111,0.0,0.0,0.0,0.0,0.0,0.0,0.0,0.0,0.0,11111.111111111111,0.0,2008-05-23,2012-10-11
SingleAgentDQN,1,RTX,-0.05527781926762809,0.15349630290571545,-0.2934474975349994,-0.3856739149307224,-0.41196255377355373,-0.13418165986516586,0.49636363636363634,8655.097866365417,-0.22104119202711248,0.00045167118337850043,-0.05520210528321545,0.15349337357729642,-0.2929340213450044,-0.3849872601297966,-0.4119625537735536,-0.13399787135400365,0.49636363636363634,8658.145411162797,-0.22076691299534823,2008-05-23,2012-10-11
SingleAgentDQN,1,BA,0.0,0.0,0.0,0.0,0.0,0.0,0.0,11111.111111111111,0.0,0.0,0.0,0.0,0.0,0.0,0.0,0.0,0.0,11111.111111111111,0.0,2008-05-23,2012-10-11
MultiAgentA2C,1,PORTFOLIO,0.03427930252317535,0.15127038223741773,0.298476356993774,0.41459094460050805,-0.27870021715080395,0.12299704274943893,0.5334538878842676,115958.31959069896,0.15958319590698955,0.023888387032018468,0.04154304333775305,0.15095660846528497,0.34514406471151754,0.47949781747518916,-0.2694722815220404,0.1541644398567027,0.5352622061482821,119578.61342683354,0.19578613426833535,2008-05-23,2012-10-11
MultiAgentA2C,1,NVDA,-0.04255392129580948,0.43056943408140863,0.11315224305281217,0.16700617734917897,-0.48028988079042356,-0.08860049523795413,0.5100182149362478,9179.001004180176,-0.17388990962378414,0.2122854561878952,-0.005959518957378007,0.43048989988231384,0.2001604491798579,0.2955779798755865,-0.44443680221061854,-0.01340914822475433,0.5100182149362478,10823.156659045173,-0.025915900685934412,2008-05-23,2012-10-11
MultiAgentA2C,1,AAPL,0.3282201046927131,0.359382954080229,0.9702963010179293,1.335742645024688,-0.5871825275130842,0.5589745765815544,0.5366515837104072,38660.29902184114,2.4794269119657026,0.0009033423667570009,0.3284258703161964,0.359395069396302,0.9707069748409525,1.336353041337401,-0.5871825275130841,0.5593250053048933,0.5366515837104072,38686.615586414104,2.4817954027772693,2008-05-23,2012-10-11
MultiAgentA2C,1,MSFT,-0.0015704445434214787,0.29482167169411716,0.14060816929592085,0.19714299299543672,-0.40808614226420803,-0.003848316276333448,0.48574057037718493,11034.662419043498,-0.006880382286085229,0.11065943992773261,0.01814237496955795,0.29473099881986314,0.20688241472079433,0.288287504271303,-0.39716188785971673,0.04568005018640182,0.4967197750702905,12024.282557553819,0.0821854301798437,2008-05-23,2012-10-11
MultiAgentA2C,1,JPM,0.05569922286296025,0.3012400802991533,0.32914474510895575,0.47601901046332795,-0.389685891008991,0.14293364001129602,0.49363636363636365,14098.283336147495,0.2688455002532746,0.00045167118337850043,0.055782673142653394,0.30124208777837125,0.3294070392860251,0.47640152291843324,-0.3896858910089912,0.1431477875635131,0.49363636363636365,14103.179536120613,0.2692861582508552,2008-05-23,2012-10-11
MultiAgentA2C,1,BAC,-0.18544270132816265,0.48762305294872565,-0.17168547138677842,-0.19785380828656904,-0.734317939504022,-0.25253734295721497,0.5119047619047619,4512.830044705657,-0.5938452959764908,0.057362240289069555,-0.17712830241271826,0.48757674252572725,-0.15094873913861168,-0.17381569176813413,-0.7304397173452417,-0.24249544241170928,0.5128440366972477,4718.713523322741,-0.5753157829009533,2008-05-23,2012-10-11
MultiAgentA2C,1,MS,-0.2675626185112676,0.407336254772162,-0.5378501930839096,-0.5587686505957039,-0.8346861348405236,-0.320554765849068,0.47533206831119545,2829.5255600062437,-0.7453426995994381,0.1973803071364047,-0.24157208520799,0.40731772700880825,-0.45239375770266277,-0.45967224035098203,-0.8149180401410215,-0.2964372775036198,0.4946236559139785,3297.9054964468373,-0.7031885053197846,2008-05-23,2012-10-11
MultiAgentA2C,1,CAT,0.024440728672455503,0.42433167541599515,0.26831212941810245,0.39527952051199833,-0.7335904796377459,0.03331658377644782,0.5077062556663645,12354.485518168394,0.11190369663515543,0.0027100271002710027,0.02492750316377723,0.4243383318547483,0.2694344950906777,0.39694849809965554,-0.7332199146454869,0.0339973078552152,0.5081669691470054,12380.294019502682,0.11422646175524132,2008-05-23,2012-10-11
MultiAgentA2C,1,RTX,0.0020922336308424327,0.18347331839303316,0.10293197283665542,0.13781826020585827,-0.2807295177732422,0.00745284517081821,0.5013623978201635,11213.595103998096,0.00922355935982866,0.025745257452574527,0.006652647627357622,0.18348076579777783,0.1276795087368259,0.17090825992489736,-0.2789448514983439,0.023849329326650497,0.5036363636363637,11439.507786498642,0.02955570078487768,2008-05-23,2012-10-11
MultiAgentA2C,1,BA,0.019130632463480568,0.1924475643749166,0.1933787154446402,0.29032242058266833,-0.36459901297776376,0.05247033530682463,0.5036231884057971,12075.637582608266,0.08680738243474395,0.0031616982836495033,0.01969341407493519,0.19248699585807064,0.19623656236163903,0.2947950381331375,-0.363277250005413,0.054210424887993255,0.5040797824116047,12104.95826192894,0.08944624357360453,2008-05-23,2012-10-11
MultiAgentPPO,1,PORTFOLIO,0.04858086106368442,0.2743080621089325,0.3098519740161579,0.4052491298290487,-0.4906653307813824,0.09901017662348308,0.5316455696202531,123168.97306435321,0.23168973064353215,0.0007025996185887784,0.04871265984714901,0.2743248812898156,0.31030815822568336,0.4058503560172084,-0.4906967384177314,0.0992724345473024,0.5316455696202531,123236.99523380559,0.2323699523380558,2008-05-23,2012-10-11
MultiAgentPPO,1,NVDA,-0.12691547090311495,0.575973219846941,0.05626862827879787,0.08012883367871505,-0.7625754632569115,-0.1664300479339671,0.5,6121.053914156558,-0.4491051477259098,0.0009033423667570009,-0.12677777563353831,0.5759760828042065,0.05654500867647474,0.08052281094474208,-0.7625754632569116,-0.16624948184416852,0.5,6125.295733865204,-0.4487233839521316,2008-05-23,2012-10-11
MultiAgentPPO,1,AAPL,0.3282201046927131,0.359382954080229,0.9702963010179293,1.335742645024688,-0.5871825275130842,0.5589745765815544,0.5366515837104072,38660.29902184114,2.4794269119657026,0.0009033423667570009,0.3284258703161964,0.359395069396302,0.9707069748409525,1.336353041337401,-0.5871825275130841,0.5593250053048933,0.5366515837104072,38686.615586414104,2.4817954027772693,2008-05-23,2012-10-11
MultiAgentPPO,1,MSFT,0.0286233628905046,0.163826105800381,0.253772485516982,0.36176949880380693,-0.24987046870934715,0.11455280425234925,0.5009140767824497,12577.60741977823,0.1319846677800407,0.00045167118337850043,0.028704769800898422,0.16382932425115182,0.2542538281756104,0.36246280530255903,-0.24987046870934737,0.11487860069726043,0.5009140767824497,12581.980710118341,0.13237826391065077,2008-05-23,2012-10-11
MultiAgentPPO,1,JPM,0.05569922286296025,0.3012400802991533,0.32914474510895575,0.47601901046332795,-0.389685891008991,0.14293364001129602,0.49363636363636365,14098.283336147495,0.2688455002532746,0.00045167118337850043,0.055782673142653394,0.30124208777837125,0.3294070392860251,0.47640152291843324,-0.3896858910089912,0.1431477875635131,0.49363636363636365,14103.179536120613,0.2692861582508552,2008-05-23,2012-10-11
MultiAgentPPO,1,BAC,-0.24120449310836944,0.8331163983023514,0.08169367063075925,0.11356630053514587,-0.915543169392536,-0.26345507363504106,0.4867337602927722,3304.9328891358,-0.7025560399777779,0.0009033423667570009,-0.2410843773164585,0.8331176336022605,0.0818848185201917,0.11383219319331528,-0.915543169392536,-0.26332387742723073,0.4867337602927722,3307.231691888054,-0.7023491477300752,2008-05-23,2012-10-11
MultiAgentPPO,1,MS,-0.012670855831630079,0.41629161879040744,0.16584670213210942,0.2519572826733406,-0.5092028885681598,-0.02488370768527958,0.4858962693357598,10505.812798010182,-0.054476848179083714,0.00045167118337850043,-0.012592557487552503,0.41629247157921107,0.16603775378441427,0.2522480485065278,-0.5092028885681597,-0.02472994118898624,0.4858962693357598,10509.473174732577,-0.054147414274068106,2008-05-23,2012-10-11
MultiAgentPPO,1,CAT,0.030773839039557105,0.42451197082643355,0.2828997403848787,0.41695692575707277,-0.7262794222175017,0.04237189998526647,0.5086128739800544,12693.528780954543,0.14241759028590883,0.0009033423667570009,0.030937360632105282,0.42451350300194424,0.2832740892343687,0.41751017351365893,-0.726279422217502,0.04259704968322831,0.5086128739800544,12702.37704449463,0.14321393400451665,2008-05-23,2012-10-11
MultiAgentPPO,1,RTX,0.04386970329903672,0.3069812517461842,0.29242017953702887,0.4220000771994954,-0.46019982875961174,0.09532750895905338,0.5036363636363637,13417.388413744815,0.20756495723703328,0.0009033423667570009,0.04403425743133771,0.30698674715459284,0.2929340213450044,0.4227491849635055,-0.46019982875961174,0.09568508000106032,0.5036363636363637,13426.682222067084,0.20840139998603746,2008-05-23,2012-10-11
MultiAgentPPO,1,BA,0.013593422496703145,0.17976922917880053,0.1646987640999879,0.23948651979614366,-0.3796253130381686,0.03580747128771264,0.5045289855072463,11790.066490584435,0.06110598415259916,0.00045167118337850043,0.013673514396539854,0.17977288313994197,0.1651386134948622,0.2401309803506903,-0.3796253130381685,0.03601844747156016,0.5045289855072463,11794.159534104985,0.061474358069448565,2008-05-23,2012-10-11
MultiAgentDQN,1,PORTFOLIO,0.027312246037001664,0.22716462881440794,0.23107844893488286,0.35199956138695904,-0.40335441717862996,0.06771277287117482,0.4945750452079566,112566.00614973782,0.12566006149737818,0.03056308340861187,0.06584396531961834,0.2316877496362715,0.3899791224524235,0.5927645861417729,-0.3677569824516137,0.17904205347965493,0.5018083182640145,132328.73567222696,0.3232873567222696,2008-05-23,2012-10-11
MultiAgentDQN,1,NVDA,-0.14778829404843352,0.5406798279694909,-0.028918886769851982,-0.04388596972154736,-0.8610275399232574,-0.17164177357393906,0.4806786050895382,5503.798930046158,-0.5046580962958458,0.1942186088527552,-0.11813424984332699,0.5408510475472108,0.03443518129861354,0.05244754657269929,-0.8457976114974047,-0.1396720069168574,0.49371980676328503,6396.145970987571,-0.42434686261111865,2008-05-23,2012-10-11
MultiAgentDQN,1,AAPL,0.1499731470822372,0.3178468428726445,0.5972607901008,0.8825636616902663,-0.3467999085089971,0.43244863508476505,0.5168334849863512,20528.153378259525,0.8475338040433573,0.3179765130984643,0.21639392900613852,0.3175856547155262,0.7743690867776045,1.141812108995527,-0.3370887791599423,0.641949368784725,0.5232876712328767,26270.993117751532,1.364389380597638,2008-05-23,2012-10-11
MultiAgentDQN,1,MSFT,0.06363323428949763,0.3114158928916624,0.3525680694312832,0.4918420379657171,-0.36376688449265393,0.17492860675937275,0.49121184088806663,14569.695481178336,0.3112725933060503,0.16621499548328816,0.09515960167624904,0.31175283262647924,0.4462369248685014,0.6170860348034891,-0.35842408019933625,0.2654944434071683,0.5080875356803045,16564.416257517452,0.4907974631765706,2008-05-23,2012-10-11
MultiAgentDQN,1,JPM,-0.005946099343789313,0.5835305668786371,0.28380421015179835,0.3615095379489324,-0.6287740364719532,-0.009456655330669878,0.5113739763421292,10823.79852879815,-0.02585813240816648,0.3405600722673893,0.05550304672948925,0.583840685592751,0.38654933434668526,0.4907302292781549,-0.6139110219244952,0.09040894323007538,0.5206611570247934,14086.778448684978,0.267810060381648,2008-05-23,2012-10-11
MultiAgentDQN,1,BAC,-0.06205467143037646,0.4924850702210402,0.11392474976761544,0.14287641070995588,-0.6951085939552052,-0.08927334803513513,0.5032198712051518,8385.661575770235,-0.24529045818067885,0.07000903342366757,-0.05030311636462115,0.49236350191024436,0.13903514703986458,0.17333648554188213,-0.685099801399747,-0.0734245087530976,0.5111940298507462,8857.102168161959,-0.2028608048654238,2008-05-23,2012-10-11
MultiAgentDQN,1,MS,0.18426920768086985,0.8125008869290802,0.5733663667382047,0.9459563310171724,-0.7812356115379593,0.235868929884178,0.5054844606946983,23356.876727821757,1.102118905503958,0.3152664859981933,0.2520912728633855,0.8123729228727087,0.6419141689215154,1.0562114419715485,-0.7409767181957843,0.34021483627340743,0.5101102941176471,29830.356256241517,1.6847320630617366,2008-05-23,2012-10-11
MultiAgentDQN,1,CAT,-0.023020722539208616,0.4182855274796741,0.15319915651505225,0.22264512650770946,-0.7713799301166807,-0.02984355910806034,0.5058930190389845,10030.562472843141,-0.09724937744411732,0.013550135501355014,-0.020675329612981685,0.4182747554362073,0.1589176325629736,0.23100300028569104,-0.769911624882152,-0.026854159548696764,0.5068119891008175,10136.773863139515,-0.08769035231744371,2008-05-23,2012-10-11
MultiAgentDQN,1,RTX,-0.06656088904461177,0.16888846415455464,-0.32363371880058756,-0.44699879942027093,-0.5297327315213538,-0.1256499458763927,0.49272727272727274,8210.120565310708,-0.2610891491220363,0.06639566395663957,-0.055575150551442465,0.16899372107517796,-0.2541266404554893,-0.35200997293915987,-0.5196917157715492,-0.10693868858181434,0.49272727272727274,8643.138072977908,-0.22211757343198824,2008-05-23,2012-10-11
MultiAgentDQN,1,BA,0.0009455795564812242,0.18104271281576062,0.09543894301319691,0.13900577466023087,-0.478284623810727,0.0019770226961246013,0.5054347826086957,11157.33848970981,0.004160464073882819,0.043812104787714544,0.008719230378783749,0.1810107519838619,0.13815190623682017,0.20202121266978457,-0.46866193273116374,0.018604520166534026,0.5072463768115942,11543.031516764531,0.038872836508807795,2008-05-23,2012-10-11
GARL_DDAL,1,PORTFOLIO,0.05726505342265087,0.16705770669925588,0.4174204483022378,0.5094376079447376,-0.27385629156547675,0.2091062180653216,0.5343580470162749,127713.35636373617,0.27713356363736175,0.030713640469738044,0.06611177891054476,0.16772621259211115,0.46612505860530057,0.5676928600711119,-0.26545224789972865,0.24905337752316822,0.5361663652802894,132474.86094848922,0.32474860948489215,2008-05-23,2012-10-11
GARL_DDAL,1,NVDA,0.18449903136710888,0.3882234274484677,0.631162742196417,0.843150810983413,-0.4862122020410815,0.37946195219411627,0.5250227479526842,23376.79488580042,1.1039115397220378,0.17750677506775067,0.222225960711546,0.38807724482285577,0.7120859619103916,0.9503467433711997,-0.4842097382783648,0.45894566578045914,0.5282331511839709,26828.821620888637,1.4145939458799774,2008-05-23,2012-10-11
GARL_DDAL,1,AAPL,0.3282201046927131,0.359382954080229,0.9702963010179293,1.335742645024688,-0.5871825275130842,0.5589745765815544,0.5366515837104072,38660.29902184114,2.4794269119657026,0.0009033423667570009,0.3284258703161964,0.359395069396302,0.9707069748409525,1.336353041337401,-0.5871825275130841,0.5593250053048933,0.5366515837104072,38686.615586414104,2.4817954027772693,2008-05-23,2012-10-11
GARL_DDAL,1,MSFT,0.0286233628905046,0.163826105800381,0.253772485516982,0.36176949880380693,-0.24987046870934715,0.11455280425234925,0.5009140767824497,12577.60741977823,0.1319846677800407,0.00045167118337850043,0.028704769800898422,0.16382932425115182,0.2542538281756104,0.36246280530255903,-0.24987046870934737,0.11487860069726043,0.5009140767824497,12581.980710118341,0.13237826391065077,2008-05-23,2012-10-11
GARL_DDAL,1,JPM,0.05569922286296025,0.3012400802991533,0.32914474510895575,0.47601901046332795,-0.389685891008991,0.14293364001129602,0.49363636363636365,14098.283336147495,0.2688455002532746,0.00045167118337850043,0.055782673142653394,0.30124208777837125,0.3294070392860251,0.47640152291843324,-0.3896858910089912,0.1431477875635131,0.49363636363636365,14103.179536120613,0.2692861582508552,2008-05-23,2012-10-11
GARL_DDAL,1,BAC,-0.29748772739365814,0.6921652717194933,-0.14876791594704522,-0.1672225954178467,-0.9313697465790463,-0.3194088368087336,0.5100548446069469,2355.7546028285533,-0.7879820857454303,0.0957542908762421,-0.28552368136729966,0.692235785513673,-0.12435203417024118,-0.1395148807668089,-0.9298748934683589,-0.3070560172910134,0.5123739688359303,2537.154559714903,-0.7716560896256588,2008-05-23,2012-10-11
GARL_DDAL,1,MS,-0.15269141452194057,0.4162933913531132,-0.1662287779063605,-0.1694767908646896,-0.7437138008832729,-0.20530937349904813,0.5141037306642402,5366.047958319034,-0.517055683751287,0.00045167118337850043,-0.15262355825175256,0.41629247157921107,-0.16603775378441427,-0.16927991311145932,-0.7437138008832727,-0.2052181337370491,0.5141037306642402,5367.935988834161,-0.5168857610049256,2008-05-23,2012-10-11
GARL_DDAL,1,CAT,0.030773839039557105,0.42451197082643355,0.2828997403848787,0.41695692575707277,-0.7262794222175017,0.04237189998526647,0.5086128739800544,12693.528780954543,0.14241759028590883,0.0009033423667570009,0.030937360632105282,0.42451350300194424,0.2832740892343687,0.41751017351365893,-0.726279422217502,0.04259704968322831,0.5086128739800544,12702.37704449463,0.14321393400451665,2008-05-23,2012-10-11
GARL_DDAL,1,RTX,-0.07954078459791758,0.26254700141267406,-0.18412259605853107,-0.2387205924921289,-0.5746333239637501,-0.1384200694266302,0.4696545284780579,7720.307905903349,-0.3051722884686986,0.16802168021680217,-0.051833370984696314,0.2625151517104924,-0.07124088257528544,-0.09064762845138455,-0.5615872596066416,-0.09229798236698336,0.5044865403788634,8794.580552308613,-0.20848775029222488,2008-05-23,2012-10-11
GARL_DDAL,1,BA,-0.005091557753510778,0.35953845835760107,0.1646987640999879,0.23948651979614366,-0.6372239126486976,-0.007990217649471295,0.5045289855072463,10864.732452163395,-0.02217407930529447,0.0009033423667570009,-0.0049356128044737435,0.35954576627988394,0.1651386134948622,0.2401309803506903,-0.6372239126486974,-0.007745492136285782,0.5045289855072463,10872.215349595208,-0.02150061853643126,2008-05-23,2012-10-11
GARL_DDAL_SECTOR,1,PORTFOLIO,0.05072153540600843,0.18715806272705673,0.358869993720116,0.42069627577614577,-0.3450873953841792,0.14698170980583372,0.5397830018083183,124277.38448870585,0.24277384488705844,0.023637458596808193,0.05376945065940375,0.1868006585991145,0.37472295724424287,0.43814826125264467,-0.34091680693708815,0.15772015214646257,0.538878842676311,125868.82816719351,0.25868828167193514,2008-05-23,2012-10-11
GARL_DDAL_SECTOR,1,NVDA,0.08519060119017197,0.31049779775818753,0.41976494958911514,0.5672272609264924,-0.398524267222939,0.21376515358477624,0.51183970856102,15912.205553161379,0.4320984997845241,0.05103884372177055,0.09497390495953661,0.31059900411250063,0.4486149105795191,0.6071133951430411,-0.3913378544105217,0.24269030938138422,0.5127504553734062,16552.081656662886,0.4896873490996596,2008-05-23,2012-10-11
GARL_DDAL_SECTOR,1,AAPL,0.3282201046927131,0.359382954080229,0.9702963010179293,1.335742645024688,-0.5871825275130842,0.5589745765815544,0.5366515837104072,38660.29902184114,2.4794269119657026,0.0009033423667570009,0.3284258703161964,0.359395069396302,0.9707069748409525,1.336353041337401,-0.5871825275130841,0.5593250053048933,0.5366515837104072,38686.615586414104,2.4817954027772693,2008-05-23,2012-10-11
GARL_DDAL_SECTOR,1,MSFT,0.019392000008139787,0.16320741801328437,0.19887983795169917,0.28217774324148553,-0.24987046870934715,0.07760821079939957,0.4981684981684982,12089.247888880394,0.0880323099992355,0.0040650406504065045,0.020124717120392654,0.16319817496049024,0.20328498174541892,0.2881986788800191,-0.24987046870934737,0.08054059859231301,0.5,12127.46615822665,0.09147195424039856,2008-05-23,2012-10-11
GARL_DDAL_SECTOR,1,JPM,0.05569922286296025,0.3012400802991533,0.32914474510895575,0.47601901046332795,-0.389685891008991,0.14293364001129602,0.49363636363636365,14098.283336147495,0.2688455002532746,0.00045167118337850043,0.055782673142653394,0.30124208777837125,0.3294070392860251,0.47640152291843324,-0.3896858910089912,0.1431477875635131,0.49363636363636365,14103.179536120613,0.2692861582508552,2008-05-23,2012-10-11
GARL_DDAL_SECTOR,1,BAC,-0.29875889676924605,0.7303107166238875,-0.10726013600795681,-0.123501644966445,-0.9363356218965339,-0.31907244558752806,0.5123513266239708,2337.0867919541706,-0.7896621887241246,0.07317073170731707,-0.28967281441107084,0.730392428846327,-0.08957637995141553,-0.10304841040398112,-0.9355295866337051,-0.30963511849303876,0.5132905591200734,2473.0655136140836,-0.7774241037747325,2008-05-23,2012-10-11
GARL_DDAL_SECTOR,1,MS,-0.14679931778818278,0.4155043148455131,-0.1466900931919656,-0.08081692614026435,-0.6904892985266964,-0.21260187247131837,0.41776315789473684,5531.911655100055,-0.5021279510409951,0.1093044263775971,-0.13017107804547967,0.4155887879180852,-0.1002651348273552,-0.04720562787522564,-0.6654142153845601,-0.19562413160988817,0.522633744855967,6021.42136609893,-0.4580720770510963,2008-05-23,2012-10-11
GARL_DDAL_SECTOR,1,CAT,0.030773839039557105,0.42451197082643355,0.2828997403848787,0.41695692575707277,-0.7262794222175017,0.04237189998526647,0.5086128739800544,12693.528780954543,0.14241759028590883,0.0009033423667570009,0.030937360632105282,0.42451350300194424,0.2832740892343687,0.41751017351365893,-0.726279422217502,0.04259704968322831,0.5086128739800544,12702.37704449463,0.14321393400451665,2008-05-23,2012-10-11
GARL_DDAL_SECTOR,1,RTX,0.022686532383005886,0.30160763994909295,0.22431864245794406,0.316791283744974,-0.4593837117183288,0.04938471217916437,0.496309963099631,12261.82357190199,0.1035641214711791,0.023486901535682024,0.026935573582644645,0.30159511867493355,0.23806521171387476,0.3355044800053122,-0.4578675889396452,0.05882830371335853,0.5023342670401494,12487.201267378696,0.12384811406408258,2008-05-23,2012-10-11
GARL_DDAL_SECTOR,1,BA,-0.00869354806577527,0.35906321587301276,0.15435226691331472,0.22408228563245505,-0.6372239126486976,-0.01364284656179881,0.5045289855072463,10692.997888764687,-0.03763019001117818,0.0027100271002710027,-0.008220737443958792,0.35906671141973123,0.15568212908026324,0.2260091838132484,-0.6372239126486974,-0.012900861503750407,0.5045289855072463,10715.420038182909,-0.0356121965635382,2008-05-23,2012-10-11
ARIMAX,2,NVDA,-0.08515036442185253,0.16933947184518505,-0.4324543828269077,-0.3758326589099505,-0.46142895747815815,-0.18453623909349717,0.4831358249772106,67641.75060773532,-0.3235824939226468,0.16674580182433,-0.05783733096176813,0.1693765033216356,-0.25869962175346833,-0.21501022638134953,-0.4481783640364284,-0.12904980606575434,0.5285977859778598,76973.0581378947,-0.2302694186210531,2012-10-12,2017-03-09
ARIMAX,2,AAPL,-0.09943035687186497,0.09665924764404187,-1.0347902401469609,-1.2042990259349058,-0.4163644378679826,-0.23880607426754233,0.45578851412944393,63124.944832219655,-0.36875055167780346,0.2317838130700826,-0.06183129637525564,0.09664691443254778,-0.611870350995138,-0.6987497250172313,-0.307563428321037,-0.20103591871370244,0.4949771689497717,75549.94189253282,-0.24450058107467176,2012-10-12,2017-03-09
ARIMAX,2,MSFT,-0.016926627468589972,0.09152839482342996,-0.1408089045069586,-0.17270263492215598,-0.14223795711865106,-0.11900218346408221,0.47584320875113945,92775.02130658898,-0.07224978693411022,0.16681696799458245,0.012438174703056193,0.0914712940049031,0.18080535896857738,0.21655890278442383,-0.12204526228300572,0.10191444117030797,0.518005540166205,105580.35236039065,0.0558035236039065,2012-10-12,2017-03-09
ARIMAX,2,JPM,-0.05103522893465018,0.0842419179689771,-0.5796356722042558,-0.6717647561667688,-0.2684769208286786,-0.19009168004879257,0.45396536007292615,79444.32806071913,-0.20555671939280873,0.35360214951778396,0.010072111664267469,0.08397039582946893,0.16131635788311302,0.17922917395430282,-0.14176061257921013,0.07105014207412216,0.5298438934802571,104500.74458504532,0.04500744585045324,2012-10-12,2017-03-09
ARIMAX,2,BAC,-0.12136456623343361,0.1038126398373246,-1.1938644126760811,-1.308415115792179,-0.46017355436388385,-0.263736507851262,0.4749316317228806,56644.75544251964,-0.43355244557480355,0.5512358944558838,-0.031553719697020144,0.103337352814546,-0.2583790253814665,-0.27612980812824117,-0.2555021860868125,-0.12349686779704917,0.5337711069418386,86862.39831710124,-0.13137601682898759,2012-10-12,2017-03-09
ARIMAX,2,MS,-0.07765372065836118,0.10086188965035472,-0.7508823146932778,-0.8754312789603891,-0.36861271689843556,-0.21066479016717493,0.463081130355515,70110.70884720409,-0.29889291152795905,0.3891104471083231,-0.012094774529918806,0.10075254866983935,-0.07043321870042586,-0.08017767648924203,-0.22140559580750552,-0.05462723056211392,0.5220994475138122,94794.90408570872,-0.0520509591429128,2012-10-12,2017-03-09
ARIMAX,2,CAT,4.7567630185429977e-05,0.08186549633128913,0.041509236083156466,0.055500976557198704,-0.12328283941706042,0.0003858414553911334,0.4567000911577028,100020.89746665368,0.00020897466653679864,0.18961586706093464,0.03406073697994971,0.08187440550684152,0.4500357948950263,0.5944510092941835,-0.09055935823715833,0.37611504369046983,0.49085923217550276,115850.7134233434,0.1585071342334341,2012-10-12,2017-03-09
ARIMAX,2,RTX,-0.054502994549685324,0.06318883740376609,-0.8552242917680499,-1.0237453075319705,-0.26274464143483467,-0.2074371307899843,0.4621695533272562,78176.91886819861,-0.21823081131801392,0.16994954891293831,-0.02572017444418606,0.06313258832733386,-0.38112690966009893,-0.44691714576128616,-0.18386104203297027,-0.13988920197446655,0.5078196872125115,89184.45306503186,-0.10815546934968134,2012-10-12,2017-03-09
ARIMAX,2,BA,-0.03418945866810852,0.08005357005823921,-0.3945543576955179,-0.5120537704919921,-0.22283796884652685,-0.15342743808464487,0.46946216955332726,85828.68446722663,-0.14171315532773365,0.1795371829244299,-0.003112173003017693,0.08008630882194245,0.0010597835454801722,0.0013560051189017805,-0.13871033051231774,-0.02243649042953817,0.505946935041171,98640.0668493276,-0.013599331506723988,2012-10-12,2017-03-09
SingleAgentA2C,2,PORTFOLIO,0.022900174630100967,0.04686577026255385,0.5064619751291283,0.8016952940157345,-0.10907988883027286,0.20993947533017193,0.5027124773960217,110457.72001154898,0.10457720011548988,0.00045167118337850043,0.022971606828689595,0.0468679247344313,0.5079309075521179,0.8040121980651539,-0.10912372146465987,0.21050974545556564,0.5027124773960217,110491.60874738808,0.10491608747388081,2012-10-12,2017-03-09
SingleAgentA2C,2,NVDA,0.29128929966563555,0.16901588089935093,1.5959427494997473,2.7597652091827776,-0.13297696503162304,2.1905244987082124,0.5324794144556267,34156.08573718868,2.0740477163469815,0.00045167118337850043,0.29139155712307585,0.16901828188623666,1.596391475864077,2.760580379351783,-0.13297696503162304,2.1912934849564394,0.5324794144556267,34167.96925321209,2.075117232789088,2012-10-12,2017-03-09
SingleAgentA2C,2,AAPL,-0.16941339889389628,0.2560510005947246,-0.5971078500215842,-0.8800073462018022,-0.7048634029769301,-0.24034926225193895,0.48641304347826086,4916.170815719078,-0.557544626585283,0.0009033423667570009,-0.16927991742082937,0.25604616481908543,-0.5964967800842101,-0.8790601563313014,-0.7048634029769306,-0.24015989013742242,0.48641304347826086,4919.642406405248,-0.5572321834235276,2012-10-12,2017-03-09
SingleAgentA2C,2,MSFT,0.11809399052492231,0.11708761002523163,1.0120342860996676,1.410009832031055,-0.09242108114135739,1.2777819634494254,0.5164835164835165,18143.27967652384,0.6328951708871458,0.00045167118337850043,0.11818262300692806,0.11709078571125572,1.0126872913139144,1.4109578944640255,-0.0924210811413575,1.2787409706468207,0.5164835164835165,18149.59849494994,0.6334638645454946,2012-10-12,2017-03-09
SingleAgentA2C,2,JPM,-0.2215113503123315,0.21038601227969028,-1.0843470054439013,-1.5673478749050282,-0.690233121260825,-0.3209225165951242,0.4644808743169399,3698.6591760594893,-0.667120674154646,0.0009033423667570009,-0.22138493565826212,0.2103725887610711,-1.0836587321183153,-1.5664473303279705,-0.6902331212608244,-0.32073936882928206,0.4644808743169399,3701.2982779960994,-0.6668831549803511,2012-10-12,2017-03-09
SingleAgentA2C,2,BAC,0.0,0.0,0.0,0.0,0.0,0.0,0.0,11111.111111111111,0.0,0.0,0.0,0.0,0.0,0.0,0.0,0.0,0.0,11111.111111111111,0.0,2012-10-12,2017-03-09
SingleAgentA2C,2,MS,0.0,0.0,0.0,0.0,0.0,0.0,0.0,11111.111111111111,0.0,0.0,0.0,0.0,0.0,0.0,0.0,0.0,0.0,11111.111111111111,0.0,2012-10-12,2017-03-09
SingleAgentA2C,2,CAT,0.03464882399398306,0.11448739113954413,0.35474529373328734,0.5151168517384682,-0.24696377847233186,0.14029921395078135,0.499546690843155,12904.491257040123,0.16140421313361109,0.00045167118337850043,0.034731282135361585,0.11448711471207823,0.3554420783303241,0.5160629741775754,-0.2469637784723313,0.14063310154307798,0.499546690843155,12909.009683904613,0.16181087155141505,2012-10-12,2017-03-09
SingleAgentA2C,2,RTX,-0.06475291824575036,0.08411401083379694,-0.7537759963982033,-1.1494686850359828,-0.26290036913429615,-0.24630211992084702,0.47536496350364965,8280.206181621355,-0.25478144365407807,0.00045167118337850043,-0.06467829325156527,0.08411289745142014,-0.7528387375683899,-1.1478754929167287,-0.2629003691342966,-0.24601826716540612,0.47536496350364965,8283.108900423396,-0.2545201989618944,2012-10-12,2017-03-09
SingleAgentA2C,2,BA,-0.12641102275629745,0.10610352181471734,-1.2204379518973418,-1.9296409782047068,-0.45919638239161753,-0.275287497035397,0.4537205081669691,6136.604945174199,-0.44770555493432207,0.00045167118337850043,-0.12634121040895496,0.10610168428583377,-1.219708159460191,-1.9283242744187459,-0.45919638239161675,-0.27513546546455,0.4537205081669691,6138.759508274461,-0.44751164425529855,2012-10-12,2017-03-09
SingleAgentPPO,2,PORTFOLIO,0.11742596991738785,0.12439763280391325,0.9531909717807728,1.5027613273791869,-0.13199000784138692,0.8896580266780441,0.5316455696202531,162861.38602770158,0.6286138602770157,0.0005520425574626118,0.11757270886351767,0.12441349707842689,0.9541404266027301,1.5042103066798114,-0.13161243032287007,0.8933252624777894,0.5316455696202531,162955.35588993557,0.6295535588993557,2012-10-12,2017-03-09
SingleAgentPPO,2,NVDA,0.6227782094234897,0.33803176179870187,1.5959427494997473,2.7597652091827776,-0.2527408274279993,2.4640981663356567,0.5324794144556267,93195.7217116394,7.387614954047546,0.0009033423667570009,0.623033671918134,0.3380365637724733,1.596391475864077,2.760580379351783,-0.25274082742799886,2.4651089349449276,0.5324794144556267,93260.18716151672,7.393416844536505,2012-10-12,2017-03-09
SingleAgentPPO,2,AAPL,0.12708693611002153,0.25604176460295647,0.5958846733875297,0.8010289346970476,-0.3927269345510518,0.3236012733766319,0.5135869565217391,18793.12474109918,0.6913812266989261,0.0009033423667570009,0.1272651840613903,0.25604616481908543,0.5964967800842101,0.8018655506411106,-0.3927269345510511,0.3240551458658533,0.5135869565217391,18806.18433652662,0.6925565902873958,2012-10-12,2017-03-09
SingleAgentPPO,2,MSFT,-0.11798246400001988,0.11709419946306229,-1.013338200872434,-1.349159087744494,-0.45108363039914756,-0.2615534150410678,0.4835164835164835,6400.9834717464055,-0.4239114875428235,0.00045167118337850043,-0.11791179915247252,0.11709078571125572,-1.0126872913139144,-1.3482557796847503,-0.4510836303991449,-0.26139675928416495,0.4835164835164835,6403.236564229417,-0.42370870921935244,2012-10-12,2017-03-09
SingleAgentPPO,2,JPM,-0.11274728103981091,0.10519300613984514,-1.0843470054439013,-1.5673478749050282,-0.43011375234525573,-0.2621336342421987,0.4644808743169399,6569.568906189167,-0.408738798442975,0.00045167118337850043,-0.11267592248249148,0.10518629438053555,-1.0836587321183153,-1.5664473303279705,-0.4301137523452553,-0.26196772799779194,0.4644808743169399,6571.890263151592,-0.40852987631635673,2012-10-12,2017-03-09
SingleAgentPPO,2,BAC,-0.13699104001648743,0.13172290704915363,-1.0523479894030887,-1.5547594439033408,-0.4791783718852808,-0.28588736064507564,0.47255813953488374,5816.769638342644,-0.4764907325491621,0.00045167118337850043,-0.13692103677984302,0.13171251227307507,-1.0518261264923057,-1.5542076274574017,-0.47917837188528156,-0.2857412705025485,0.47255813953488374,5818.84260120633,-0.4763041658914303,2012-10-12,2017-03-09
SingleAgentPPO,2,MS,-0.13846998257457455,0.1376500230124721,-1.0137322700263351,-1.5283617467120496,-0.4962872199896964,-0.2790117838969325,0.4621004566210046,5773.107774972875,-0.4804203002524413,0.00045167118337850043,-0.13840044157587872,0.1376428789873471,-1.0132060338092943,-1.527663937476615,-0.4962872199896985,-0.2788716614116147,0.4621004566210046,5775.155099661794,-0.4802360410304385,2012-10-12,2017-03-09
SingleAgentPPO,2,CAT,-0.10216533469836808,0.2289741637181966,-0.356138108596669,-0.5177648816919491,-0.4741071072102935,-0.21548998769396627,0.499546690843155,6920.7924909794165,-0.3771286758118525,0.0009033423667570009,-0.10202222093525748,0.22897422942415646,-0.3554420783303241,-0.5167842480033523,-0.47410710721029403,-0.21518812813325894,0.5004533091568449,6925.639852108585,-0.3766924133102274,2012-10-12,2017-03-09
SingleAgentPPO,2,RTX,-0.06475291824575036,0.08411401083379694,-0.7537759963982033,-1.1494686850359828,-0.26290036913429615,-0.24630211992084702,0.47536496350364965,8280.206181621355,-0.25478144365407807,0.00045167118337850043,-0.06467829325156527,0.08411289745142014,-0.7528387375683899,-1.1478754929167287,-0.2629003691342966,-0.24601826716540612,0.47536496350364965,8283.108900423396,-0.2545201989618944,2012-10-12,2017-03-09
SingleAgentPPO,2,BA,0.0,0.0,0.0,0.0,0.0,0.0,0.0,11111.111111111111,0.0,0.0,0.0,0.0,0.0,0.0,0.0,0.0,0.0,11111.111111111111,0.0,2012-10-12,2017-03-09
SingleAgentDQN,2,PORTFOLIO,-0.02845646028997406,0.050356518072084466,-0.5480981180495275,-0.7652799889562101,-0.19819461877319056,-0.1435783699179996,0.5,88089.37641558838,-0.11910623584411617,0.009986951721369068,-0.024912083898873227,0.050275527588059074,-0.47663868907763857,-0.6659943389751432,-0.1963813899555168,-0.12685562468274703,0.5009041591320073,89509.85759982927,-0.10490142400170732,2012-10-12,2017-03-09
SingleAgentDQN,2,NVDA,-0.08818279040533672,0.1634329559159781,-0.4831595579416615,-0.3242292987673309,-0.3706008122464919,-0.23794548606300703,0.38910505836575876,7406.927890427488,-0.3333764898615261,0.08672086720867209,-0.07414556275857942,0.16360078724362623,-0.3891584804114912,-0.2530009487958473,-0.3509176782331437,-0.2112904745406368,0.4366812227074236,7921.080105912593,-0.2871027904678666,2012-10-12,2017-03-09
SingleAgentDQN,2,AAPL,0.0704422342404496,0.12802088230147823,0.5958846733875297,0.8010289346970476,-0.2137546908030703,0.32954708023388923,0.5135869565217391,14983.889520465662,0.34855005684190954,0.00045167118337850043,0.07052719906751936,0.12802308240954272,0.5964967800842101,0.8018655506411106,-0.2137546908030712,0.3299445677779065,0.5135869565217391,14989.114758297028,0.34902032824673257,2012-10-12,2017-03-09
SingleAgentDQN,2,MSFT,0.10355047257980732,0.11382457178296017,0.922653706091696,1.26309527838745,-0.09852014898534778,1.0510588305668078,0.5038535645472062,17129.21721711635,0.5416295495404715,0.01942186088527552,0.10733621523089631,0.1138249108983368,0.9527499596012922,1.298821832576767,-0.0972545116753063,1.1036630936901803,0.5102439024390244,17388.85654097866,0.5649970886880795,2012-10-12,2017-03-09
SingleAgentDQN,2,JPM,0.19106105057214529,0.20129683545554128,0.9693804746700732,1.3471112790820843,-0.23987637968505893,0.7964979745942273,0.5268714011516314,23951.063659792915,1.1555957293813623,0.03342366757000903,0.19807975129034583,0.20137815848664398,0.9982669340784478,1.3837553526021535,-0.23347931578030956,0.848382438625644,0.5365853658536586,24577.29500600569,1.211956550540512,2012-10-12,2017-03-09
SingleAgentDQN,2,BAC,-0.26810679140903093,0.26344581409830725,-1.0523479894030887,-1.5547594439033408,-0.7480145082747557,-0.35842458728160353,0.47255813953488374,2820.3024006764085,-0.7461727839391232,0.0009033423667570009,-0.26798586967249927,0.26342502454615013,-1.0518261264923057,-1.5542076274574017,-0.7480145082747554,-0.35826293034153905,0.47255813953488374,2822.3498876073877,-0.7459885101153352,2012-10-12,2017-03-09
SingleAgentDQN,2,MS,-0.2717585563432827,0.2753000460249442,-1.0137322700263351,-1.5283617467120496,-0.7658413112932323,-0.35484969579974684,0.4621004566210046,2759.0079805177447,-0.751689281753403,0.0009033423667570009,-0.2716394321664657,0.2752857579746942,-1.0132060338092943,-1.527663937476615,-0.7658413112932323,-0.35469414898468166,0.4621004566210046,2760.991082613952,-0.7515108025647443,2012-10-12,2017-03-09
SingleAgentDQN,2,CAT,-0.10216533469836808,0.2289741637181966,-0.356138108596669,-0.5177648816919491,-0.4741071072102935,-0.21548998769396627,0.499546690843155,6920.7924909794165,-0.3771286758118525,0.0009033423667570009,-0.10202222093525748,0.22897422942415646,-0.3554420783303241,-0.5167842480033523,-0.47410710721029403,-0.21518812813325894,0.5004533091568449,6925.639852108585,-0.3766924133102274,2012-10-12,2017-03-09
SingleAgentDQN,2,RTX,-0.13148491200706913,0.16822802166759387,-0.7537759963982033,-1.1494686850359828,-0.47274272447235044,-0.27813206888339825,0.47536496350364965,5981.5703104382,-0.461658672060562,0.0009033423667570009,-0.13134610760484777,0.1682257949028403,-0.7528387375683899,-1.1478754929167287,-0.47274272447235066,-0.2778384537836072,0.47536496350364965,5985.77085803091,-0.46128062277721815,2012-10-12,2017-03-09
SingleAgentDQN,2,BA,-0.12641102275629745,0.10610352181471734,-1.2204379518973418,-1.9296409782047068,-0.45919638239161753,-0.275287497035397,0.4537205081669691,6136.604945174199,-0.44770555493432207,0.00045167118337850043,-0.12634121040895496,0.10610168428583377,-1.219708159460191,-1.9283242744187459,-0.45919638239161675,-0.27513546546455,0.4537205081669691,6138.759508274461,-0.44751164425529855,2012-10-12,2017-03-09
MultiAgentA2C,2,PORTFOLIO,0.1329396268666636,0.10450742958218033,1.2465793263316507,1.7193213284554352,-0.1551083924397082,0.8570756538421236,0.5406871609403255,173030.46915917937,0.7303046915917937,0.036334437418448266,0.1411924694592288,0.10404488676009493,1.3214551906843655,1.818905870229906,-0.15313361413687632,0.9220214010819722,0.5488245931283906,178636.18739534836,0.7863618739534837,2012-10-12,2017-03-09
MultiAgentA2C,2,NVDA,0.44849364425118465,0.3386159635030882,1.2580184573733044,2.079275321107275,-0.3531892879812927,1.2698393170829687,0.5246800731261426,56577.15429443216,4.091943886498894,0.037940379403794036,0.4582360744034244,0.3385532550081395,1.278019952768013,2.109617520525972,-0.35136969952523156,1.3041422610503695,0.526075022872827,58267.9552390437,4.244115971513933,2012-10-12,2017-03-09
MultiAgentA2C,2,AAPL,-0.027940638094039683,0.10771151983095772,-0.20895716335313635,-0.10988712126103599,-0.34074361321555124,-0.08199900749530614,0.3602150537634409,9810.55695497106,-0.11704987405260459,0.0957542908762421,-0.011371702926323057,0.10765944120875096,-0.0521648326492189,-0.023911019364524843,-0.3181060347399286,-0.035748152139333446,0.5112781954887218,10566.674545692467,-0.04899929088767796,2012-10-12,2017-03-09
MultiAgentA2C,2,MSFT,0.222971803250948,0.2337704782774259,0.9781576140212672,1.366484976833834,-0.18887030676000516,1.1805550966477496,0.5146520146520146,26900.815222213827,1.4210733699992444,0.015356820234869015,0.22630649534719405,0.2337010659221805,0.9900396279190815,1.382449545887165,-0.18657569088286885,1.212947379566548,0.5151237396883593,27224.528447396926,1.4502075602657234,2012-10-12,2017-03-09
MultiAgentA2C,2,JPM,0.044249762811328974,0.10203643164529137,0.47541016587663043,0.39878490517802595,-0.150214310540274,0.2945775449234922,0.4423076923076923,13438.86121092356,0.20949750898312036,0.13098464317976513,0.06870051985238601,0.1016189097008315,0.7047393852354233,0.5581357881831036,-0.1429996448063946,0.4804244090633845,0.5422740524781341,14877.085774786941,0.33893771973082476,2012-10-12,2017-03-09
MultiAgentA2C,2,BAC,0.12246421783696215,0.1308738809414192,0.9483322207707912,1.38813465354716,-0.2533997859934407,0.48328461429770964,0.5228331780055918,18456.873646715532,0.6611186282043979,0.005871725383920506,0.12362890204657351,0.13086083311251642,0.9563418445012309,1.400847164529036,-0.2512989172887423,0.4919595491313795,0.5257731958762887,18541.149919954936,0.6687034927959443,2012-10-12,2017-03-09
MultiAgentA2C,2,MS,-0.007693265064141697,0.13287018732039677,0.008804073716444972,0.0049884965423765215,-0.34560358452048556,-0.022260374049117192,0.45021645021645024,10740.477253552548,-0.03335704718027066,0.07226738934056007,0.005047207421852384,0.13280762102243182,0.10479644388186603,0.05689476183133165,-0.34008424661261705,0.014841050334217787,0.5608465608465608,11359.580728386167,0.022362265554755067,2012-10-12,2017-03-09
MultiAgentA2C,2,CAT,0.03464882399398306,0.11448739113954413,0.35474529373328734,0.5151168517384682,-0.24696377847233186,0.14029921395078135,0.499546690843155,12904.491257040123,0.16140421313361109,0.00045167118337850043,0.034731282135361585,0.11448711471207823,0.3554420783303241,0.5160629741775754,-0.2469637784723313,0.14063310154307798,0.499546690843155,12909.009683904613,0.16181087155141505,2012-10-12,2017-03-09
MultiAgentA2C,2,RTX,0.022967479731605955,0.05076218723722022,0.47266581661712503,0.2403607021136619,-0.07096062047390084,0.32366514805283225,0.42063492063492064,12276.62783986932,0.10489650558823871,0.057813911472448055,0.03346532112492562,0.05052461134987236,0.6767380045879029,0.32889735751936405,-0.0683342868061938,0.4897295733814892,0.5698924731182796,12839.773788584798,0.15557964097263177,2012-10-12,2017-03-09
MultiAgentA2C,2,BA,0.016214999894015314,0.017985627293346337,0.9033099650092001,0.24935038367679446,-0.014510843182539035,1.1174402265973695,0.5121951219512195,11924.611479461215,0.07321503315150935,0.013550135501355014,0.018645939265499623,0.018033736241047385,1.033443098776175,0.23141346825367753,-0.013815801212963663,1.3496096953105938,0.7777777777777778,12050.4292675978,0.08453863408380191,2012-10-12,2017-03-09
MultiAgentPPO,2,PORTFOLIO,0.2311347859020647,0.14034430707983658,1.5519072920809298,2.2558159115319865,-0.179226042378823,1.289627237394018,0.5632911392405063,249286.9885033724,1.4928698850337243,0.0006022282445046673,0.23129650781929856,0.14037001477538108,1.55258507046504,2.2569177709747357,-0.17924869357001383,1.2903664914520288,0.5632911392405063,249430.87059707512,1.4943087059707514,2012-10-12,2017-03-09
MultiAgentPPO,2,NVDA,0.6227782094234897,0.33803176179870187,1.5959427494997473,2.7597652091827776,-0.2527408274279993,2.4640981663356567,0.5324794144556267,93195.7217116394,7.387614954047546,0.0009033423667570009,0.623033671918134,0.3380365637724733,1.596391475864077,2.760580379351783,-0.25274082742799886,2.4651089349449276,0.5324794144556267,93260.18716151672,7.393416844536505,2012-10-12,2017-03-09
MultiAgentPPO,2,AAPL,0.12708693611002153,0.25604176460295647,0.5958846733875297,0.8010289346970476,-0.3927269345510518,0.3236012733766319,0.5135869565217391,18793.12474109918,0.6913812266989261,0.0009033423667570009,0.1272651840613903,0.25604616481908543,0.5964967800842101,0.8018655506411106,-0.3927269345510511,0.3240551458658533,0.5135869565217391,18806.18433652662,0.6925565902873958,2012-10-12,2017-03-09
MultiAgentPPO,2,MSFT,0.11809399052492231,0.11708761002523163,1.0120342860996676,1.410009832031055,-0.09242108114135739,1.2777819634494254,0.5164835164835165,18143.27967652384,0.6328951708871458,0.00045167118337850043,0.11818262300692806,0.11709078571125572,1.0126872913139144,1.4109578944640255,-0.0924210811413575,1.2787409706468207,0.5164835164835165,18149.59849494994,0.6334638645454946,2012-10-12,2017-03-09
MultiAgentPPO,2,JPM,0.22830427868951686,0.2103596946436041,1.0829676454975812,1.5553746091339664,-0.23214188763703925,0.9834686924165853,0.5355191256830601,27419.89803022485,1.4677908227202363,0.0009033423667570009,0.2284965794700311,0.2103725887610711,1.0836587321183153,1.5564625566657895,-0.23214188763703958,0.9842970684691423,0.5355191256830601,27438.76070778081,1.469488463700273,2012-10-12,2017-03-09
MultiAgentPPO,2,BAC,0.2739449120808166,0.2634046568263185,1.051302497581178,1.5514338844543467,-0.391465811962456,0.6997926861288455,0.5274418604651163,32186.167609311295,1.8967550848380164,0.0009033423667570009,0.27414111465954916,0.26342502454615013,1.0518261264923057,1.5523266410913148,-0.39146581196245533,0.7002938859085898,0.5274418604651163,32207.94891340557,1.8987154022065011,2012-10-12,2017-03-09
MultiAgentPPO,2,MS,0.0,0.0,0.0,0.0,0.0,0.0,0.0,11111.111111111111,0.0,0.0,0.0,0.0,0.0,0.0,0.0,0.0,0.0,11111.111111111111,0.0,2012-10-12,2017-03-09
MultiAgentPPO,2,CAT,0.0,0.0,0.0,0.0,0.0,0.0,0.0,11111.111111111111,0.0,0.0,0.0,0.0,0.0,0.0,0.0,0.0,0.0,11111.111111111111,0.0,2012-10-12,2017-03-09
MultiAgentPPO,2,RTX,0.11885307911965848,0.16822423118154958,0.7518984903612986,1.0688874601233016,-0.3051803125453878,0.3894519870182717,0.5246350364963503,18197.45196718063,0.6377706770462568,0.0009033423667570009,0.11903099927675553,0.1682257949028403,0.7528387375683899,1.0702340494782765,-0.3051803125453879,0.39003498713257484,0.5246350364963503,18210.167275953343,0.6389150548358009,2012-10-12,2017-03-09
MultiAgentPPO,2,BA,0.13164279577026416,0.10610010955438744,1.218975322479339,1.6773340517309216,-0.15401055869597335,0.8547647439558701,0.5462794918330308,19129.12254517098,0.7216210290653882,0.00045167118337850043,0.13173272817295834,0.10610168428583377,1.219708159460191,1.6783673597076914,-0.15401055869597402,0.8553486805603151,0.5462794918330308,19135.801484719887,0.7222221336247898,2012-10-12,2017-03-09
MultiAgentDQN,2,PORTFOLIO,-0.12259332212047613,0.07176278952210868,-1.7861519606139948,-2.6104002889658475,-0.4401666392716067,-0.2785157056049161,0.4321880650994575,56297.59256416077,-0.4370240743583923,0.044364147345177136,-0.1023703541393931,0.07249210528068305,-1.4532749063903208,-2.130127126350319,-0.3832639095953382,-0.26710147127466,0.44936708860759494,62224.676175943,-0.37775323824056994,2012-10-12,2017-03-09
MultiAgentDQN,2,NVDA,-0.10752587395901825,0.12750245626771373,-0.8276399231741441,-0.5209169702980684,-0.42480283184929435,-0.2531194848464776,0.36012861736334406,6741.106205257416,-0.3933004415268325,0.12917795844625113,-0.08693482266582042,0.1274156902350188,-0.6493637564368554,-0.3613477937651205,-0.3851857927949681,-0.22569581820504803,0.49356223175965663,7451.564280106221,-0.32935921479044006,2012-10-12,2017-03-09
MultiAgentDQN,2,AAPL,-0.1016552919818211,0.13358601572515297,-0.7356539519264971,-1.050611223163643,-0.45237315368607733,-0.22471557198631734,0.4827586206896552,6938.079967765331,-0.37557280290112016,0.026648599819331528,-0.09740417025246273,0.13345337830056425,-0.7011607242452118,-1.00288168461446,-0.4446304243149398,-0.21906771315196727,0.4863138686131387,7083.469282785442,-0.3624877645493102,2012-10-12,2017-03-09
MultiAgentDQN,2,MSFT,-0.12230808123567904,0.11762555566168091,-1.050008140614026,-1.3926700812097392,-0.4846966453430127,-0.25233944243439815,0.4798165137614679,6264.2261531036,-0.436219646220676,0.015808491418247517,-0.11985049147369042,0.11757437826620934,-1.0267472801727655,-1.3607690332528541,-0.4796021618517903,-0.24989564477969844,0.48247232472324725,6341.644598566487,-0.42925198612901616,2012-10-12,2017-03-09
MultiAgentDQN,2,JPM,-0.20839942703674907,0.20365621551469898,-1.0455041585707365,-1.593509447122133,-0.6493946895828377,-0.3209133526648055,0.4553734061930783,3980.2402434061196,-0.6417783780934492,0.16440831074977416,-0.18502491163731727,0.20331056306280637,-0.90463471967425,-1.3810623543557454,-0.6015842985024094,-0.3075627340971504,0.4599271402550091,4523.006815894381,-0.5929293865695057,2012-10-12,2017-03-09
MultiAgentDQN,2,BAC,-0.1822762570946035,0.19222554670413006,-0.9504184667761204,-1.3467525912472864,-0.5883357818698852,-0.30981671132645,0.46382189239332094,4590.402881738754,-0.5868637406435121,0.21364046973803072,-0.15088618818289357,0.1924890234810895,-0.7533340233615874,-1.07142534519703,-0.5144256782428349,-0.2933099854157507,0.4714686623012161,5416.451515805576,-0.5125193635774983,2012-10-12,2017-03-09
MultiAgentDQN,2,MS,-0.21985935302598825,0.22091472496610784,-1.0130798633936187,-1.48744081650541,-0.7009719846588757,-0.3136492724926541,0.4534671532846715,3733.2620120599895,-0.6640064189146009,0.4932249322493225,-0.14885551553819665,0.22079701831948334,-0.6195707821723406,-0.9101412876268871,-0.5842382431036512,-0.25478564146610955,0.47412199630314233,5473.585918343153,-0.5073772673491163,2012-10-12,2017-03-09
MultiAgentDQN,2,CAT,0.04465301020318391,0.22702233382496972,0.30597612648302597,0.4425932005399001,-0.43100754429274324,0.10360145847668802,0.4945652173913043,13461.673098800595,0.21155057889205353,0.12466124661246612,0.06791012439397837,0.22689518822801952,0.40306565752039164,0.583867911073584,-0.4019301046511238,0.16896003461329304,0.499546690843155,14828.812312020607,0.3345931080818547,2012-10-12,2017-03-09
MultiAgentDQN,2,RTX,-0.07539464863341983,0.09489787962962447,-0.7782077036339626,-1.0020885636563195,-0.3086961477481317,-0.24423579362232625,0.4744525547445255,7874.243324677209,-0.2913181007790512,0.03929539295392954,-0.06895589605766206,0.09485483381652338,-0.7054838533444578,-0.915165219847304,-0.3003730003236498,-0.22956755761457445,0.4771897810218978,8117.985102174481,-0.26938134080429676,2012-10-12,2017-03-09
MultiAgentDQN,2,BA,-0.27445829563815294,0.20803046202046652,-1.437415717059219,-2.1597202735883414,-0.7656930605690837,-0.35844427718094785,0.44495412844036697,2714.3586773517545,-0.7557077190383421,0.12375790424570912,-0.25841100276427253,0.20795063987326426,-1.3329863355809026,-2.009490534609611,-0.7422400624229715,-0.34815016845185454,0.45471521942110177,2988.156350246642,-0.7310659284778023,2012-10-12,2017-03-09
GARL_DDAL,2,PORTFOLIO,0.18971739627179374,0.12080288567115162,1.498086950987685,2.273803599677164,-0.15285709521325652,1.2411422316190954,0.5515370705244123,214493.3777151285,1.144933777151285,0.04140319180969588,0.19557888910716992,0.11913262476374425,1.5587431551744264,2.3624398676284377,-0.15040218283391282,1.3003726769254749,0.5515370705244123,219174.5464249384,1.1917454642493839,2012-10-12,2017-03-09
GARL_DDAL,2,NVDA,0.6227782094234897,0.33803176179870187,1.5959427494997473,2.7597652091827776,-0.2527408274279993,2.4640981663356567,0.5324794144556267,93195.7217116394,7.387614954047546,0.0009033423667570009,0.623033671918134,0.3380365637724733,1.596391475864077,2.760580379351783,-0.25274082742799886,2.4651089349449276,0.5324794144556267,93260.18716151672,7.393416844536505,2012-10-12,2017-03-09
GARL_DDAL,2,AAPL,0.008641815318022328,0.025942461819060993,0.3444853347309693,0.06547329593474671,-0.03365259804124021,0.25679489314412074,0.36363636363636365,11539.140477821189,0.03852264300390695,0.005420054200542005,0.009601936286042223,0.026126233515844106,0.3786575358618278,0.06161624490235913,-0.032969017880108975,0.2912411986598882,0.5,11587.469810711667,0.04287228296404999,2012-10-12,2017-03-09
GARL_DDAL,2,MSFT,0.04540335859195577,0.05413195099038179,0.8472113194737423,0.48070584384600284,-0.04363009968249065,1.040643017604123,0.37719298245614036,13504.200239506134,0.21537802155555208,0.06684733514001806,0.05778095616753087,0.05450229325836414,1.0578100130511627,0.5177703271363725,-0.03991722897341876,1.4475192204851626,0.5365853658536586,14220.815711853053,0.2798734140667747,2012-10-12,2017-03-09
GARL_DDAL,2,JPM,0.03711974784811933,0.06150722211235657,0.6231927113543011,0.4661881699744539,-0.08972222116891604,0.41371855672448893,0.375,13040.42073079439,0.1736378657714952,0.11382113821138211,0.05813895430783678,0.061685751537366745,0.9468783283150365,0.633664959039034,-0.08267324723874969,0.7032378217821657,0.5403726708074534,14241.970367406055,0.28177733306654495,2012-10-12,2017-03-09
GARL_DDAL,2,BAC,0.10892548623214471,0.1114463531200268,0.9835612157499813,1.3359223867540928,-0.18135138015355834,0.6006322429965111,0.4911504424778761,17498.755576402807,0.5748880018762526,0.045618789521228546,0.11788796713946903,0.11139576160098841,1.0562472337020767,1.4291570189534828,-0.1685183000831253,0.6995558766099482,0.5199063231850117,18128.598349098724,0.6315738514188851,2012-10-12,2017-03-09
GARL_DDAL,2,MS,0.2721566140370766,0.27527187439965295,1.0126782549658866,1.4562254573655498,-0.45721484859033246,0.595248852648114,0.5378995433789955,31988.16481591829,1.8789348334326461,0.0009033423667570009,0.2723543894237461,0.2752857579746942,1.0132060338092943,1.45705788454962,-0.45721484859033257,0.5956814181854742,0.5378995433789955,32010.016383855946,1.8809014745470352,2012-10-12,2017-03-09
GARL_DDAL,2,CAT,-2.7705361559049457e-05,0.00019948010844920598,-0.1387900955125789,0.0,-0.00034999999999996145,-0.07915817588300716,0.5,11109.758889162684,-0.00012169997535849131,0.0009033423667570009,0.00013163433207363795,0.00027595590714652487,0.4771187236136979,0.0,0.0,0.0,1.0,11117.53755508474,0.0005783799576266624,2012-10-12,2017-03-09
GARL_DDAL,2,RTX,-0.006480061235796475,0.13857681914570988,0.022370598128524696,0.028479315519184596,-0.24444846010876053,-0.02650890593834525,0.43307943416757344,10798.28142682098,-0.028154671586111735,0.2140921409214092,0.03177374033800673,0.13846101861766996,0.29514371913164084,0.362367195627865,-0.19000837587344854,0.16722284052977235,0.5056320400500626,12747.708636775582,0.14729377730980242,2012-10-12,2017-03-09
GARL_DDAL,2,BA,0.014157835774001759,0.012566198521779367,1.1250131814756652,5.088891698755978,-0.0007000000000000339,20.22547967714439,0.6923076923076923,11818.933847062619,0.06370404623563575,0.004516711833785004,0.014963650666293127,0.012761681263390149,1.1702131276670271,0.0,0.0,0.0,1.0,11860.242448635883,0.06742182037722944,2012-10-12,2017-03-09
GARL_DDAL_SECTOR,2,PORTFOLIO,0.17635713178682333,0.1230299830607349,1.3811993916842389,2.093838520390928,-0.15395472127265952,1.1455129815375282,0.5533453887884268,204112.021387402,1.04112021387402,0.01003713740841112,0.17768984190203319,0.12268828796632857,1.3939503758504759,2.1136928359303337,-0.15335470150653696,1.15868532334797,0.5533453887884268,205129.78470311782,1.0512978470311785,2012-10-12,2017-03-09
GARL_DDAL_SECTOR,2,NVDA,0.6227782094234897,0.33803176179870187,1.5959427494997473,2.7597652091827776,-0.2527408274279993,2.4640981663356567,0.5324794144556267,93195.7217116394,7.387614954047546,0.0009033423667570009,0.623033671918134,0.3380365637724733,1.596391475864077,2.760580379351783,-0.25274082742799886,2.4651089349449276,0.5324794144556267,93260.18716151672,7.393416844536505,2012-10-12,2017-03-09
GARL_DDAL_SECTOR,2,AAPL,0.003480497085511569,0.020516292057061958,0.17946205587901853,0.026010673839247926,-0.021905249042309394,0.15888872474305513,0.2857142857142857,11281.99835469659,0.015379851922693089,0.005420054200542005,0.004437080488896239,0.020689150627125664,0.22417515325493478,0.02524663257777945,-0.020520103114489374,0.21623090606027162,0.5,11329.318852160082,0.01963869669440732,2012-10-12,2017-03-09
GARL_DDAL_SECTOR,2,MSFT,-0.23273347581224124,0.23418839892612459,-1.013338200872434,-1.349159087744494,-0.7158469602608144,-0.3251162451363155,0.4835164835164835,3470.106506772952,-0.6876904143904343,0.0009033423667570009,-0.23260984660090955,0.23418157142251145,-1.0126872913139144,-1.3482557796847503,-0.7158469602608144,-0.3249435417259572,0.4835164835164835,3472.5633839398583,-0.6874692954454127,2012-10-12,2017-03-09
GARL_DDAL_SECTOR,2,JPM,0.0,0.0,0.0,0.0,0.0,0.0,0.0,11111.111111111111,0.0,0.0,0.0,0.0,0.0,0.0,0.0,0.0,0.0,11111.111111111111,0.0,2012-10-12,2017-03-09
GARL_DDAL_SECTOR,2,BAC,0.13855404845773678,0.13170232841315924,1.051302497581178,1.5514338844543467,-0.2138733479650895,0.6478322323749892,0.5274418604651163,19647.66898880782,0.768290208992704,0.00045167118337850043,0.13864321730415563,0.13171251227307507,1.0518261264923057,1.5523266410913148,-0.21387334796509072,0.6482491559761132,0.5274418604651163,19654.429434205376,0.7688986490784839,2012-10-12,2017-03-09
GARL_DDAL_SECTOR,2,MS,0.26759060984236416,0.27473466739354985,1.0010221859839084,1.4339169709527535,-0.4572148485903327,0.5852622911687783,0.5378995433789955,31486.876796781104,1.8338189117102992,0.009033423667570008,0.2696046146635527,0.27475099849759443,1.0067624677157796,1.4420153161704505,-0.45721484859033223,0.5896672330191978,0.5378995433789955,31707.2347063431,1.853651123570879,2012-10-12,2017-03-09
GARL_DDAL_SECTOR,2,CAT,0.02087827661832886,0.11115083527245546,0.2414639726554257,0.33691178829744994,-0.2966550018820451,0.07037898058644704,0.48372093023255813,12166.868827270018,0.0950181944543016,0.03026196928635953,0.02634453671642567,0.1111282549957534,0.2895495266455802,0.40183994161916275,-0.2882303201786979,0.09140099036108522,0.4990403071017274,12455.661424360547,0.12100952819244926,2012-10-12,2017-03-09
GARL_DDAL_SECTOR,2,RTX,-0.01383733379177976,0.03274404697444941,-0.40911307800832203,-0.18827354752604397,-0.09308993842559077,-0.14864478402078118,0.38235294117647056,10451.39752210345,-0.05937422301068951,0.04607046070460705,-0.005792201139843134,0.032815138152497834,-0.16057188457920063,-0.06211977619879306,-0.08351514071655952,-0.06935510244185755,0.5726495726495726,10831.161692555821,-0.025195447669976168,2012-10-12,2017-03-09
GARL_DDAL_SECTOR,2,BA,0.0038502565361855368,0.00829440576010991,0.4674074837605969,0.0,-0.0003500000000000725,11.000732960527827,0.5,11300.271568219516,0.01702444113975643,0.0009033423667570009,0.004008866302718017,0.00845956513412007,0.47711872361369795,0.0,0.0,0.0,1.0,11308.116936925218,0.017730524323269714,2012-10-12,2017-03-09
ARIMAX,3,NVDA,-0.14277449930085373,0.20765947210797822,-0.6367672476970404,-0.7395101528811873,-0.5550342682459284,-0.25723546719387824,0.45396536007292615,50827.20785173766,-0.49172792148262345,0.2677028773712217,-0.10130162521409214,0.20769423354488684,-0.40929380413328714,-0.46816463945820297,-0.481518232009448,-0.21037962527679424,0.48266423357664234,62550.781006246994,-0.3744921899375301,2017-03-10,2021-08-02
ARIMAX,3,AAPL,0.03584846024792476,0.14879353059467795,0.3098716740093276,0.44469009104184454,-0.2159526193964585,0.16600150694218743,0.4603463992707384,116733.12997493143,0.16733129974931438,0.21474011727630116,0.07581298499308353,0.14892144402965327,0.5639688605084098,0.7937371263467302,-0.19615070263337475,0.3865037645813871,0.4958904109589041,137852.65947177133,0.3785265947177132,2017-03-10,2021-08-02
ARIMAX,3,MSFT,-0.023540584728817038,0.15447418076559385,-0.0773887843175156,-0.09382160173151305,-0.17324326371775656,-0.13588167426335693,0.4585232452142206,90064.2355062317,-0.09935764493768307,0.15686278384851537,0.0038474620119379743,0.15455172220058705,0.10168780903384173,0.11925125846321624,-0.15297839049860884,0.02515036273684003,0.5009174311926605,101701.20041474089,0.017012004147408888,2017-03-10,2021-08-02
ARIMAX,3,JPM,0.0571798985255727,0.15689858412799543,0.4305762347771247,0.6411937905222358,-0.2569722459751581,0.2225139073232849,0.4567000911577028,127668.17599098998,0.27668175990989985,0.3775004808910186,0.12989098310005032,0.15728416768986497,0.8529013974844849,1.2263586651405851,-0.13712833497599586,0.947222053872291,0.5151237396883593,170994.42693764705,0.7099442693764704,2017-03-10,2021-08-02
ARIMAX,3,BAC,-0.022835583613733612,0.1604859924578487,-0.06417315560235803,-0.07596465976559376,-0.20170979042201043,-0.11321009042723099,0.45214220601640837,90350.23612014746,-0.09649763879852546,0.249234815492683,0.021088772642846143,0.16047508398364949,0.209790380233377,0.23868645828622656,-0.1632727998370077,0.12916280399367613,0.5018450184501845,109601.03739794457,0.09601037397944578,2017-03-10,2021-08-02
ARIMAX,3,MS,0.03681168493884046,0.1645935316293281,0.29959843812550685,0.4434206559649527,-0.30034529732446347,0.1225645457637139,0.45396536007292615,117210.72264829617,0.17210722648296173,0.22770552435686878,0.07925459794855216,0.1648595804706925,0.5427602038218612,0.7836408500430952,-0.25994429583773637,0.3048906985749933,0.494967978042086,139800.4579060973,0.398004579060973,2017-03-10,2021-08-02
ARIMAX,3,CAT,-0.07138586472584596,0.14121801028865416,-0.4534860431622591,-0.5080911813885445,-0.4245505000238202,-0.1681445781405056,0.4567000911577028,72227.90608384696,-0.2777209391615304,0.15372038011679623,-0.045857939214124066,0.14124478373667185,-0.26141936487569817,-0.2868620140154094,-0.38015101124764483,-0.12063084894505373,0.48678213309024615,81366.00657128838,-0.18633993428711615,2017-03-10,2021-08-02
ARIMAX,3,RTX,-0.10974116140965395,0.15905826923448654,-0.6501481200721533,-0.6716448643732755,-0.5326199620640139,-0.2060402711614187,0.4512306289881495,60011.197344762535,-0.39988802655237465,0.1429776268769052,-0.08701952539459701,0.15926833243011865,-0.49093363476981755,-0.4962949508424223,-0.49864562158713144,-0.17451176071219457,0.48029330889092575,67036.7532600784,-0.3296324673992159,2017-03-10,2021-08-02
ARIMAX,3,BA,-0.1601432577553007,0.27358972099903217,-0.49457296120159017,-0.4863685041532542,-0.6605628774146232,-0.24243454064825037,0.4621695533272562,46456.269089667774,-0.5354373091033222,0.20969973619393598,-0.128500720774117,0.2736953414154146,-0.3592280544335948,-0.3436109376345862,-0.6489571533546199,-0.19801110151859028,0.49452554744525545,54651.43955133766,-0.45348560448662345,2017-03-10,2021-08-02
SingleAgentA2C,3,PORTFOLIO,0.03356223446398454,0.11047732180656375,0.3541721234015265,0.45603084698395435,-0.24826798334688605,0.1351855120887278,0.49909584086799275,115605.57470217145,0.15605574702171454,0.0004014854963364448,0.03364448049403457,0.11051201570464629,0.35481588696330163,0.45671961489946283,-0.24833973480007954,0.13547763720179262,0.5,115645.99158319189,0.15645991583191887,2017-03-10,2021-08-02
SingleAgentA2C,3,NVDA,0.0,0.0,0.0,0.0,0.0,0.0,0.0,11111.111111111111,0.0,0.0,0.0,0.0,0.0,0.0,0.0,0.0,0.0,11111.111111111111,0.0,2017-03-10,2021-08-02
SingleAgentA2C,3,AAPL,0.0,0.0,0.0,0.0,0.0,0.0,0.0,11111.111111111111,0.0,0.0,0.0,0.0,0.0,0.0,0.0,0.0,0.0,11111.111111111111,0.0,2017-03-10,2021-08-02
SingleAgentA2C,3,MSFT,-0.18632543813967462,0.1424606692949207,-1.3755406890440485,-1.870884141890865,-0.601215764011644,-0.3099144255573212,0.43312101910828027,4491.385975687514,-0.5957752621881238,0.00045167118337850043,-0.18626070454436316,0.14246195488529162,-1.3749690053360843,-1.8701234663776616,-0.6012157640116439,-0.309806754402993,0.43312101910828027,4492.955850645497,-0.5956339734419053,2017-03-10,2021-08-02
SingleAgentA2C,3,JPM,0.0,0.0,0.0,0.0,0.0,0.0,0.0,11111.111111111111,0.0,0.0,0.0,0.0,0.0,0.0,0.0,0.0,0.0,11111.111111111111,0.0,2017-03-10,2021-08-02
SingleAgentA2C,3,BAC,0.11892045957769581,0.34910921825784413,0.49588208618751567,0.657143257944734,-0.489467803081825,0.2429586968314149,0.5196706312900274,18202.26659729909,0.6382039937569182,0.0009033423667570009,0.11909890635278364,0.349108563680124,0.4963394630710219,0.6577052920602481,-0.48946780308182514,0.24332326989212338,0.5196706312900274,18215.02215749074,0.6393519941741665,2017-03-10,2021-08-02
SingleAgentA2C,3,MS,0.11685633489493874,0.17440723285461002,0.720596693241899,0.9880686461804247,-0.28937758029886274,0.40381958676360524,0.514519056261343,18055.221678936276,0.6249699511042648,0.00045167118337850043,0.11694556007141954,0.17440579369144593,0.7210594751900022,0.9886521236884317,-0.2893775802988623,0.40412792155716054,0.514519056261343,18061.558900147877,0.6255403010133089,2017-03-10,2021-08-02
SingleAgentA2C,3,CAT,0.12412643353775699,0.16007287009848523,0.8113116123878861,1.0596792172868674,-0.2238687416653744,0.5544607639922047,0.5312217194570136,18577.241644696132,0.6719517480226518,0.00045167118337850043,0.12421585745802655,0.16007341656303395,0.8118065817926444,1.0603293319434632,-0.22386874166537585,0.5548602119883989,0.5312217194570136,18583.73434658996,0.6725360911930964,2017-03-10,2021-08-02
SingleAgentA2C,3,RTX,-0.07275720807608776,0.16423980854417622,-0.3776650287047659,-0.4835804696584891,-0.3530564501106652,-0.20607811598763337,0.46454545454545454,7973.39121199209,-0.28239479092071196,0.00045167118337850043,-0.07268325823777744,0.16423947486066695,-0.3771806824401219,-0.4829366681872453,-0.3530564501106648,-0.20586865985593814,0.46454545454545454,7976.184995011302,-0.28214335044898287,2017-03-10,2021-08-02
SingleAgentA2C,3,BA,0.0702607678511038,0.48975652737943753,0.3835669076975508,0.5015783705941977,-0.7792005465221095,0.0901703267081964,0.5049773755656108,14972.73426022702,0.3475460834204318,0.0009033423667570009,0.07043105313002673,0.4897568083534097,0.38389205237846635,0.5020038400580547,-0.7792005465221095,0.09038886515722983,0.5049773755656108,14983.201999973182,0.3484881799975863,2017-03-10,2021-08-02
SingleAgentPPO,3,PORTFOLIO,0.12847247881831314,0.15794262879091173,0.8447459206067817,1.009757689372769,-0.2728200128253645,0.4709056256094746,0.5506329113924051,170053.4084738127,0.7005340847381272,0.0006524139315467229,0.12859921981897315,0.15795629377129783,0.8453979720085046,1.0105456369635983,-0.2728493483917901,0.4713195049830753,0.5506329113924051,170137.32380758727,0.7013732380758726,2017-03-10,2021-08-02
SingleAgentPPO,3,NVDA,0.3044199198491304,0.23594909988523977,1.245169669132614,1.637147416579903,-0.3242992391108104,0.9387006910155365,0.5520361990950227,35708.34635452653,2.213751171907388,0.00045167118337850043,0.3045224592028364,0.2359533009702353,1.2454851711104542,1.6375913950325238,-0.3242992391108104,0.9390168784786559,0.5520361990950227,35720.67876260887,2.214861088634798,2017-03-10,2021-08-02
SingleAgentPPO,3,AAPL,-0.35477339191869783,0.315277327439406,-1.2307369376938515,-1.7147944121414693,-0.857482272725166,-0.41373845641285606,0.46105072463768115,1621.2525448970348,-0.8540872709592668,0.0009033423667570009,-0.35467048678983204,0.31527771133145793,-1.2302300129799246,-1.7139585596735847,-0.8574822727251663,-0.41361844795071157,0.46105072463768115,1622.3887062277538,-0.8539850164395022,2017-03-10,2021-08-02
SingleAgentPPO,3,MSFT,0.20393451155944176,0.14246343620690433,1.374395443654379,1.770859102887427,-0.14274397366451386,1.4286733535857834,0.5668789808917197,25109.285643511954,1.2598357079160758,0.00045167118337850043,0.20403061826351365,0.14246195488529162,1.3749690053360843,1.7714678122644034,-0.14274397366451375,1.429346633876396,0.5668789808917197,25118.091894707355,1.2606282705236618,2017-03-10,2021-08-02
SingleAgentPPO,3,JPM,0.08730741414223231,0.15614462534076434,0.613986405882855,0.8142149603971846,-0.23686948761317217,0.36858869000811395,0.5109090909090909,16049.007068928477,0.4444106362035629,0.00045167118337850043,0.08739402578534339,0.1561445654370748,0.6144969044492052,0.8148916262276389,-0.2368694876131724,0.36895434133781346,0.5109090909090909,16054.623725420175,0.4449161352878157,2017-03-10,2021-08-02
SingleAgentPPO,3,BAC,0.07396869142760254,0.17455460912892207,0.49588208618751567,0.657143257944734,-0.2727960322516908,0.27115017332567554,0.5196706312900274,15201.948390380772,0.36817535513426947,0.00045167118337850043,0.0740542949841061,0.174554281840062,0.4963394630710219,0.6577052920602481,-0.27279603225169,0.2714639739179979,0.5196706312900274,15207.271988288472,0.3686544789459625,2017-03-10,2021-08-02
SingleAgentPPO,3,MS,0.21027899426889607,0.34881446570922003,0.720596693241899,0.9880686461804247,-0.5132584343036972,0.40969418175108463,0.514519056261343,25695.769766758374,1.3126192790082536,0.0009033423667570009,0.21047289430902372,0.34881158738289186,0.7210594751900022,0.9886521236884317,-0.5132584343036972,0.4100719642231656,0.514519056261343,25713.858957997832,1.314247306219805,2017-03-10,2021-08-02
SingleAgentPPO,3,CAT,0.23136863175393718,0.32014574019697045,0.8113116123878861,1.0596792172868674,-0.43358886665810326,0.5336129443018602,0.5312217194570136,27721.67323259046,1.4949505909331413,0.0009033423667570009,0.23156423465245024,0.3201468331260679,0.8118065817926444,1.0603293319434632,-0.4335888666581036,0.5340640695810228,0.5312217194570136,27741.02277735231,1.496692049961708,2017-03-10,2021-08-02
SingleAgentPPO,3,RTX,-0.07275720807608776,0.16423980854417622,-0.3776650287047659,-0.4835804696584891,-0.3530564501106652,-0.20607811598763337,0.46454545454545454,7973.39121199209,-0.28239479092071196,0.00045167118337850043,-0.07268325823777744,0.16423947486066695,-0.3771806824401219,-0.4829366681872453,-0.3530564501106648,-0.20586865985593814,0.46454545454545454,7976.184995011302,-0.28214335044898287,2017-03-10,2021-08-02
SingleAgentPPO,3,BA,0.0702607678511038,0.48975652737943753,0.3835669076975508,0.5015783705941977,-0.7792005465221095,0.0901703267081964,0.5049773755656108,14972.73426022702,0.3475460834204318,0.0009033423667570009,0.07043105313002673,0.4897568083534097,0.38389205237846635,0.5020038400580547,-0.7792005465221095,0.09038886515722983,0.5049773755656108,14983.201999973182,0.3484881799975863,2017-03-10,2021-08-02
SingleAgentDQN,3,PORTFOLIO,0.14433161490866975,0.14972291273197025,0.975764102927201,1.1914865358764275,-0.18731040119277131,0.770547785865507,0.5551537070524413,180804.86702162947,0.8080486702162948,0.005018568704205557,0.1463843705185921,0.14982887287150556,0.9871482017247531,1.2052842347437869,-0.18658092306960306,0.7845623663464467,0.5551537070524413,182233.97170861837,0.8223397170861837,2017-03-10,2021-08-02
SingleAgentDQN,3,NVDA,0.43475942725056815,0.465450887055596,1.0105381358870864,1.3336313612057746,-0.5972759499774022,0.7279037893071322,0.5420814479638009,54258.23007302179,3.8832407065719607,0.018066847335140017,0.4393424035059339,0.4654364048725001,1.0174168987743708,1.342315623219579,-0.5955709181665763,0.7376827680881716,0.5429864253393665,55023.71069333399,3.952133962400059,2017-03-10,2021-08-02
SingleAgentDQN,3,AAPL,-0.18401841452665513,0.15834412521279853,-1.2046456738258284,-1.6388495568981125,-0.597613037544424,-0.3079223560496302,0.4490177736202058,4547.59646618882,-0.5907163180430062,0.024841915085817526,-0.1804272459077918,0.15831120447021363,-1.177215802355037,-1.5993909363449161,-0.5899181073581523,-0.30585134386839635,0.45627376425855515,4636.174528524055,-0.582744292432835,2017-03-10,2021-08-02
SingleAgentDQN,3,MSFT,0.42015651139166255,0.28492687241380865,1.374395443654379,1.770859102887427,-0.280392912169278,1.4984562489154751,0.5668789808917197,51873.875578655505,3.6686488020789954,0.0009033423667570009,0.4203836800835943,0.28492390977058324,1.3749690053360843,1.7714678122644034,-0.28039291216927786,1.4992664287812014,0.5668789808917197,51910.336353499864,3.671930271814988,2017-03-10,2021-08-02
SingleAgentDQN,3,JPM,0.08576398758613735,0.16782062931500852,0.5741418710415018,0.7505543124598195,-0.2368694876131724,0.36207275344048145,0.5099818511796733,15949.17203247444,0.43542548292269956,0.014001806684733513,0.08846416468925922,0.1677357468803954,0.5891574732959829,0.770065931393315,-0.23686948761317272,0.3734721832713568,0.5109090909090909,16124.146235540535,0.45117316119864803,2017-03-10,2021-08-02
SingleAgentDQN,3,BAC,0.14042897019281564,0.33939350073248764,0.5562073137126416,0.7371791132186334,-0.48946780308182514,0.286901343272501,0.5191956124314442,19790.197172470707,0.7811177455223637,0.014453477868112014,0.14333866469386258,0.33939366078263805,0.563719252706999,0.7467201890564034,-0.48946780308182547,0.2928459518508929,0.5196706312900274,20012.966736447313,0.8011670062802583,2017-03-10,2021-08-02
SingleAgentDQN,3,MS,-0.0255840010159748,0.05339979910736993,-0.45858961344293064,-0.13182193137682865,-0.12314467387162287,-0.20775564392371426,0.375,9915.469301295847,-0.10760776288337381,0.009033423667570008,-0.02401573138272106,0.053137727153230105,-0.43086331542932477,-0.12980578984965432,-0.11754645181109702,-0.20430843307219118,0.42857142857142855,9985.763962647126,-0.10128124336175859,2017-03-10,2021-08-02
SingleAgentDQN,3,CAT,-0.267491910387184,0.3201482744674184,-0.8123006638031258,-1.1946696331048057,-0.7842323448911757,-0.3410875770806197,0.4687782805429864,2830.7256964934986,-0.7452346873155851,0.0009033423667570009,-0.26737471621259634,0.3201468331260679,-0.8118065817926444,-1.1938598322472171,-0.7842323448911763,-0.3409381390022857,0.4687782805429864,2832.715711441117,-0.7450555859702994,2017-03-10,2021-08-02
SingleAgentDQN,3,RTX,0.04958148147708119,0.16423931096648375,0.3766959447816428,0.4579595874314159,-0.29819039954101245,0.16627457340477478,0.5354545454545454,13742.902869831934,0.23686125828487414,0.00045167118337850043,0.04966506125423442,0.16423947486066695,0.3771806824401219,0.45854935387753676,-0.29819039954101245,0.16655486337146008,0.5354545454545454,13747.710923146607,0.2372939830831946,2017-03-10,2021-08-02
SingleAgentDQN,3,BA,-0.07479509742255874,0.2449224961191512,-0.19425946702651498,-0.22940281796120135,-0.5219804197012374,-0.14329100211339102,0.5031674208144796,7896.697831196947,-0.2892971951922748,0.01038843721770551,-0.0731001069154259,0.24493309556354514,-0.18676934257681174,-0.22052792660517248,-0.5219804197012374,-0.14004377205808935,0.5031674208144796,7960.446564037769,-0.28355980923660074,2017-03-10,2021-08-02
MultiAgentA2C,3,PORTFOLIO,0.12075838763993252,0.12811013099715385,0.9541818403185459,1.1909304753238907,-0.18829186919341523,0.6413361774845856,0.5578661844484629,165005.77073873146,0.6500577073873146,0.019622603633443748,0.13146735037218327,0.12995804784151438,1.0156559644356327,1.2685879534801836,-0.18444183365333788,0.7127848805671645,0.5569620253164557,172044.88255121975,0.7204488255121975,2017-03-10,2021-08-02
MultiAgentA2C,3,NVDA,0.40200018091621437,0.4382854808466963,0.991115734333855,1.3595218389381702,-0.5466124587731682,0.7354391113193329,0.5330316742081448,49023.10293619864,3.412079264257877,0.0984643179765131,0.42661520138961695,0.43816385784118556,1.0310315052320898,1.4141569134568923,-0.5350467587357794,0.7973419040938272,0.5357466063348416,52918.24433385144,3.76264199004663,2017-03-10,2021-08-02
MultiAgentA2C,3,AAPL,0.0,0.0,0.0,0.0,0.0,0.0,0.0,11111.111111111111,0.0,0.0,0.0,0.0,0.0,0.0,0.0,0.0,0.0,11111.111111111111,0.0,2017-03-10,2021-08-02
MultiAgentA2C,3,MSFT,0.0,0.0,0.0,0.0,0.0,0.0,0.0,11111.111111111111,0.0,0.0,0.0,0.0,0.0,0.0,0.0,0.0,0.0,11111.111111111111,0.0,2017-03-10,2021-08-02
MultiAgentA2C,3,JPM,0.08567142183864718,0.1454698817417117,0.6379785719208831,0.8356052328499077,-0.17590818166890398,0.487023520031028,0.5072859744990893,15943.199791936977,0.4348879812743278,0.023938572719060525,0.09029455734371794,0.14528811666521543,0.6678414853590696,0.8751047087061259,-0.17063686641932485,0.52916206936095,0.5100548446069469,16243.598055400358,0.46192382498603224,2017-03-10,2021-08-02
MultiAgentA2C,3,BAC,0.06960237407233327,0.1977709372658678,0.43928736795702117,0.5571743391702474,-0.2806766680937408,0.2479806196398461,0.5182815356489945,14932.314748019058,0.34390832732171517,0.04652213188798555,0.07841675886296584,0.19776489102818584,0.4807970619082494,0.6098540742678905,-0.28042463614446456,0.27963576931439216,0.5196706312900274,15480.48150383074,0.39324333534476663,2017-03-10,2021-08-02
MultiAgentA2C,3,MS,-0.17996506674219304,0.164627216521448,-1.1216169486157868,-1.3454243860055861,-0.606309602904142,-0.2968204130038258,0.4708603145235893,4647.670486556434,-0.5817096562099209,0.01942186088527552,-0.17714805245245213,0.16462586625010295,-1.1008152249806062,-1.3121765466142723,-0.600751802085525,-0.2948772718408471,0.480188679245283,4718.216028165665,-0.5753605574650902,2017-03-10,2021-08-02
MultiAgentA2C,3,CAT,0.2545995582425713,0.2537432495879474,1.0213447394205153,1.3931247303942778,-0.32343952724461544,0.7871627825192161,0.5280289330922242,30093.760180760346,1.708438416268431,0.09123757904245709,0.2749547807242265,0.25369903951138567,1.0849613092873114,1.4795607471520322,-0.2911337282553327,0.9444277802229882,0.5312217194570136,32298.39906414759,1.9068559157732832,2017-03-10,2021-08-02
MultiAgentA2C,3,RTX,0.04958148147708119,0.16423931096648375,0.3766959447816428,0.4579595874314159,-0.29819039954101245,0.16627457340477478,0.5354545454545454,13742.902869831934,0.23686125828487414,0.00045167118337850043,0.04966506125423442,0.16423947486066695,0.3771806824401219,0.45854935387753676,-0.29819039954101245,0.16655486337146008,0.5354545454545454,13747.710923146607,0.2372939830831946,2017-03-10,2021-08-02
MultiAgentA2C,3,BA,0.060810380836442635,0.2454898812306899,0.3629411419059353,0.4729299775277601,-0.5211957751624697,0.11667473861906598,0.5049773755656108,14400.597503205852,0.2960537752885266,0.0013550135501355014,0.061068735072459246,0.24547186813328895,0.36394150942768544,0.47427925327294246,-0.5208509091225586,0.11724801474444484,0.5049773755656108,14416.010420455128,0.2974409378409615,2017-03-10,2021-08-02
MultiAgentPPO,3,PORTFOLIO,0.23827363494762266,0.20415391395841526,1.1499382256935005,1.307841772757627,-0.29618292345638375,0.8044813393258006,0.5922242314647378,255699.67676270005,1.5569967676270005,0.0005520425574626118,0.23842664422933435,0.20417920994340463,1.1504269784377736,1.3084088769944937,-0.29620719329887135,0.8049319855266419,0.5922242314647378,255838.5023266822,1.5583850232668222,2017-03-10,2021-08-02
MultiAgentPPO,3,NVDA,0.6079949975587338,0.47189819977047953,1.245169669132614,1.637147416579903,-0.5603844628577714,1.0849604831264676,0.5520361990950227,89523.42293685276,7.057108064316749,0.0009033423667570009,0.6082444672191156,0.4719066019404706,1.2454851711104542,1.6375913950325238,-0.560384462857771,1.085405659031435,0.5520361990950227,89584.45121298115,7.062600609168303,2017-03-10,2021-08-02
MultiAgentPPO,3,AAPL,0.1988572133797335,0.15763922451035203,1.2297217095375403,1.6268233628227136,-0.2106775235880799,0.9438938240442883,0.5380434782608695,24647.43290201632,1.2182689611814688,0.00045167118337850043,0.19895273204105424,0.15763885566572897,1.2302300129799246,1.627047992272044,-0.21067752358807912,0.9443472120455079,0.5389492753623188,24656.060665671685,1.2190454599104514,2017-03-10,2021-08-02
MultiAgentPPO,3,MSFT,0.42015651139166255,0.28492687241380865,1.374395443654379,1.770859102887427,-0.280392912169278,1.4984562489154751,0.5668789808917197,51873.875578655505,3.6686488020789954,0.0009033423667570009,0.4203836800835943,0.28492390977058324,1.3749690053360843,1.7714678122644034,-0.28039291216927786,1.4992664287812014,0.5668789808917197,51910.336353499864,3.671930271814988,2017-03-10,2021-08-02
MultiAgentPPO,3,JPM,0.08730741414223231,0.15614462534076434,0.613986405882855,0.8142149603971846,-0.23686948761317217,0.36858869000811395,0.5109090909090909,16049.007068928477,0.4444106362035629,0.00045167118337850043,0.08739402578534339,0.1561445654370748,0.6144969044492052,0.8148916262276389,-0.2368694876131724,0.36895434133781346,0.5109090909090909,16054.623725420175,0.4449161352878157,2017-03-10,2021-08-02
MultiAgentPPO,3,BAC,0.07396869142760254,0.17455460912892207,0.49588208618751567,0.657143257944734,-0.2727960322516908,0.27115017332567554,0.5196706312900274,15201.948390380772,0.36817535513426947,0.00045167118337850043,0.0740542949841061,0.174554281840062,0.4963394630710219,0.6577052920602481,-0.27279603225169,0.2714639739179979,0.5196706312900274,15207.271988288472,0.3686544789459625,2017-03-10,2021-08-02
MultiAgentPPO,3,MS,0.0,0.0,0.0,0.0,0.0,0.0,0.0,11111.111111111111,0.0,0.0,0.0,0.0,0.0,0.0,0.0,0.0,0.0,11111.111111111111,0.0,2017-03-10,2021-08-02
MultiAgentPPO,3,CAT,0.12412643353775699,0.16007287009848523,0.8113116123878861,1.0596792172868674,-0.2238687416653744,0.5544607639922047,0.5312217194570136,18577.241644696132,0.6719517480226518,0.00045167118337850043,0.12421585745802655,0.16007341656303395,0.8118065817926444,1.0603293319434632,-0.22386874166537585,0.5548602119883989,0.5312217194570136,18583.73434658996,0.6725360911930964,2017-03-10,2021-08-02
MultiAgentPPO,3,RTX,0.04958148147708119,0.16423931096648375,0.3766959447816428,0.4579595874314159,-0.29819039954101245,0.16627457340477478,0.5354545454545454,13742.902869831934,0.23686125828487414,0.00045167118337850043,0.04966506125423442,0.16423947486066695,0.3771806824401219,0.45854935387753676,-0.29819039954101245,0.16655486337146008,0.5354545454545454,13747.710923146607,0.2372939830831946,2017-03-10,2021-08-02
MultiAgentPPO,3,BA,0.0702607678511038,0.48975652737943753,0.3835669076975508,0.5015783705941977,-0.7792005465221095,0.0901703267081964,0.5049773755656108,14972.73426022702,0.3475460834204318,0.0009033423667570009,0.07043105313002673,0.4897568083534097,0.38389205237846635,0.5020038400580547,-0.7792005465221095,0.09038886515722983,0.5049773755656108,14983.201999973182,0.3484881799975863,2017-03-10,2021-08-02
MultiAgentDQN,3,PORTFOLIO,0.06361882644636685,0.10066547245458951,0.6631288576666401,0.8078796828653454,-0.14085924442298792,0.4516482159688796,0.527124773960217,131119.45676988858,0.31119456769888587,0.03899427883167721,0.075157123522263,0.0998693920864843,0.7756811299732841,0.9396364527958344,-0.13569632470114923,0.5538626317830293,0.5316455696202531,137483.86160692616,0.3748386160692616,2017-03-10,2021-08-02
MultiAgentDQN,3,NVDA,0.151441093617684,0.2987010672059734,0.6246334240097909,0.7065817123716416,-0.526975683222134,0.2873777641725598,0.5429864253393665,20643.5146158875,0.857916315429875,0.07362240289069558,0.16653126129874374,0.29858588321997614,0.6683693819748978,0.7569542582950511,-0.5163710628751528,0.3225030860007881,0.5429864253393665,21858.670266241857,0.9672803239617671,2017-03-10,2021-08-02
MultiAgentDQN,3,AAPL,-0.24273597915623224,0.2593683064690885,-0.9428556188099442,-1.3463728929569168,-0.7120437901998707,-0.3409003526146843,0.4050367261280168,3275.731004726744,-0.705184209574593,0.21770551038843722,-0.21308977217833236,0.25956799286348997,-0.7941796320453609,-1.1305893999953496,-0.6593678059019499,-0.3231728487059611,0.4533799533799534,3877.6777826139496,-0.6510089995647446,2017-03-10,2021-08-02
MultiAgentDQN,3,MSFT,0.42004789238853446,0.2848221321992082,1.3745266815562043,1.7706424253560495,-0.280392912169278,1.4980688675002756,0.565059144676979,51856.44912443382,3.667080421199044,0.006323396567299007,0.4216315013593157,0.28481941816664297,1.3784561104970088,1.773473816555463,-0.2803929121692781,1.5037166884759534,0.5666058394160584,52110.96588016413,3.689986929214771,2017-03-10,2021-08-02
MultiAgentDQN,3,JPM,0.007507747756685168,0.3015410160120196,0.17479481835307892,0.2422644765690021,-0.37348170955047166,0.020102049349944362,0.47774750227066304,11482.255959135873,0.03340303632222863,0.1996386630532972,0.04367632167929281,0.30134958806046774,0.29176767039343987,0.4024222206317478,-0.3692046002204221,0.11829842221147087,0.48363636363636364,13406.47281694771,0.20658255352529387,2017-03-10,2021-08-02
MultiAgentDQN,3,BAC,-0.0448941566308062,0.10391291774967917,-0.3858995034988196,-0.09773638562499318,-0.29628444557920286,-0.15152383900222358,0.35294117647058826,9080.851821996785,-0.18272333602028945,0.03342366757000903,-0.03920688807707273,0.10359025059911318,-0.3301855938135755,-0.05867280447510686,-0.2939247930712239,-0.13339088433949195,0.5636363636363636,9320.796769203773,-0.16112829077166047,2017-03-10,2021-08-02
MultiAgentDQN,3,MS,0.05566022443372609,0.1877299168639811,0.37943163370135186,0.3632007491069749,-0.45913346649579245,0.12122885499621093,0.44418052256532065,14095.995668072816,0.26863961012655335,0.16169828364950317,0.08619584845379769,0.18776021710286522,0.5312853160552153,0.478894164055175,-0.4148696131933368,0.20776611666092026,0.514745308310992,15977.05806166556,0.4379352255499005,2017-03-10,2021-08-02
MultiAgentDQN,3,CAT,-0.16440129857518349,0.17646758226712014,-0.9289655879338681,-1.2302847581021337,-0.5872985912887274,-0.2799279634136916,0.4687782805429864,5047.830664395139,-0.5456952402044375,0.016711833785004515,-0.16192354528818986,0.17641749725846234,-0.9125191454026629,-1.2101670072288895,-0.582620579199588,-0.27792280442727,0.4687782805429864,5113.914687412466,-0.539747678132878,2017-03-10,2021-08-02
MultiAgentDQN,3,RTX,-0.004507879256374747,0.03499140927227357,-0.111702580923879,-0.014777776681486705,-0.042778840548474695,-0.10537637763385989,0.2727272727272727,10892.760245527841,-0.019651577902494277,0.005420054200542005,-0.0035614038259754732,0.03517077312474253,-0.08394848627379194,-0.008929388092867526,-0.04210831636993362,-0.0845772078533732,0.5,10938.327932230957,-0.015550486099213834,2017-03-10,2021-08-02
MultiAgentDQN,3,BA,-0.17612389218645208,0.3117305349374664,-0.4594191392978734,-0.47826922702605484,-0.6597181711657543,-0.2669683811728765,0.4926605504587156,4744.067665712059,-0.5730339100859146,0.036585365853658534,-0.1708093772740772,0.3118355211562185,-0.43856875255958583,-0.455014081248594,-0.6572119445718492,-0.2598999891661336,0.49538745387453875,4879.977410445743,-0.5608020330598831,2017-03-10,2021-08-02
GARL_DDAL,3,PORTFOLIO,0.16580634740230615,0.14507514774117825,1.1302553337641457,1.4184852866529643,-0.19719901470063772,0.8408071797620901,0.5632911392405063,196191.56229646027,0.9619156229646026,0.008782495232359733,0.17060959489253102,0.1444762778740303,1.1628204753478018,1.4591525322343506,-0.19546758464486513,0.8728280712247133,0.5632911392405063,199767.34239771822,0.9976734239771823,2017-03-10,2021-08-02
GARL_DDAL,3,NVDA,0.6215450466190777,0.45185336242663765,1.2973125382114128,1.7796548472121974,-0.46574257547873055,1.3345248627532063,0.5493212669683258,92885.01944492637,7.359651750043373,0.023486901535682024,0.6282882656250703,0.45182321849538337,1.3065688034046634,1.7920530054491037,-0.4646298292820159,1.3522340280992136,0.5493212669683258,94593.83086056642,7.513444777450978,2017-03-10,2021-08-02
GARL_DDAL,3,AAPL,0.0,0.0,0.0,0.0,0.0,0.0,0.0,11111.111111111111,0.0,0.0,0.0,0.0,0.0,0.0,0.0,0.0,0.0,11111.111111111111,0.0,2017-03-10,2021-08-02
GARL_DDAL,3,MSFT,0.007908135626612856,0.013327901445579814,0.5975931548435093,0.5329048416104658,-0.002931302221863219,2.69782336588488,0.3333333333333333,11502.314512239484,0.035208306101553566,0.0027100271002710027,0.008387247093777583,0.013540663826115257,0.6235079432746969,0.0,-0.001882987539600034,4.45422336440905,0.6666666666666666,11526.352501705425,0.03737172515348819,2017-03-10,2021-08-02
GARL_DDAL,3,JPM,0.021170295838296216,0.15621458646329844,0.21217359600662244,0.28165468627164897,-0.2957534817648704,0.07158088456631256,0.5036363636363637,12182.164695091582,0.09639482255824228,0.07091237579042457,0.03402017445725791,0.15623512300282338,0.29221056552828606,0.38756402022175507,-0.28482978061051956,0.1194403702602208,0.5072727272727273,12870.083533616018,0.15830751802544163,2017-03-10,2021-08-02
GARL_DDAL,3,BAC,0.12735265783903738,0.2838654385073378,0.5635447693657706,0.8022732021460243,-0.40165260048978746,0.3170716626351719,0.5161290322580645,18812.59579343266,0.6931336214089394,0.04065040650406504,0.1354676060832407,0.283847246389612,0.5888435308349885,0.8370840021949318,-0.3883155218919735,0.34885962174060814,0.5204460966542751,19414.771316212802,0.7473294184591521,2017-03-10,2021-08-02
GARL_DDAL,3,MS,-0.24667515969250864,0.17467414601034828,-1.5306834254144555,-1.611111774780065,-0.7279141029591902,-0.3388794896124416,0.4631675874769797,3201.535018851228,-0.7118618483033895,0.15492321589882566,-0.2257583529604522,0.1745408387074093,-1.375279084480084,-1.4356891437907056,-0.7076945139572957,-0.31900537379900495,0.4738317757009346,3610.8375957220164,-0.6750246163850185,2017-03-10,2021-08-02
GARL_DDAL,3,CAT,0.12412643353775699,0.16007287009848523,0.8113116123878861,1.0596792172868674,-0.2238687416653744,0.5544607639922047,0.5312217194570136,18577.241644696132,0.6719517480226518,0.00045167118337850043,0.12421585745802655,0.16007341656303395,0.8118065817926444,1.0603293319434632,-0.22386874166537585,0.5548602119883989,0.5312217194570136,18583.73434658996,0.6725360911930964,2017-03-10,2021-08-02
GARL_DDAL,3,RTX,0.011233174572542248,0.1841646232396483,0.1536264750291239,0.16588520122960984,-0.38545350562589187,0.029142748499075236,0.5345454545454545,11669.939282609517,0.05029453543485651,0.009485094850948509,0.012931451093244117,0.18414418831157717,0.16272972228902666,0.17560197496505822,-0.3845646536974814,0.03362620815228815,0.5355191256830601,11756.278870890761,0.05806509838016849,2017-03-10,2021-08-02
GARL_DDAL,3,BA,0.09038687524426803,0.2805665194916571,0.4438722266705128,0.6483218798402666,-0.5348319609233922,0.1690005120266453,0.5049773755656108,16249.640793502176,0.46246767141519585,0.0040650406504065045,0.09116042392892298,0.28060878799913463,0.44636078506235405,0.6524993614409983,-0.53433332211018,0.17060591237116524,0.5049773755656108,16300.34226130372,0.4670308035173347,2017-03-10,2021-08-02
GARL_DDAL_SECTOR,3,PORTFOLIO,0.13852255914671407,0.143251233882848,0.977536111657007,1.1684544081523607,-0.18402210237821393,0.7527495738637617,0.5723327305605787,176807.53815530782,0.7680753815530781,0.009786208973200846,0.14600379772076866,0.14392541025471967,1.019155850082433,1.2191508278959757,-0.18101323407876946,0.8065918409989506,0.5732368896925859,181968.36482911164,0.8196836482911165,2017-03-10,2021-08-02
GARL_DDAL_SECTOR,3,NVDA,0.5440558166496317,0.4376829997639799,1.2128516238588585,1.6369864546865809,-0.4648285931319248,1.1704439543701242,0.5502262443438914,74907.80634558821,5.741702571102938,0.06052393857271906,0.5605878097478043,0.4377110905786142,1.237165270469948,1.6696388273708345,-0.4620445778265172,1.2132764600005477,0.551131221719457,78495.54068639221,6.064598661775299,2017-03-10,2021-08-02
GARL_DDAL_SECTOR,3,AAPL,-0.01244999186212381,0.0244672429191813,-0.49973651984939027,-0.0991797906068897,-0.05354735336342886,-0.23250433644451154,0.2,10516.140518184124,-0.05354735336342886,0.013550135501355014,-0.010084945394745692,0.024408202724016673,-0.40301742145984143,-0.08730253631324915,-0.04354986861852728,-0.23157234946181415,0.42857142857142855,10627.223682016363,-0.04354986861852728,2017-03-10,2021-08-02
GARL_DDAL_SECTOR,3,MSFT,0.0,0.0,0.0,0.0,0.0,0.0,0.0,11111.111111111111,0.0,0.0,0.0,0.0,0.0,0.0,0.0,0.0,0.0,11111.111111111111,0.0,2017-03-10,2021-08-02
GARL_DDAL_SECTOR,3,JPM,-0.024197679211546363,0.1561842292570663,-0.07898806096532388,-0.1081604984118579,-0.40029635652714646,-0.060449411584652724,0.48319709355131696,9977.588824759145,-0.10201700577167694,0.12240289069557363,-0.00290859615406569,0.15626052520592387,0.05922916542180555,0.08080147137070888,-0.3810748156257445,-0.007632611851532684,0.4918181818181818,10969.842792562471,-0.01271414866937759,2017-03-10,2021-08-02
GARL_DDAL_SECTOR,3,BAC,0.17417231001073974,0.30781991068170056,0.6742248063529227,0.976302011917858,-0.30365878128254464,0.5735790326072542,0.5143918291550603,22494.66227950194,1.0245196051551746,0.015356820234869015,0.17738188366533358,0.3077493742684348,0.683181771726316,0.9882495339539052,-0.30072055668144326,0.5898561961403798,0.5182413470533208,22766.028432333183,1.0489425589099866,2017-03-10,2021-08-02
GARL_DDAL_SECTOR,3,MS,-0.2141042112435868,0.21704265471023487,-1.0000131253086932,-1.126305531386634,-0.6713393768477989,-0.3189209789077022,0.47675478577939834,3855.7664022984145,-0.6529810237931427,0.026648599819331528,-0.21037479105635248,0.21693059000010737,-0.9788600605098726,-1.1005211646060022,-0.664549901281678,-0.31656733474885046,0.47893772893772896,3936.793354208884,-0.6456885981212004,2017-03-10,2021-08-02
GARL_DDAL_SECTOR,3,CAT,0.118530037425574,0.16019948057220432,0.7796285554091553,1.0192126381085838,-0.2238687416653744,0.5294622042533549,0.530316742081448,18174.382877473305,0.6356944589725975,0.0031616982836495033,0.11915725238876629,0.1601801139614079,0.7832046693590563,1.0239988728508393,-0.22386874166537585,0.5322639127836554,0.530316742081448,18219.194289868174,0.6397274860881357,2017-03-10,2021-08-02
GARL_DDAL_SECTOR,3,RTX,0.017104484483702498,0.17809938016232865,0.18514801885491358,0.2005590977402904,-0.39691032829609685,0.04309407758959217,0.5345454545454545,11970.530116371563,0.07734771047344058,0.004968383017163505,0.018021409771640684,0.17797395282804254,0.19020294612031086,0.2061570923934287,-0.3955760568304503,0.045557382608131226,0.5354545454545454,12018.008180020097,0.08162073620180865,2017-03-10,2021-08-02
GARL_DDAL_SECTOR,3,BA,0.05056475849215336,0.24693901284449185,0.3230059798584694,0.4170053425228848,-0.5211957751624697,0.09701682343144678,0.5049773755656108,13799.549680020024,0.24195947120180206,0.002258355916892502,0.05099897472743553,0.2468814759326363,0.3246948823925969,0.41934978488159863,-0.5208509091225586,0.097914727293747,0.5049773755656108,13824.622300599169,0.2442160070539252,2017-03-10,2021-08-02
ARIMAX,4,NVDA,0.005792199218281002,0.18554396202678364,0.12296589841423032,0.1821288741670825,-0.3278370903168627,0.017667919187187447,0.46357012750455373,102571.89859489293,0.025718985948929296,0.42462558516728377,0.08398155902312432,0.18573877542396897,0.5261127246392826,0.7805306174303984,-0.24715859644488836,0.3397881369740283,0.48996350364963503,142555.88569277167,0.42555885692771667,2021-08-03,2025-12-30
ARIMAX,4,AAPL,-0.034194727401933744,0.12261090173454119,-0.22389638660701192,-0.3242462603705001,-0.28301106983841295,-0.12082469926514694,0.45901639344262296,85814.77861552555,-0.14185221384474456,0.2842930536806717,0.015490530996885132,0.12251437026605302,0.18526118008026332,0.26412058691605905,-0.23526211944526498,0.06584371097825245,0.5013698630136987,106992.33622025684,0.06992336220256834,2021-08-03,2025-12-30
ARIMAX,4,MSFT,0.004379038722195583,0.10123721354026387,0.09344063854792412,0.13210539184027012,-0.12875578857087033,0.034010422139469504,0.45901639344262296,101939.75694405637,0.0193975694405637,0.3069536397372626,0.06027233084889527,0.10109069270442975,0.6292002777509974,0.873580436122384,-0.10062969977567504,0.5989517109089572,0.5186873290793071,129346.89068204288,0.2934689068204288,2021-08-03,2025-12-30
ARIMAX,4,JPM,-0.10795419607851009,0.09551797086777164,-1.1477147716562852,-1.3028354477301947,-0.4243313763912323,-0.2544101192719169,0.4307832422586521,60514.71353052894,-0.3948528646947106,0.37110761823981797,-0.04757953564525341,0.09550546188822986,-0.4624238383115459,-0.5113452132689761,-0.2722564919439632,-0.17475996735845112,0.495897903372835,80707.43988267126,-0.1929256011732874,2021-08-03,2025-12-30
ARIMAX,4,BAC,-0.18386594489773556,0.10190663580689861,-1.9414861892201942,-2.0466685955551185,-0.6049139134493664,-0.30395390287733204,0.412568306010929,40928.961284543366,-0.5907103871545664,0.3540181638202779,-0.13120019694942475,0.10151920784440935,-1.3337527428169869,-1.369952415588774,-0.5007840928057623,-0.26198954566297095,0.46562786434463793,53881.6202056289,-0.461183797943711,2021-08-03,2025-12-30
ARIMAX,4,MS,-0.1864248774501236,0.10972274387056495,-1.8244799360310775,-2.051737168500442,-0.5977123731089438,-0.31189730351482003,0.42531876138433516,40367.71408120011,-0.596322859187999,0.3676019795916822,-0.13184959924738393,0.1094256907705373,-1.2368389412497134,-1.364969668967667,-0.497105491633955,-0.2652346463001293,0.4785388127853881,53704.763060659934,-0.4629523693934007,2021-08-03,2025-12-30
ARIMAX,4,CAT,-0.15730955524317802,0.10616494099851399,-1.5583179191369763,-1.789863350481262,-0.5425398063860064,-0.28995025506249283,0.41530054644808745,47116.76670122041,-0.528832332987796,0.4072375695151148,-0.09446394204839803,0.10571196708639843,-0.8854439592741374,-1.00095950004118,-0.3868538286873924,-0.24418510311483088,0.470856102003643,64643.08880982301,-0.3535691119017699,2021-08-03,2025-12-30
ARIMAX,4,RTX,-0.08468182355839549,0.08700474520163384,-0.9731368463175486,-1.089885835558571,-0.338621501382126,-0.2500781055330392,0.4207650273224044,67770.26359121736,-0.3222973640878264,0.3759797747925561,-0.02189544922746789,0.08694414693179381,-0.21099397411034473,-0.22802844728873922,-0.13596361580043004,-0.16103903311608336,0.48760330578512395,90724.74429918962,-0.09275255700810381,2021-08-03,2025-12-30
ARIMAX,4,BA,0.023764627228751722,0.14988528227536027,0.23145111187084114,0.29465206458086024,-0.22992716146504188,0.10335719832893642,0.47540983606557374,110878.70529055608,0.10878705290556079,0.2826279169080229,0.07609557981434012,0.14986582811763002,0.564149151545884,0.7027181013338556,-0.17980590174945665,0.42320957807253995,0.5182481751824818,138051.97214120103,0.3805197214120102,2021-08-03,2025-12-30
SingleAgentA2C,4,PORTFOLIO,0.16706713260175698,0.1754548251779151,0.9684249312835554,1.3270121993559048,-0.19985029075789484,0.8359614187609442,0.5338753387533876,197246.21880541436,0.9724621880541435,0.0004512635379061372,0.16720269409968647,0.1754941777890975,0.968909314534361,1.3277108078213855,-0.19988638321392338,0.8364886662676866,0.5338753387533876,197346.97554463657,0.9734697554463658,2021-08-03,2025-12-30
SingleAgentA2C,4,NVDA,0.6678389990792202,0.5342210029774923,1.2224009300008332,1.9822580944108141,-0.6633509538627573,1.0067657175893523,0.534841628959276,105324.738169192,8.47922643522728,0.0009025270758122744,0.6680986261230324,0.5342270350480607,1.2226851390684013,1.9827413583508084,-0.6633509538627578,1.0071571047461807,0.534841628959276,105396.84563489373,8.485716107140435,2021-08-03,2025-12-30
SingleAgentA2C,4,AAPL,0.0860104823087735,0.14012840536942642,0.6587118563278865,0.9590615718922344,-0.17961426791635338,0.47886219344684083,0.5335144927536232,15970.312238102737,0.4373281014292463,0.0004512635379061372,0.0860970709498865,0.1401273064420167,0.6592850976656405,0.9598046163897925,-0.17961426791635327,0.47934427453158723,0.5335144927536232,15975.911597501945,0.43783204377517504,2021-08-03,2025-12-30
SingleAgentA2C,4,MSFT,0.13721196211233333,0.26264249236875126,0.6205745176025312,0.9170263392383845,-0.3714849422003056,0.3693607641257995,0.523508137432188,19556.10953648432,0.7600498582835888,0.0009025270758122744,0.13739347634913557,0.26264059873461415,0.6211851654537665,0.9178303538101574,-0.37148494220030437,0.36984938214548985,0.523508137432188,19569.837581262334,0.7612853823136101,2021-08-03,2025-12-30
SingleAgentA2C,4,JPM,-0.22599363918226645,0.24526512990243315,-0.9210232903402261,-1.3276961554496198,-0.7588640138742173,-0.2978051865030527,0.4620253164556962,3602.355867346258,-0.6757879719388368,0.0009025270758122744,-0.22587167674676412,0.24527249634594891,-0.9203465310431539,-1.326760424276379,-0.7588640138742171,-0.29764446938737393,0.4620253164556962,3604.8523216345448,-0.675563291052891,2021-08-03,2025-12-30
SingleAgentA2C,4,BAC,-0.07810918629545649,0.13553274791024372,-0.5322305640140426,-0.7508500930025557,-0.38232796696261484,-0.20429890838483766,0.4918181818181818,7770.686064039033,-0.30063825423648705,0.0004512635379061372,-0.0780360510081517,0.13553494805368693,-0.531634600590348,-0.7500215062049955,-0.38232796696261584,-0.2041076189850953,0.4918181818181818,7773.396908398113,-0.30039427824416987,2021-08-03,2025-12-30
SingleAgentA2C,4,MS,0.0,0.0,0.0,0.0,0.0,0.0,0.0,11111.111111111111,0.0,0.0,0.0,0.0,0.0,0.0,0.0,0.0,0.0,11111.111111111111,0.0,2021-08-03,2025-12-30
SingleAgentA2C,4,CAT,0.0,0.0,0.0,0.0,0.0,0.0,0.0,11111.111111111111,0.0,0.0,0.0,0.0,0.0,0.0,0.0,0.0,0.0,11111.111111111111,0.0,2021-08-03,2025-12-30
SingleAgentA2C,4,RTX,0.0,0.0,0.0,0.0,0.0,0.0,0.0,11111.111111111111,0.0,0.0,0.0,0.0,0.0,0.0,0.0,0.0,0.0,11111.111111111111,0.0,2021-08-03,2025-12-30
SingleAgentA2C,4,BA,0.01159216068797364,0.1842221147483587,0.15460293589142243,0.2153202437849151,-0.29028214841779343,0.039934114967653575,0.5049773755656108,11688.683596916633,0.05198152372249698,0.0004512635379061372,0.011673138514500803,0.18421966801939302,0.1550370977831899,0.21591677659068761,-0.290282148417794,0.040213077442502666,0.5049773755656108,11692.798167612551,0.05235183508512953,2021-08-03,2025-12-30
SingleAgentPPO,4,PORTFOLIO,0.1265424075743482,0.12593035683504952,1.0092344092824812,1.4332930258567524,-0.16943188115746044,0.7468630266623011,0.5401987353206865,168859.27483852918,0.6885927483852918,0.0005014039310068191,0.12665741984714285,0.12594987395912666,1.009908430781199,1.434132137608837,-0.1694649949728928,0.7473957667033398,0.5401987353206865,168935.08651227807,0.6893508651227807,2021-08-03,2025-12-30
SingleAgentPPO,4,NVDA,0.33767954700356406,0.26711050148874615,1.2224009300008332,1.9822580944108141,-0.3934170565707794,0.8583246236117684,0.534841628959276,39930.574141011886,2.5937516726910697,0.0004512635379061372,0.3377848333281861,0.26711351752403034,1.2226851390684013,1.9827413583508084,-0.3934170565707791,0.8585922437437985,0.534841628959276,39944.39460770904,2.5949955146938133,2021-08-03,2025-12-30
SingleAgentPPO,4,AAPL,0.0860104823087735,0.14012840536942642,0.6587118563278865,0.9590615718922344,-0.17961426791635338,0.47886219344684083,0.5335144927536232,15970.312238102737,0.4373281014292463,0.0004512635379061372,0.0860970709498865,0.1401273064420167,0.6592850976656405,0.9598046163897925,-0.17961426791635327,0.47934427453158723,0.5335144927536232,15975.911597501945,0.43783204377517504,2021-08-03,2025-12-30
SingleAgentPPO,4,MSFT,0.13721196211233333,0.26264249236875126,0.6205745176025312,0.9170263392383845,-0.3714849422003056,0.3693607641257995,0.523508137432188,19556.10953648432,0.7600498582835888,0.0009025270758122744,0.13739347634913557,0.26264059873461415,0.6211851654537665,0.9178303538101574,-0.37148494220030437,0.36984938214548985,0.523508137432188,19569.837581262334,0.7612853823136101,2021-08-03,2025-12-30
SingleAgentPPO,4,JPM,0.0,0.0,0.0,0.0,0.0,0.0,0.0,11111.111111111111,0.0,0.0,0.0,0.0,0.0,0.0,0.0,0.0,0.0,11111.111111111111,0.0,2021-08-03,2025-12-30
SingleAgentPPO,4,BAC,0.0,0.0,0.0,0.0,0.0,0.0,0.0,11111.111111111111,0.0,0.0,0.0,0.0,0.0,0.0,0.0,0.0,0.0,11111.111111111111,0.0,2021-08-03,2025-12-30
SingleAgentPPO,4,MS,0.18853740249446926,0.28440933939951185,0.7493064225273433,1.085120580027301,-0.32377399683460106,0.5823117493613392,0.5289855072463768,23745.20420431801,1.137068378388621,0.0009025270758122744,0.18872731549064103,0.28440687149416144,0.749872706290659,1.08584223688517,-0.32377399683460073,0.5828983097337863,0.5289855072463768,23761.891071933456,1.138570196474011,2021-08-03,2025-12-30
SingleAgentPPO,4,CAT,0.0,0.0,0.0,0.0,0.0,0.0,0.0,11111.111111111111,0.0,0.0,0.0,0.0,0.0,0.0,0.0,0.0,0.0,11111.111111111111,0.0,2021-08-03,2025-12-30
SingleAgentPPO,4,RTX,0.2104771553683471,0.23674926062423013,0.9259153477350535,1.2318849967841277,-0.32836238588284683,0.6409904557199836,0.5245901639344263,25733.75524347943,1.3160379719131488,0.0009025270758122744,0.21067478534688666,0.23673198867833448,0.926655417283497,1.2329761559529127,-0.32836238588284805,0.6415923211803268,0.5245901639344263,25752.23341684538,1.3177010075160842,2021-08-03,2025-12-30
SingleAgentPPO,4,BA,-0.010865862915309665,0.3684442294967174,0.15460293589142243,0.2153202437849151,-0.516221980237674,-0.021048818785877558,0.5049773755656108,10589.986141799487,-0.04690124723804623,0.0009025270758122744,-0.010706608535325235,0.36843933603878604,0.1550370977831899,0.21591677659068761,-0.5162219802376733,-0.020740318981372734,0.5049773755656108,10597.48490369259,-0.04622635866766689,2021-08-03,2025-12-30
SingleAgentDQN,4,PORTFOLIO,0.053454326137831965,0.10056618656979997,0.5680885132645006,0.7741071884213976,-0.14444869684829487,0.37005751733414105,0.5239385727190605,125729.54164540504,0.2572954164540504,0.0006016847172081828,0.053572918441218365,0.10057455476855728,0.5691690618282335,0.7755566471548424,-0.1444678985216511,0.3708292221969956,0.5239385727190605,125791.78605919823,0.2579178605919823,2021-08-03,2025-12-30
SingleAgentDQN,4,NVDA,-0.3043319277386006,0.2671166378280715,-1.2229688643328491,-1.6755493351035222,-0.8283783527748353,-0.36738276262190334,0.465158371040724,2253.3409931415304,-0.7971993106172622,0.0004512635379061372,-0.3042758894667513,0.26711351752403034,-1.2226851390684013,-1.6751339132953225,-0.8283783527748354,-0.3673151144612994,0.465158371040724,2254.1391866945964,-0.7971274731974863,2021-08-03,2025-12-30
SingleAgentDQN,4,AAPL,0.1566602528151957,0.28025681073885284,0.6587118563278865,0.9590615718922344,-0.3336052192612389,0.46959772740401434,0.5335144927536232,21069.89684307911,0.8962907158771198,0.0009025270758122744,0.1568449932361906,0.2802546128840334,0.6592850976656405,0.9598046163897925,-0.333605219261239,0.4701514969805335,0.5335144927536232,21084.69731473444,0.8976227583260996,2021-08-03,2025-12-30
SingleAgentDQN,4,MSFT,0.13721196211233333,0.26264249236875126,0.6205745176025312,0.9170263392383845,-0.3714849422003056,0.3693607641257995,0.523508137432188,19556.10953648432,0.7600498582835888,0.0009025270758122744,0.13739347634913557,0.26264059873461415,0.6211851654537665,0.9178303538101574,-0.37148494220030437,0.36984938214548985,0.523508137432188,19569.837581262334,0.7612853823136101,2021-08-03,2025-12-30
SingleAgentDQN,4,JPM,0.11099907912868723,0.12264015846122372,0.9196681096406036,1.27979784508386,-0.20976636311153496,0.529155759208486,0.5379746835443038,17650.322423065976,0.5885290180759379,0.0004512635379061372,0.11108801688774639,0.12263624817297446,0.9203465310431539,1.2807039274448169,-0.20976636311153563,0.5295797440540044,0.5379746835443038,17656.535738373143,0.5890882164535829,2021-08-03,2025-12-30
SingleAgentDQN,4,BAC,0.06480434011749558,0.1355373537212204,0.5310378512665319,0.7844899718105545,-0.2555929915990863,0.25354505893160506,0.5081818181818182,14643.945211778035,0.317955069060023,0.0004512635379061372,0.06488942890015492,0.13553494805368693,0.531634600590348,0.7853240247369311,-0.255592991599086,0.2538779662704451,0.5081818181818182,14649.09108112312,0.3184181973010809,2021-08-03,2025-12-30
SingleAgentDQN,4,MS,0.10125157941812968,0.14220466969975593,0.7493064225273433,1.085120580027301,-0.17297353639269142,0.5853587868393019,0.5289855072463768,16979.516223566723,0.5281564601210051,0.0004512635379061372,0.10133940198964675,0.14220343574708072,0.749872706290659,1.08584223688517,-0.17297353639269175,0.5858665094270941,0.5289855072463768,16985.470691486535,0.528692362233788,2021-08-03,2025-12-30
SingleAgentDQN,4,CAT,-0.14626950435575803,0.14860536265494498,-0.9893543913732826,-1.3610002975361526,-0.5531993077201698,-0.264406520967208,0.4715447154471545,5543.537852430124,-0.5010815932812889,0.0004512635379061372,-0.1462021731089308,0.14861069863184706,-0.988783220784298,-1.360263410905457,-0.5531993077201696,-0.26428480851043606,0.4715447154471545,5545.460414065762,-0.5009085627340815,2021-08-03,2025-12-30
SingleAgentDQN,4,RTX,0.108015848320826,0.11837463031211506,0.9259153477350535,1.2318849967841277,-0.177126131167041,0.6098244658150429,0.5245901639344263,17442.88642005974,0.5698597778053767,0.0004512635379061372,0.10810516016660077,0.11836599433916724,0.926655417283497,1.2329761559529127,-0.1771261311670398,0.6103286931991507,0.5245901639344263,17449.069147765716,0.5704162232989145,2021-08-03,2025-12-30
SingleAgentDQN,4,BA,-0.010865862915309665,0.3684442294967174,0.15460293589142243,0.2153202437849151,-0.516221980237674,-0.021048818785877558,0.5049773755656108,10589.986141799487,-0.04690124723804623,0.0009025270758122744,-0.010706608535325235,0.36843933603878604,0.1550370977831899,0.21591677659068761,-0.5162219802376733,-0.020740318981372734,0.5049773755656108,10597.48490369259,-0.04622635866766689,2021-08-03,2025-12-30
MultiAgentA2C,4,PORTFOLIO,0.13816443356460573,0.11616137883696083,1.1724020842814242,1.7087981349293613,-0.1397204326309638,0.988863482333555,0.5474254742547425,176654.05726626696,0.7665405726626695,0.02075812274368232,0.14140048876046118,0.11549602057106835,1.2030871300558184,1.7521470955600398,-0.1374135213707377,1.0290143746405185,0.5465221318879856,178873.12540526956,0.7887312540526956,2021-08-03,2025-12-30
MultiAgentA2C,4,NVDA,0.33767954700356406,0.26711050148874615,1.2224009300008332,1.9822580944108141,-0.3934170565707794,0.8583246236117684,0.534841628959276,39930.574141011886,2.5937516726910697,0.0004512635379061372,0.3377848333281861,0.26711351752403034,1.2226851390684013,1.9827413583508084,-0.3934170565707791,0.8585922437437985,0.534841628959276,39944.39460770904,2.5949955146938133,2021-08-03,2025-12-30
MultiAgentA2C,4,AAPL,0.03241777188725048,0.11193280905701233,0.34096965204378243,0.4099015416954508,-0.18641160038493654,0.17390426250463156,0.49035187287173665,12784.318473619518,0.15058866262575665,0.07265342960288809,0.04573183156337346,0.1119388993889079,0.4554427122003123,0.5365999994975307,-0.1778059129342633,0.2572008478721458,0.5411471321695761,13525.249386256733,0.21727244476310603,2021-08-03,2025-12-30
MultiAgentA2C,4,MSFT,0.13721196211233333,0.26264249236875126,0.6205745176025312,0.9170263392383845,-0.3714849422003056,0.3693607641257995,0.523508137432188,19556.10953648432,0.7600498582835888,0.0009025270758122744,0.13739347634913557,0.26264059873461415,0.6211851654537665,0.9178303538101574,-0.37148494220030437,0.36984938214548985,0.523508137432188,19569.837581262334,0.7612853823136101,2021-08-03,2025-12-30
MultiAgentA2C,4,JPM,0.11026211811018749,0.12263249739983999,0.9143046464550945,1.2724419710612118,-0.20976636311153496,0.5256425123391207,0.5370705244122965,17598.902267880356,0.583901204109232,0.0013537906137184115,0.110527043937511,0.12263350591268794,0.9162444635915825,1.274967204506748,-0.20976636311153563,0.5269054690085954,0.5375565610859728,17617.37365795595,0.5855636292160356,2021-08-03,2025-12-30
MultiAgentA2C,4,BAC,0.0,0.0,0.0,0.0,0.0,0.0,0.0,11111.111111111111,0.0,0.0,0.0,0.0,0.0,0.0,0.0,0.0,0.0,11111.111111111111,0.0,2021-08-03,2025-12-30
MultiAgentA2C,4,MS,0.040606086224177274,0.1576146067023664,0.331448990433734,0.3140678235760488,-0.20961089530743027,0.19372125749771496,0.45107794361525705,13236.17816814413,0.19125603513297174,0.12951263537906138,0.06464336508024293,0.15766092301624093,0.4762577163286108,0.418976883862997,-0.18339665743060463,0.3524784256479882,0.5374015748031497,14634.213829682987,0.31707924467146875,2021-08-03,2025-12-30
MultiAgentA2C,4,CAT,0.28360623782555083,0.29723244377359137,0.9882108459195353,1.4965302077818354,-0.34047145309090854,0.8329809599333009,0.5284552845528455,33305.29355103925,1.9974764195935322,0.0009025270758122744,0.28381466345583806,0.2972213972636941,0.988783220784298,1.4974251483724108,-0.3404714530909084,0.8335931276448526,0.5284552845528455,33329.07791591312,1.9996170124321808,2021-08-03,2025-12-30
MultiAgentA2C,4,RTX,0.108015848320826,0.11837463031211506,0.9259153477350535,1.2318849967841277,-0.177126131167041,0.6098244658150429,0.5245901639344263,17442.88642005974,0.5698597778053767,0.0004512635379061372,0.10810516016660077,0.11836599433916724,0.926655417283497,1.2329761559529127,-0.1771261311670398,0.6103286931991507,0.5245901639344263,17449.069147765716,0.5704162232989145,2021-08-03,2025-12-30
MultiAgentA2C,4,BA,0.01159216068797364,0.1842221147483587,0.15460293589142243,0.2153202437849151,-0.29028214841779343,0.039934114967653575,0.5049773755656108,11688.683596916633,0.05198152372249698,0.0004512635379061372,0.011673138514500803,0.18421966801939302,0.1550370977831899,0.21591677659068761,-0.290282148417794,0.040213077442502666,0.5049773755656108,11692.798167612551,0.05235183508512953,2021-08-03,2025-12-30
MultiAgentPPO,4,PORTFOLIO,0.2386927758465418,0.21336088399703154,1.110074307037282,1.6145531356025944,-0.27433552230475766,0.8700760799812846,0.5411020776874436,256297.71742687922,1.5629771742687923,0.0007019655034095467,0.23886330105516507,0.21337335273545666,1.110667577698349,1.6152804556878269,-0.2743581590884535,0.8706258339419575,0.5411020776874436,256452.88840069345,1.5645288840069345,2021-08-03,2025-12-30
MultiAgentPPO,4,NVDA,0.6678389990792202,0.5342210029774923,1.2224009300008332,1.9822580944108141,-0.6633509538627573,1.0067657175893523,0.534841628959276,105324.738169192,8.47922643522728,0.0009025270758122744,0.6680986261230324,0.5342270350480607,1.2226851390684013,1.9827413583508084,-0.6633509538627578,1.0071571047461807,0.534841628959276,105396.84563489373,8.485716107140435,2021-08-03,2025-12-30
MultiAgentPPO,4,AAPL,0.1566602528151957,0.28025681073885284,0.6587118563278865,0.9590615718922344,-0.3336052192612389,0.46959772740401434,0.5335144927536232,21069.89684307911,0.8962907158771198,0.0009025270758122744,0.1568449932361906,0.2802546128840334,0.6592850976656405,0.9598046163897925,-0.333605219261239,0.4701514969805335,0.5335144927536232,21084.69731473444,0.8976227583260996,2021-08-03,2025-12-30
MultiAgentPPO,4,MSFT,0.13721196211233333,0.26264249236875126,0.6205745176025312,0.9170263392383845,-0.3714849422003056,0.3693607641257995,0.523508137432188,19556.10953648432,0.7600498582835888,0.0009025270758122744,0.13739347634913557,0.26264059873461415,0.6211851654537665,0.9178303538101574,-0.37148494220030437,0.36984938214548985,0.523508137432188,19569.837581262334,0.7612853823136101,2021-08-03,2025-12-30
MultiAgentPPO,4,JPM,0.21590445802176594,0.24528031692244745,0.9196681096406036,1.27979784508386,-0.3877158940270127,0.5568625412264466,0.5379746835443038,26244.93804513615,1.3620444240622533,0.0009025270758122744,0.21610023401004286,0.24527249634594891,0.9203465310431539,1.2807039274448169,-0.38771589402701234,0.5573674882541365,0.5379746835443038,26263.523085534947,1.363717077698145,2021-08-03,2025-12-30
MultiAgentPPO,4,BAC,0.11316380932388914,0.2710747074424408,0.5310378512665319,0.7844899718105545,-0.4664294641121913,0.2426171973061067,0.5081818181818182,17802.034096500407,0.6021830686850367,0.0009025270758122744,0.11334240532404527,0.27106989610737386,0.531634600590348,0.7853240247369311,-0.4664294641121908,0.24300009764559577,0.5081818181818182,17814.595548391666,0.6033135993552499,2021-08-03,2025-12-30
MultiAgentPPO,4,MS,0.10125157941812968,0.14220466969975593,0.7493064225273433,1.085120580027301,-0.17297353639269142,0.5853587868393019,0.5289855072463768,16979.516223566723,0.5281564601210051,0.0004512635379061372,0.10133940198964675,0.14220343574708072,0.749872706290659,1.08584223688517,-0.17297353639269175,0.5858665094270941,0.5289855072463768,16985.470691486535,0.528692362233788,2021-08-03,2025-12-30
MultiAgentPPO,4,CAT,0.1454786157165977,0.14861622188679569,0.9882108459195353,1.4965302077818354,-0.18403583391016398,0.7904907029552312,0.5284552845528455,20188.914495944122,0.817002304634971,0.0004512635379061372,0.145570697761775,0.14861069863184706,0.988783220784298,1.4974251483724108,-0.1840358339101652,0.7909910514103113,0.5284552845528455,20196.05122901154,0.8176446106110387,2021-08-03,2025-12-30
MultiAgentPPO,4,RTX,0.108015848320826,0.11837463031211506,0.9259153477350535,1.2318849967841277,-0.177126131167041,0.6098244658150429,0.5245901639344263,17442.88642005974,0.5698597778053767,0.0004512635379061372,0.10810516016660077,0.11836599433916724,0.926655417283497,1.2329761559529127,-0.1771261311670398,0.6103286931991507,0.5245901639344263,17449.069147765716,0.5704162232989145,2021-08-03,2025-12-30
MultiAgentPPO,4,BA,0.01159216068797364,0.1842221147483587,0.15460293589142243,0.2153202437849151,-0.29028214841779343,0.039934114967653575,0.5049773755656108,11688.683596916633,0.05198152372249698,0.0004512635379061372,0.011673138514500803,0.18421966801939302,0.1550370977831899,0.21591677659068761,-0.290282148417794,0.040213077442502666,0.5049773755656108,11692.798167612551,0.05235183508512953,2021-08-03,2025-12-30
MultiAgentDQN,4,PORTFOLIO,-0.008574040373326208,0.07169358221656792,-0.08412873160279206,-0.10194100385575292,-0.16390714744679657,-0.05231035074970906,0.5076784101174345,96284.66683849272,-0.03715333161507284,0.043822703569995985,0.007089369650276733,0.07180736740203572,0.1344192682819984,0.16217570520083582,-0.1319927843394011,0.053710281859403804,0.5140018066847335,103154.81681109827,0.0315481681109826,2021-08-03,2025-12-30
MultiAgentDQN,4,NVDA,-0.4232547142562014,0.48009172541845957,-0.9000236729986903,-1.1460426817584832,-0.940536779942038,-0.4500139954997668,0.4542910447761194,988.2028589268726,-0.9110617426965815,0.2364620938628159,-0.3986731105403001,0.4802418161542947,-0.8128863243441005,-1.028254679266678,-0.9326299496733153,-0.42747191496471737,0.4836471754212091,1187.2590119203014,-0.8931466889271729,2021-08-03,2025-12-30
MultiAgentDQN,4,AAPL,0.10911531016833842,0.2690680323111834,0.5195078135410462,0.7293832212157042,-0.4161154241847105,0.2622236615768969,0.532608695652174,17519.11602058791,0.5767204418529119,0.021660649819494584,0.11340897558850149,0.26890993847269234,0.5340222254467409,0.7500355523500086,-0.4131656094852244,0.2744879365196953,0.532608695652174,17819.279482982874,0.6037351534684587,2021-08-03,2025-12-30
MultiAgentDQN,4,MSFT,0.11795210186166383,0.17821240572428823,0.7152008773862384,0.9155120192344544,-0.21165342822707944,0.5572888795125727,0.5082116788321168,18141.192513485206,0.6327073262136684,0.1953971119133574,0.15712229535333333,0.17831984647821073,0.9080633629663061,1.1533934285633243,-0.19175887596736718,0.8193743030704447,0.5291353383458647,21106.9284382588,0.899623559443292,2021-08-03,2025-12-30
MultiAgentDQN,4,JPM,0.05992570285406207,0.14026504390396724,0.485143287058295,0.6120159687736003,-0.2508554039674574,0.23888543721320835,0.5220183486238532,14351.229704127769,0.29161067337149915,0.06543321299638989,0.07223850132461451,0.14020371143910784,0.5676815714402631,0.714280882782386,-0.24314941774360777,0.29709510306451725,0.5322128851540616,15098.83630410695,0.3588952673696255,2021-08-03,2025-12-30
MultiAgentDQN,4,BAC,-0.15071388587850787,0.2628202804389256,-0.48989595312835055,-0.6893120477582904,-0.6010488824567197,-0.2507514617820797,0.49727272727272726,5417.7681889065825,-0.5124008629984076,0.05144404332129964,-0.14295201944774794,0.26275994523619756,-0.4554722464933882,-0.6413130317055433,-0.5965147032731516,-0.23964542477050796,0.49818181818181817,5638.878938267606,-0.4925008955559155,2021-08-03,2025-12-30
MultiAgentDQN,4,MS,0.08618500459724165,0.15974465487548892,0.5971524602868499,0.8760663995271382,-0.31132462116500825,0.27683324330317544,0.5163043478260869,15981.59948545076,0.43834395369056844,0.056407942238267145,0.09701877990419083,0.1599063431257857,0.6587748342449293,0.9711949610494524,-0.2966910100038965,0.3270027625808974,0.5181159420289855,16694.43406312262,0.5024990656810358,2021-08-03,2025-12-30
MultiAgentDQN,4,CAT,-0.25560019295685066,0.25971352102320144,-1.0052341683384427,-1.3541166591427596,-0.8087748968271237,-0.3160337863595752,0.4670280036133695,3034.6734362522984,-0.7268793907372931,0.07220216606498195,-0.2460575761262831,0.25976922009777265,-0.9559887161561105,-1.2867559562378468,-0.8020154469595762,-0.3067990486456118,0.46973803071364045,3209.481610838991,-0.7111466550244908,2021-08-03,2025-12-30
MultiAgentDQN,4,RTX,0.06746352177575443,0.12329337941384091,0.59129549878516,0.762293229568864,-0.19583056765124074,0.3444994445193143,0.5193014705882353,14805.424692681296,0.3324882223413166,0.07355595667870037,0.08140415939305923,0.12327371586589311,0.6966455941748586,0.8953413515687938,-0.17354979742930388,0.46905361227067693,0.5289179104477612,15674.617399074785,0.41071556591673053,2021-08-03,2025-12-30
MultiAgentDQN,4,BA,-0.12927292907626653,0.20034610208896622,-0.5892637715363082,-0.39824669834561205,-0.5012234546684293,-0.2579147641081232,0.3592233009708738,6045.459938074026,-0.4559086055733377,0.1371841155234657,-0.1079166474080252,0.20027690119657152,-0.4686382762587394,-0.28840330719436397,-0.4627359918192222,-0.2332142934975872,0.4808510638297872,6725.10156252534,-0.3947408593727194,2021-08-03,2025-12-30
GARL_DDAL,4,PORTFOLIO,0.20438126931468603,0.1907581111169455,1.0705488208770835,1.5135301297792143,-0.22556355193388955,0.9060917314096391,0.5347786811201445,226519.2808775405,1.2651928087754052,0.03213999197753711,0.20796941758490894,0.18931888233939165,1.0929715810879828,1.545217606995645,-0.22337036345004757,0.9310519729329144,0.5365853658536586,229501.55785633385,1.2950155785633384,2021-08-03,2025-12-30
GARL_DDAL,4,NVDA,0.6678389990792202,0.5342210029774923,1.2224009300008332,1.9822580944108141,-0.6633509538627573,1.0067657175893523,0.534841628959276,105324.738169192,8.47922643522728,0.0009025270758122744,0.6680986261230324,0.5342270350480607,1.2226851390684013,1.9827413583508084,-0.6633509538627578,1.0071571047461807,0.534841628959276,105396.84563489373,8.485716107140435,2021-08-03,2025-12-30
GARL_DDAL,4,AAPL,0.02146133579677234,0.05439638635413366,0.4176010654194383,0.12857111513611227,-0.05933876767582624,0.36167478087879773,0.38596491228070173,12198.451878006297,0.09786066902056678,0.026173285198555957,0.026181625736144687,0.05451553702603889,0.5013792011701824,0.12358305084968448,-0.05867984356632272,0.44617749715970156,0.5641025641025641,12448.255347565946,0.12034298128093512,2021-08-03,2025-12-30
GARL_DDAL,4,MSFT,0.1357082912109262,0.2626217579686601,0.6155615952046799,0.9095469063954817,-0.3714849422003056,0.3653130337050161,0.523508137432188,19442.671763783914,0.7498404587405523,0.0018050541516245488,0.13606868619172818,0.26262538809740016,0.6167655038854024,0.9112473183018538,-0.37148494220030437,0.36628318064736004,0.523508137432188,19469.813721179904,0.7522832349061914,2021-08-03,2025-12-30
GARL_DDAL,4,JPM,0.0752923318494727,0.11215612660269328,0.7033488103784714,0.89953625898207,-0.2341575320099648,0.32154563298979666,0.501460564751704,15288.828914712924,0.37599460232416315,0.057310469314079425,0.08622538291909154,0.11206969374538095,0.7940991184633547,0.9955840383891522,-0.22551461895877822,0.3823494162693402,0.5363070539419087,15984.21183534388,0.43857906518094913,2021-08-03,2025-12-30
GARL_DDAL,4,BAC,-0.006887933166280891,0.023265730425102264,-0.28540968597377453,-0.042375700204126954,-0.0654321306424469,-0.10526836125694758,0.2857142857142857,10778.52562966016,-0.02993269333058557,0.007220216606498195,-0.005618181866048122,0.023096497861666287,-0.23235637876077012,-0.03204644521148522,-0.06082483053253196,-0.09236658477894576,0.4,10839.249857862906,-0.024467512792338497,2021-08-03,2025-12-30
GARL_DDAL,4,MS,-0.010618103421452862,0.1466946655667529,0.00022211313918633565,0.00016563848203076908,-0.2788395911815601,-0.038079611924761156,0.4161676646706587,10601.65408970453,-0.04585113192659229,0.1263537906137184,0.011684551503548857,0.1467119585379671,0.15214432210823742,0.10603469333227235,-0.26350227621352473,0.04434326591577703,0.5361216730038023,11693.378163849258,0.05240403474643318,2021-08-03,2025-12-30
GARL_DDAL,4,CAT,0.28360623782555083,0.29723244377359137,0.9882108459195353,1.4965302077818354,-0.34047145309090854,0.8329809599333009,0.5284552845528455,33305.29355103925,1.9974764195935322,0.0009025270758122744,0.28381466345583806,0.2972213972636941,0.988783220784298,1.4974251483724108,-0.3404714530909084,0.8335931276448526,0.5284552845528455,33329.07791591312,1.9996170124321808,2021-08-03,2025-12-30
GARL_DDAL,4,RTX,0.0,0.0,0.0,0.0,0.0,0.0,0.0,11111.111111111111,0.0,0.0,0.0,0.0,0.0,0.0,0.0,0.0,0.0,11111.111111111111,0.0,2021-08-03,2025-12-30
GARL_DDAL,4,BA,-0.05991345944368576,0.3237380053641831,-0.028614875881646865,-0.0371551097779805,-0.5067638352467676,-0.11822757520672528,0.46464646464646464,8468.00577033033,-0.23787948067027032,0.11101083032490974,-0.041318119344230686,0.32373127820482517,0.03187392853994633,0.04088281577525454,-0.4991026904864413,-0.0827848058762431,0.4951560818083961,9229.614268613965,-0.16933471582474324,2021-08-03,2025-12-30
GARL_DDAL_SECTOR,4,PORTFOLIO,0.199150690569601,0.1749049804675671,1.1261545853579298,1.5645669838105185,-0.21395664468992448,0.9307992787894905,0.5356820234869015,222225.63682700487,1.222256368270049,0.03339350180505416,0.20281108529028113,0.1731755463052187,1.1532798842450342,1.6017613766052106,-0.21049503379218926,0.9634958204786243,0.5392953929539296,225223.68591962586,1.2522368591962585,2021-08-03,2025-12-30
GARL_DDAL_SECTOR,4,NVDA,0.6678389990792202,0.5342210029774923,1.2224009300008332,1.9822580944108141,-0.6633509538627573,1.0067657175893523,0.534841628959276,105324.738169192,8.47922643522728,0.0009025270758122744,0.6680986261230324,0.5342270350480607,1.2226851390684013,1.9827413583508084,-0.6633509538627578,1.0071571047461807,0.534841628959276,105396.84563489373,8.485716107140435,2021-08-03,2025-12-30
GARL_DDAL_SECTOR,4,AAPL,-0.0110223805044658,0.14571736936394028,-0.002632973281023396,-0.0018568334195329763,-0.2735179244582687,-0.04029856736554577,0.42406876790830944,10582.620241225331,-0.04756417828972015,0.12545126353790614,0.011121299870865409,0.14565075782868625,0.14930188673338607,0.098356503715869,-0.2538549746812554,0.04380965897883034,0.5285714285714286,11664.780807855079,0.04983027270695706,2021-08-03,2025-12-30
GARL_DDAL_SECTOR,4,MSFT,0.13721196211233333,0.26264249236875126,0.6205745176025312,0.9170263392383845,-0.3714849422003056,0.3693607641257995,0.523508137432188,19556.10953648432,0.7600498582835888,0.0009025270758122744,0.13739347634913557,0.26264059873461415,0.6211851654537665,0.9178303538101574,-0.37148494220030437,0.36984938214548985,0.523508137432188,19569.837581262334,0.7612853823136101,2021-08-03,2025-12-30
GARL_DDAL_SECTOR,4,JPM,0.0032803258792479806,0.03467250949711543,0.11177912869375231,0.05882471579695336,-0.06200346861956907,0.05290552209868899,0.39080459770114945,11272.262073601132,0.014503586624101894,0.04422382671480144,0.011135090889892396,0.03474073193002235,0.33611110892034896,0.1533535112359796,-0.0593654099220714,0.18756866843014072,0.544,11665.48035817741,0.04989323223596687,2021-08-03,2025-12-30
GARL_DDAL_SECTOR,4,BAC,-0.0016193046959942503,0.03307576698820143,-0.032489377446212886,-0.0054111546642015935,-0.05767665287646395,-0.028075566372802438,0.4,11032.219509803133,-0.007100244117718035,0.005415162454873646,-0.0006671919812559768,0.033148974533028445,-0.0036012100719439036,-0.0006228673041028981,-0.05636294725804103,-0.011837421811911934,0.5,11078.553286192142,-0.0029302042427072905,2021-08-03,2025-12-30
GARL_DDAL_SECTOR,4,MS,-0.024767427989136115,0.13680767493404103,-0.11330572546788986,-0.06909507238342547,-0.28184695572030527,-0.08787544973064891,0.4148606811145511,9951.032363687833,-0.104407087268095,0.12906137184115524,-0.002300375675796551,0.1367563775306311,0.05312610107105024,0.027979731812613158,-0.26244498985867426,-0.008765172758814315,0.5378486055776892,10999.167709731018,-0.01007490612420836,2021-08-03,2025-12-30
GARL_DDAL_SECTOR,4,CAT,0.2745499166440466,0.2962511306597087,0.9665739457804374,1.458950266528537,-0.3467727413202545,0.7917286566376679,0.5240690281562216,32284.432710788846,1.905598943970996,0.013537906137184115,0.2776114783781234,0.29620497587944944,0.9747868349915262,1.4707311402112555,-0.34493863734603647,0.8048140982815687,0.5274223034734917,32626.798319291876,1.936411848736269,2021-08-03,2025-12-30
GARL_DDAL_SECTOR,4,RTX,0.0,0.0,0.0,0.0,0.0,0.0,0.0,11111.111111111111,0.0,0.0,0.0,0.0,0.0,0.0,0.0,0.0,0.0,11111.111111111111,0.0,2021-08-03,2025-12-30
GARL_DDAL_SECTOR,4,BA,0.0,0.0,0.0,0.0,0.0,0.0,0.0,11111.111111111111,0.0,0.0,0.0,0.0,0.0,0.0,0.0,0.0,0.0,11111.111111111111,0.0,2021-08-03,2025-12-30
